activation_scale,energy_scope,excluded,baseline_checkpoint,cmm_crosssim_checkpoint,crosssim_only_checkpoint,vread_v,pulse_ns,sample_limit,processed_images,crosssim_only_processed_images,activation_vectors_per_tile,token_vectors_seen_per_layer_sum,crosssim_only_token_vectors_seen_per_layer_sum,r_on_ohm,r_off_ohm,tile_shape,adc_resolution,dac_resolution,read_noise_std,write_noise_std,digital_reference_scope,digital_mac_energy_pj,digital_mac_model,tile_rank,tile_id,layer_name,group,polarity,core_row,core_col,row_start,row_end,col_start,col_end,g_raw_min,g_raw_max,g_raw_mean,r_min_ohm,r_max_ohm,r_mean_ohm,tile_total_energy_j,tile_total_read_current_a,tile_mean_vector_power_w,tile_mean_vector_read_current_a,vector_count,nonzero_vector_count
per_vector,crossbar_core_read_only,"adc,dac,sense,digital_bias,layernorm,softmax,residual,encoder",checkpoints\caption_transformer_epoch_10.pt,checkpoints\caption_transformer_array-128x128_cmm_crosssim.pt,checkpoints\caption_transformer_crosssim_decoder.pt,0.1,10.0,200,200,200,9800,76192,76192,1000.0,100000.0,128x128,10,0,0.0001,0.0001,same_decoder_mapped_linear_mac_only,0.9,configurable_reference,,layers.0.cross_attn.k_proj|r0c0|neg,layers.0.cross_attn.k_proj,cross_attn,neg,0,0,0,128,0,128,0.009999999776482582,0.9369531869888306,0.11034853466395589,1066.5714942237764,50251.25684018647,29404.36649364415,2.515566992299694e-07,552.5617561516001,0.002566905094183366,0.056383852668530625,9800,9800
per_vector,crossbar_core_read_only,"adc,dac,sense,digital_bias,layernorm,softmax,residual,encoder",checkpoints\caption_transformer_epoch_10.pt,checkpoints\caption_transformer_array-128x128_cmm_crosssim.pt,checkpoints\caption_transformer_crosssim_decoder.pt,0.1,10.0,200,200,200,9800,76192,76192,1000.0,100000.0,128x128,10,0,0.0001,0.0001,same_decoder_mapped_linear_mac_only,0.9,configurable_reference,,layers.0.cross_attn.k_proj|r0c0|pos,layers.0.cross_attn.k_proj,cross_attn,pos,0,0,0,128,0,128,0.009999999776482582,1.0,0.1113767968225261,1000.0,50251.25684018647,29261.59328689229,2.542812102505795e-07,557.9129594851355,0.0025947062270467434,0.05692989382501382,9800,9800
per_vector,crossbar_core_read_only,"adc,dac,sense,digital_bias,layernorm,softmax,residual,encoder",checkpoints\caption_transformer_epoch_10.pt,checkpoints\caption_transformer_array-128x128_cmm_crosssim.pt,checkpoints\caption_transformer_crosssim_decoder.pt,0.1,10.0,200,200,200,9800,76192,76192,1000.0,100000.0,128x128,10,0,0.0001,0.0001,same_decoder_mapped_linear_mac_only,0.9,configurable_reference,,layers.0.cross_attn.k_proj|r0c1|neg,layers.0.cross_attn.k_proj,cross_attn,neg,0,1,0,128,128,256,0.009999999776482582,0.930789053440094,0.10931057471589156,1073.5590152790282,50251.25684018647,29537.60994623767,2.493974975846683e-07,547.524730880038,0.002544872424333326,0.055869870497963055,9800,9800
per_vector,crossbar_core_read_only,"adc,dac,sense,digital_bias,layernorm,softmax,residual,encoder",checkpoints\caption_transformer_epoch_10.pt,checkpoints\caption_transformer_array-128x128_cmm_crosssim.pt,checkpoints\caption_transformer_crosssim_decoder.pt,0.1,10.0,200,200,200,9800,76192,76192,1000.0,100000.0,128x128,10,0,0.0001,0.0001,same_decoder_mapped_linear_mac_only,0.9,configurable_reference,,layers.0.cross_attn.k_proj|r0c1|pos,layers.0.cross_attn.k_proj,cross_attn,pos,0,1,0,128,128,256,0.009999999776482582,0.9039799571037292,0.11161702110763372,1105.0454460176543,50251.25684018647,29053.112919814586,2.538952177742065e-07,557.6822432466578,0.0025907675283082334,0.056906351351699774,9800,9800
per_vector,crossbar_core_read_only,"adc,dac,sense,digital_bias,layernorm,softmax,residual,encoder",checkpoints\caption_transformer_epoch_10.pt,checkpoints\caption_transformer_array-128x128_cmm_crosssim.pt,checkpoints\caption_transformer_crosssim_decoder.pt,0.1,10.0,200,200,200,9800,76192,76192,1000.0,100000.0,128x128,10,0,0.0001,0.0001,same_decoder_mapped_linear_mac_only,0.9,configurable_reference,,layers.0.cross_attn.k_proj|r1c0|neg,layers.0.cross_attn.k_proj,cross_attn,neg,1,0,128,256,0,128,0.009999999776482582,0.8472555875778198,0.11402795108102737,1178.1573884608968,50251.25684018647,29320.728476278193,2.595129061117949e-07,569.7153330492481,0.002648090878691816,0.05813421765808654,9800,9800
per_vector,crossbar_core_read_only,"adc,dac,sense,digital_bias,layernorm,softmax,residual,encoder",checkpoints\caption_transformer_epoch_10.pt,checkpoints\caption_transformer_array-128x128_cmm_crosssim.pt,checkpoints\caption_transformer_crosssim_decoder.pt,0.1,10.0,200,200,200,9800,76192,76192,1000.0,100000.0,128x128,10,0,0.0001,0.0001,same_decoder_mapped_linear_mac_only,0.9,configurable_reference,,layers.0.cross_attn.k_proj|r1c0|pos,layers.0.cross_attn.k_proj,cross_attn,pos,1,0,128,256,0,128,0.009999999776482582,0.9303709268569946,0.11383506812211408,1074.0363113525996,50251.25684018647,29163.14361225374,2.589923929383239e-07,568.7621548514433,0.0026427795197788316,0.05803695457667788,9800,9800
per_vector,crossbar_core_read_only,"adc,dac,sense,digital_bias,layernorm,softmax,residual,encoder",checkpoints\caption_transformer_epoch_10.pt,checkpoints\caption_transformer_array-128x128_cmm_crosssim.pt,checkpoints\caption_transformer_crosssim_decoder.pt,0.1,10.0,200,200,200,9800,76192,76192,1000.0,100000.0,128x128,10,0,0.0001,0.0001,same_decoder_mapped_linear_mac_only,0.9,configurable_reference,,layers.0.cross_attn.k_proj|r1c1|neg,layers.0.cross_attn.k_proj,cross_attn,neg,1,1,128,256,128,256,0.009999999776482582,0.8297969698905945,0.11373039546816699,1202.6472668872318,50251.25684018647,29295.85996468827,2.585847453919247e-07,567.6907187568304,0.002638619850938015,0.057927624362941875,9800,9800
per_vector,crossbar_core_read_only,"adc,dac,sense,digital_bias,layernorm,softmax,residual,encoder",checkpoints\caption_transformer_epoch_10.pt,checkpoints\caption_transformer_array-128x128_cmm_crosssim.pt,checkpoints\caption_transformer_crosssim_decoder.pt,0.1,10.0,200,200,200,9800,76192,76192,1000.0,100000.0,128x128,10,0,0.0001,0.0001,same_decoder_mapped_linear_mac_only,0.9,configurable_reference,,layers.0.cross_attn.k_proj|r1c1|pos,layers.0.cross_attn.k_proj,cross_attn,pos,1,1,128,256,128,256,0.009999999776482582,0.9517184495925903,0.11475257466378253,1050.1981426148213,50251.25684018647,29126.615082538236,2.6040096705615144e-07,572.0263337777927,0.0026571527250627584,0.058370034058958443,9800,9800
per_vector,crossbar_core_read_only,"adc,dac,sense,digital_bias,layernorm,softmax,residual,encoder",checkpoints\caption_transformer_epoch_10.pt,checkpoints\caption_transformer_array-128x128_cmm_crosssim.pt,checkpoints\caption_transformer_crosssim_decoder.pt,0.1,10.0,200,200,200,9800,76192,76192,1000.0,100000.0,128x128,10,0,0.0001,0.0001,same_decoder_mapped_linear_mac_only,0.9,configurable_reference,,layers.0.cross_attn.o_proj|r0c0|neg,layers.0.cross_attn.o_proj,cross_attn,neg,0,0,0,128,0,128,0.009999999776482582,0.8896468877792358,0.11578427088005583,1122.6489247496434,50251.25684018647,29091.930321130643,4.55381518242372e-08,107.84173698587722,0.0020927459478050116,0.049559621776597985,2176,2176
per_vector,crossbar_core_read_only,"adc,dac,sense,digital_bias,layernorm,softmax,residual,encoder",checkpoints\caption_transformer_epoch_10.pt,checkpoints\caption_transformer_array-128x128_cmm_crosssim.pt,checkpoints\caption_transformer_crosssim_decoder.pt,0.1,10.0,200,200,200,9800,76192,76192,1000.0,100000.0,128x128,10,0,0.0001,0.0001,same_decoder_mapped_linear_mac_only,0.9,configurable_reference,,layers.0.cross_attn.o_proj|r0c0|pos,layers.0.cross_attn.o_proj,cross_attn,pos,0,0,0,128,0,128,0.009999999776482582,0.8693723082542419,0.11378834017415329,1148.5294539577978,50251.25684018647,29377.88157295858,4.502813279808172e-08,106.42268716654455,0.00206930757344126,0.04890748491109584,2176,2176
per_vector,crossbar_core_read_only,"adc,dac,sense,digital_bias,layernorm,softmax,residual,encoder",checkpoints\caption_transformer_epoch_10.pt,checkpoints\caption_transformer_array-128x128_cmm_crosssim.pt,checkpoints\caption_transformer_crosssim_decoder.pt,0.1,10.0,200,200,200,9800,76192,76192,1000.0,100000.0,128x128,10,0,0.0001,0.0001,same_decoder_mapped_linear_mac_only,0.9,configurable_reference,,layers.0.cross_attn.o_proj|r0c1|neg,layers.0.cross_attn.o_proj,cross_attn,neg,0,1,0,128,128,256,0.009999999776482582,0.922309935092926,0.1150587096267941,1083.3216998443909,50251.25684018647,29332.586134700134,4.838955931233918e-08,112.51698308552979,0.0022237848948685325,0.05170817237386479,2176,2176
per_vector,crossbar_core_read_only,"adc,dac,sense,digital_bias,layernorm,softmax,residual,encoder",checkpoints\caption_transformer_epoch_10.pt,checkpoints\caption_transformer_array-128x128_cmm_crosssim.pt,checkpoints\caption_transformer_crosssim_decoder.pt,0.1,10.0,200,200,200,9800,76192,76192,1000.0,100000.0,128x128,10,0,0.0001,0.0001,same_decoder_mapped_linear_mac_only,0.9,configurable_reference,,layers.0.cross_attn.o_proj|r0c1|pos,layers.0.cross_attn.o_proj,cross_attn,pos,0,1,0,128,128,256,0.009999999776482582,0.9603977203369141,0.11681017427611096,1040.806111766077,50251.25684018647,29024.77791383805,4.896521873113818e-08,114.02233874181904,0.0022502398313942232,0.05239997184826243,2176,2176
per_vector,crossbar_core_read_only,"adc,dac,sense,digital_bias,layernorm,softmax,residual,encoder",checkpoints\caption_transformer_epoch_10.pt,checkpoints\caption_transformer_array-128x128_cmm_crosssim.pt,checkpoints\caption_transformer_crosssim_decoder.pt,0.1,10.0,200,200,200,9800,76192,76192,1000.0,100000.0,128x128,10,0,0.0001,0.0001,same_decoder_mapped_linear_mac_only,0.9,configurable_reference,,layers.0.cross_attn.o_proj|r1c0|neg,layers.0.cross_attn.o_proj,cross_attn,neg,1,0,128,256,0,128,0.009999999776482582,0.9907199144363403,0.11636887217258618,1009.2724735625902,50251.25684018647,29165.041362332297,4.579603500985794e-08,108.38132906796253,0.0021045971971442117,0.0498075960790269,2176,2176
per_vector,crossbar_core_read_only,"adc,dac,sense,digital_bias,layernorm,softmax,residual,encoder",checkpoints\caption_transformer_epoch_10.pt,checkpoints\caption_transformer_array-128x128_cmm_crosssim.pt,checkpoints\caption_transformer_crosssim_decoder.pt,0.1,10.0,200,200,200,9800,76192,76192,1000.0,100000.0,128x128,10,0,0.0001,0.0001,same_decoder_mapped_linear_mac_only,0.9,configurable_reference,,layers.0.cross_attn.o_proj|r1c0|pos,layers.0.cross_attn.o_proj,cross_attn,pos,1,0,128,256,0,128,0.009999999776482582,1.0,0.11650450136772861,1000.0,50251.25684018647,29228.471479587242,4.5430793874679496e-08,107.96946834476815,0.0020878122185054933,0.049618321849617716,2176,2176
per_vector,crossbar_core_read_only,"adc,dac,sense,digital_bias,layernorm,softmax,residual,encoder",checkpoints\caption_transformer_epoch_10.pt,checkpoints\caption_transformer_array-128x128_cmm_crosssim.pt,checkpoints\caption_transformer_crosssim_decoder.pt,0.1,10.0,200,200,200,9800,76192,76192,1000.0,100000.0,128x128,10,0,0.0001,0.0001,same_decoder_mapped_linear_mac_only,0.9,configurable_reference,,layers.0.cross_attn.o_proj|r1c1|neg,layers.0.cross_attn.o_proj,cross_attn,neg,1,1,128,256,128,256,0.009999999776482582,0.9454185366630554,0.11856055993939663,1057.1222886248518,50251.25684018647,28950.073934034175,4.968278734765157e-08,115.62661840432162,0.002283216330314869,0.05313723272257427,2176,2176
per_vector,crossbar_core_read_only,"adc,dac,sense,digital_bias,layernorm,softmax,residual,encoder",checkpoints\caption_transformer_epoch_10.pt,checkpoints\caption_transformer_array-128x128_cmm_crosssim.pt,checkpoints\caption_transformer_crosssim_decoder.pt,0.1,10.0,200,200,200,9800,76192,76192,1000.0,100000.0,128x128,10,0,0.0001,0.0001,same_decoder_mapped_linear_mac_only,0.9,configurable_reference,,layers.0.cross_attn.o_proj|r1c1|pos,layers.0.cross_attn.o_proj,cross_attn,pos,1,1,128,256,128,256,0.009999999776482582,0.9500221014022827,0.11665819517531872,1052.0536356212335,50251.25684018647,29278.461210235408,4.9021383162156324e-08,114.03311414746571,0.002252820917378505,0.05240492378100446,2176,2176
per_vector,crossbar_core_read_only,"adc,dac,sense,digital_bias,layernorm,softmax,residual,encoder",checkpoints\caption_transformer_epoch_10.pt,checkpoints\caption_transformer_array-128x128_cmm_crosssim.pt,checkpoints\caption_transformer_crosssim_decoder.pt,0.1,10.0,200,200,200,9800,76192,76192,1000.0,100000.0,128x128,10,0,0.0001,0.0001,same_decoder_mapped_linear_mac_only,0.9,configurable_reference,,layers.0.cross_attn.q_proj|r0c0|neg,layers.0.cross_attn.q_proj,cross_attn,neg,0,0,0,128,0,128,0.009999999776482582,0.8793412446975708,0.10275168586559857,1135.6566484799544,50251.25684018647,29464.517456881113,5.0300596731369756e-08,112.0961977173758,0.002311608305669581,0.05151479674511755,2176,2176
per_vector,crossbar_core_read_only,"adc,dac,sense,digital_bias,layernorm,softmax,residual,encoder",checkpoints\caption_transformer_epoch_10.pt,checkpoints\caption_transformer_array-128x128_cmm_crosssim.pt,checkpoints\caption_transformer_crosssim_decoder.pt,0.1,10.0,200,200,200,9800,76192,76192,1000.0,100000.0,128x128,10,0,0.0001,0.0001,same_decoder_mapped_linear_mac_only,0.9,configurable_reference,,layers.0.cross_attn.q_proj|r0c0|pos,layers.0.cross_attn.q_proj,cross_attn,pos,0,0,0,128,0,128,0.009999999776482582,0.944595456123352,0.10267933275684982,1058.0336744051879,50251.25684018647,29731.798320263668,5.0436882743908525e-08,112.2618872996,0.0023178714496281585,0.05159094085459559,2176,2176
per_vector,crossbar_core_read_only,"adc,dac,sense,digital_bias,layernorm,softmax,residual,encoder",checkpoints\caption_transformer_epoch_10.pt,checkpoints\caption_transformer_array-128x128_cmm_crosssim.pt,checkpoints\caption_transformer_crosssim_decoder.pt,0.1,10.0,200,200,200,9800,76192,76192,1000.0,100000.0,128x128,10,0,0.0001,0.0001,same_decoder_mapped_linear_mac_only,0.9,configurable_reference,,layers.0.cross_attn.q_proj|r0c1|neg,layers.0.cross_attn.q_proj,cross_attn,neg,0,1,0,128,128,256,0.009999999776482582,0.8409496545791626,0.10447245037016728,1186.8870468253601,50251.25684018647,29544.073256136686,4.541067499201741e-08,105.01315671858069,0.0020868876375008,0.048259722756700686,2176,2176
per_vector,crossbar_core_read_only,"adc,dac,sense,digital_bias,layernorm,softmax,residual,encoder",checkpoints\caption_transformer_epoch_10.pt,checkpoints\caption_transformer_array-128x128_cmm_crosssim.pt,checkpoints\caption_transformer_crosssim_decoder.pt,0.1,10.0,200,200,200,9800,76192,76192,1000.0,100000.0,128x128,10,0,0.0001,0.0001,same_decoder_mapped_linear_mac_only,0.9,configurable_reference,,layers.0.cross_attn.q_proj|r0c1|pos,layers.0.cross_attn.q_proj,cross_attn,pos,0,1,0,128,128,256,0.009999999776482582,0.8422547578811646,0.10408527357179764,1185.0697185897784,50251.25684018647,29598.65099543678,4.5195395263088446e-08,104.56373357586702,0.0020769942676051754,0.0480531863859683,2176,2176
per_vector,crossbar_core_read_only,"adc,dac,sense,digital_bias,layernorm,softmax,residual,encoder",checkpoints\caption_transformer_epoch_10.pt,checkpoints\caption_transformer_array-128x128_cmm_crosssim.pt,checkpoints\caption_transformer_crosssim_decoder.pt,0.1,10.0,200,200,200,9800,76192,76192,1000.0,100000.0,128x128,10,0,0.0001,0.0001,same_decoder_mapped_linear_mac_only,0.9,configurable_reference,,layers.0.cross_attn.q_proj|r1c0|neg,layers.0.cross_attn.q_proj,cross_attn,neg,1,0,128,256,0,128,0.009999999776482582,0.9098021984100342,0.10525467449247117,1098.0514044906529,50251.25684018647,29818.462829681393,5.122804856850732e-08,114.36551099671085,0.0023542301731850628,0.05255767968598844,2176,2176
per_vector,crossbar_core_read_only,"adc,dac,sense,digital_bias,layernorm,softmax,residual,encoder",checkpoints\caption_transformer_epoch_10.pt,checkpoints\caption_transformer_array-128x128_cmm_crosssim.pt,checkpoints\caption_transformer_crosssim_decoder.pt,0.1,10.0,200,200,200,9800,76192,76192,1000.0,100000.0,128x128,10,0,0.0001,0.0001,same_decoder_mapped_linear_mac_only,0.9,configurable_reference,,layers.0.cross_attn.q_proj|r1c0|pos,layers.0.cross_attn.q_proj,cross_attn,pos,1,0,128,256,0,128,0.009999999776482582,0.8783500790596008,0.10647858985117864,1136.9235993118443,50251.25684018647,29182.025387465532,5.181200121128528e-08,115.58219306409167,0.0023810662321362766,0.053116816665483305,2176,2176
per_vector,crossbar_core_read_only,"adc,dac,sense,digital_bias,layernorm,softmax,residual,encoder",checkpoints\caption_transformer_epoch_10.pt,checkpoints\caption_transformer_array-128x128_cmm_crosssim.pt,checkpoints\caption_transformer_crosssim_decoder.pt,0.1,10.0,200,200,200,9800,76192,76192,1000.0,100000.0,128x128,10,0,0.0001,0.0001,same_decoder_mapped_linear_mac_only,0.9,configurable_reference,,layers.0.cross_attn.q_proj|r1c1|neg,layers.0.cross_attn.q_proj,cross_attn,neg,1,1,128,256,128,256,0.009999999776482582,1.0,0.1078208549661781,1000.0,50251.25684018647,29498.288861249835,4.649598558236384e-08,107.72046165883802,0.0021367640433071593,0.04950388862998071,2176,2176
per_vector,crossbar_core_read_only,"adc,dac,sense,digital_bias,layernorm,softmax,residual,encoder",checkpoints\caption_transformer_epoch_10.pt,checkpoints\caption_transformer_array-128x128_cmm_crosssim.pt,checkpoints\caption_transformer_crosssim_decoder.pt,0.1,10.0,200,200,200,9800,76192,76192,1000.0,100000.0,128x128,10,0,0.0001,0.0001,same_decoder_mapped_linear_mac_only,0.9,configurable_reference,,layers.0.cross_attn.q_proj|r1c1|pos,layers.0.cross_attn.q_proj,cross_attn,pos,1,1,128,256,128,256,0.009999999776482582,0.955290675163269,0.10672492793463562,1046.3121088768146,50251.25684018647,29498.711924915136,4.6340428004420355e-08,107.14422515757789,0.0021296152575560816,0.049239074061386896,2176,2176
per_vector,crossbar_core_read_only,"adc,dac,sense,digital_bias,layernorm,softmax,residual,encoder",checkpoints\caption_transformer_epoch_10.pt,checkpoints\caption_transformer_array-128x128_cmm_crosssim.pt,checkpoints\caption_transformer_crosssim_decoder.pt,0.1,10.0,200,200,200,9800,76192,76192,1000.0,100000.0,128x128,10,0,0.0001,0.0001,same_decoder_mapped_linear_mac_only,0.9,configurable_reference,,layers.0.cross_attn.v_proj|r0c0|neg,layers.0.cross_attn.v_proj,cross_attn,neg,0,0,0,128,0,128,0.009999999776482582,0.8864555358886719,0.11787566467182842,1126.6450673069257,50251.25684018647,29072.87127387597,2.6700711116626554e-07,586.8094701445457,0.002724562358839426,0.05987851736168834,9800,9800
per_vector,crossbar_core_read_only,"adc,dac,sense,digital_bias,layernorm,softmax,residual,encoder",checkpoints\caption_transformer_epoch_10.pt,checkpoints\caption_transformer_array-128x128_cmm_crosssim.pt,checkpoints\caption_transformer_crosssim_decoder.pt,0.1,10.0,200,200,200,9800,76192,76192,1000.0,100000.0,128x128,10,0,0.0001,0.0001,same_decoder_mapped_linear_mac_only,0.9,configurable_reference,,layers.0.cross_attn.v_proj|r0c0|pos,layers.0.cross_attn.v_proj,cross_attn,pos,0,0,0,128,0,128,0.009999999776482582,0.8399014472961426,0.11617716526450295,1188.3506939428216,50251.25684018647,29131.04073697907,2.6355272568825565e-07,579.1501305623246,0.0026893135274311934,0.05909695209819639,9800,9800
per_vector,crossbar_core_read_only,"adc,dac,sense,digital_bias,layernorm,softmax,residual,encoder",checkpoints\caption_transformer_epoch_10.pt,checkpoints\caption_transformer_array-128x128_cmm_crosssim.pt,checkpoints\caption_transformer_crosssim_decoder.pt,0.1,10.0,200,200,200,9800,76192,76192,1000.0,100000.0,128x128,10,0,0.0001,0.0001,same_decoder_mapped_linear_mac_only,0.9,configurable_reference,,layers.0.cross_attn.v_proj|r0c1|neg,layers.0.cross_attn.v_proj,cross_attn,neg,0,1,0,128,128,256,0.009999999776482582,0.8772382140159607,0.11505644851598618,1138.348201733339,50251.25684018647,29313.238674260705,2.608263638792823e-07,573.2220833581919,0.002661493508972258,0.058492049322264476,9800,9800
per_vector,crossbar_core_read_only,"adc,dac,sense,digital_bias,layernorm,softmax,residual,encoder",checkpoints\caption_transformer_epoch_10.pt,checkpoints\caption_transformer_array-128x128_cmm_crosssim.pt,checkpoints\caption_transformer_crosssim_decoder.pt,0.1,10.0,200,200,200,9800,76192,76192,1000.0,100000.0,128x128,10,0,0.0001,0.0001,same_decoder_mapped_linear_mac_only,0.9,configurable_reference,,layers.0.cross_attn.v_proj|r0c1|pos,layers.0.cross_attn.v_proj,cross_attn,pos,0,1,0,128,128,256,0.009999999776482582,0.8947249054908752,0.11795057836150136,1116.348451890063,50251.25684018647,28862.54192239151,2.668041662917966e-07,586.3236286521173,0.002722491492773445,0.05982894169919565,9800,9800
per_vector,crossbar_core_read_only,"adc,dac,sense,digital_bias,layernorm,softmax,residual,encoder",checkpoints\caption_transformer_epoch_10.pt,checkpoints\caption_transformer_array-128x128_cmm_crosssim.pt,checkpoints\caption_transformer_crosssim_decoder.pt,0.1,10.0,200,200,200,9800,76192,76192,1000.0,100000.0,128x128,10,0,0.0001,0.0001,same_decoder_mapped_linear_mac_only,0.9,configurable_reference,,layers.0.cross_attn.v_proj|r1c0|neg,layers.0.cross_attn.v_proj,cross_attn,neg,1,0,128,256,0,128,0.009999999776482582,1.0,0.11706081312991046,1000.0,50251.25684018647,28951.53759805949,2.6492952718862403e-07,582.6250412967628,0.0027033625223329078,0.05945153482620028,9800,9800
per_vector,crossbar_core_read_only,"adc,dac,sense,digital_bias,layernorm,softmax,residual,encoder",checkpoints\caption_transformer_epoch_10.pt,checkpoints\caption_transformer_array-128x128_cmm_crosssim.pt,checkpoints\caption_transformer_crosssim_decoder.pt,0.1,10.0,200,200,200,9800,76192,76192,1000.0,100000.0,128x128,10,0,0.0001,0.0001,same_decoder_mapped_linear_mac_only,0.9,configurable_reference,,layers.0.cross_attn.v_proj|r1c0|pos,layers.0.cross_attn.v_proj,cross_attn,pos,1,0,128,256,0,128,0.009999999776482582,0.9139323830604553,0.11668333593161151,1093.143405396936,50251.25684018647,29156.59986838125,2.648737748980911e-07,581.7613703665013,0.002702793621409078,0.059363405139438906,9800,9800
per_vector,crossbar_core_read_only,"adc,dac,sense,digital_bias,layernorm,softmax,residual,encoder",checkpoints\caption_transformer_epoch_10.pt,checkpoints\caption_transformer_array-128x128_cmm_crosssim.pt,checkpoints\caption_transformer_crosssim_decoder.pt,0.1,10.0,200,200,200,9800,76192,76192,1000.0,100000.0,128x128,10,0,0.0001,0.0001,same_decoder_mapped_linear_mac_only,0.9,configurable_reference,,layers.0.cross_attn.v_proj|r1c1|neg,layers.0.cross_attn.v_proj,cross_attn,neg,1,1,128,256,128,256,0.009999999776482582,0.87186598777771,0.1198478752369283,1145.2820939224189,50251.25684018647,28734.490794558908,2.7087856930877813e-07,595.2256069985651,0.002764067033763008,0.060737306836588276,9800,9800
per_vector,crossbar_core_read_only,"adc,dac,sense,digital_bias,layernorm,softmax,residual,encoder",checkpoints\caption_transformer_epoch_10.pt,checkpoints\caption_transformer_array-128x128_cmm_crosssim.pt,checkpoints\caption_transformer_crosssim_decoder.pt,0.1,10.0,200,200,200,9800,76192,76192,1000.0,100000.0,128x128,10,0,0.0001,0.0001,same_decoder_mapped_linear_mac_only,0.9,configurable_reference,,layers.0.cross_attn.v_proj|r1c1|pos,layers.0.cross_attn.v_proj,cross_attn,pos,1,1,128,256,128,256,0.009999999776482582,0.9613134264945984,0.1139641171487824,1039.824993378708,50251.25684018647,29469.254994923325,2.5852294705046343e-07,568.0943790968536,0.0026379892556169654,0.057968814193556484,9800,9800
per_vector,crossbar_core_read_only,"adc,dac,sense,digital_bias,layernorm,softmax,residual,encoder",checkpoints\caption_transformer_epoch_10.pt,checkpoints\caption_transformer_array-128x128_cmm_crosssim.pt,checkpoints\caption_transformer_crosssim_decoder.pt,0.1,10.0,200,200,200,9800,76192,76192,1000.0,100000.0,128x128,10,0,0.0001,0.0001,same_decoder_mapped_linear_mac_only,0.9,configurable_reference,,layers.0.ffn.0|r0c0|neg,layers.0.ffn.0,ffn,neg,0,0,0,128,0,128,0.009999999776482582,0.7091059684753418,0.0843377685583846,1404.4649734913223,50251.25684018647,30153.584353827988,4.126703709395605e-08,92.61445087302543,0.001896463101744302,0.04256178808503007,2176,2176
per_vector,crossbar_core_read_only,"adc,dac,sense,digital_bias,layernorm,softmax,residual,encoder",checkpoints\caption_transformer_epoch_10.pt,checkpoints\caption_transformer_array-128x128_cmm_crosssim.pt,checkpoints\caption_transformer_crosssim_decoder.pt,0.1,10.0,200,200,200,9800,76192,76192,1000.0,100000.0,128x128,10,0,0.0001,0.0001,same_decoder_mapped_linear_mac_only,0.9,configurable_reference,,layers.0.ffn.0|r0c0|pos,layers.0.ffn.0,ffn,pos,0,0,0,128,0,128,0.009999999776482582,0.6351850628852844,0.0827243440206189,1565.3538056793982,50251.25684018647,30445.772275280884,3.991302889581943e-08,90.12240736231288,0.001834238460285817,0.041416547501062904,2176,2176
per_vector,crossbar_core_read_only,"adc,dac,sense,digital_bias,layernorm,softmax,residual,encoder",checkpoints\caption_transformer_epoch_10.pt,checkpoints\caption_transformer_array-128x128_cmm_crosssim.pt,checkpoints\caption_transformer_crosssim_decoder.pt,0.1,10.0,200,200,200,9800,76192,76192,1000.0,100000.0,128x128,10,0,0.0001,0.0001,same_decoder_mapped_linear_mac_only,0.9,configurable_reference,,layers.0.ffn.0|r0c1|neg,layers.0.ffn.0,ffn,neg,0,1,0,128,128,256,0.009999999776482582,0.7262598276138306,0.08187065460640497,1371.747325992609,50251.25684018647,30531.618996506302,3.3715642578481754e-08,79.89259989652446,0.0015494321037905208,0.03671534921715278,2176,2176
per_vector,crossbar_core_read_only,"adc,dac,sense,digital_bias,layernorm,softmax,residual,encoder",checkpoints\caption_transformer_epoch_10.pt,checkpoints\caption_transformer_array-128x128_cmm_crosssim.pt,checkpoints\caption_transformer_crosssim_decoder.pt,0.1,10.0,200,200,200,9800,76192,76192,1000.0,100000.0,128x128,10,0,0.0001,0.0001,same_decoder_mapped_linear_mac_only,0.9,configurable_reference,,layers.0.ffn.0|r0c1|pos,layers.0.ffn.0,ffn,pos,0,1,0,128,128,256,0.009999999776482582,0.7138863801956177,0.08408727697104723,1395.1914406784867,50251.25684018647,30175.567712393895,3.449768065248011e-08,82.07869820955315,0.0015853713535147163,0.03771998998600788,2176,2176
per_vector,crossbar_core_read_only,"adc,dac,sense,digital_bias,layernorm,softmax,residual,encoder",checkpoints\caption_transformer_epoch_10.pt,checkpoints\caption_transformer_array-128x128_cmm_crosssim.pt,checkpoints\caption_transformer_crosssim_decoder.pt,0.1,10.0,200,200,200,9800,76192,76192,1000.0,100000.0,128x128,10,0,0.0001,0.0001,same_decoder_mapped_linear_mac_only,0.9,configurable_reference,,layers.0.ffn.0|r1c0|neg,layers.0.ffn.0,ffn,neg,1,0,128,256,0,128,0.009999999776482582,0.6799115538597107,0.08212217102601471,1463.8878519877362,50251.25684018647,30347.724589464822,4.0298715042885425e-08,90.47056318473047,0.0018519630074855487,0.041576545581218045,2176,2176
per_vector,crossbar_core_read_only,"adc,dac,sense,digital_bias,layernorm,softmax,residual,encoder",checkpoints\caption_transformer_epoch_10.pt,checkpoints\caption_transformer_array-128x128_cmm_crosssim.pt,checkpoints\caption_transformer_crosssim_decoder.pt,0.1,10.0,200,200,200,9800,76192,76192,1000.0,100000.0,128x128,10,0,0.0001,0.0001,same_decoder_mapped_linear_mac_only,0.9,configurable_reference,,layers.0.ffn.0|r1c0|pos,layers.0.ffn.0,ffn,pos,1,0,128,256,0,128,0.009999999776482582,0.7332911491394043,0.08267995543241113,1358.7727521004717,50251.25684018647,30431.379118372588,3.988353319406827e-08,90.08313216947572,0.0018328829592862224,0.041398498239648765,2176,2176
per_vector,crossbar_core_read_only,"adc,dac,sense,digital_bias,layernorm,softmax,residual,encoder",checkpoints\caption_transformer_epoch_10.pt,checkpoints\caption_transformer_array-128x128_cmm_crosssim.pt,checkpoints\caption_transformer_crosssim_decoder.pt,0.1,10.0,200,200,200,9800,76192,76192,1000.0,100000.0,128x128,10,0,0.0001,0.0001,same_decoder_mapped_linear_mac_only,0.9,configurable_reference,,layers.0.ffn.0|r1c1|neg,layers.0.ffn.0,ffn,neg,1,1,128,256,128,256,0.009999999776482582,0.7052044868469238,0.08320710049054014,1412.1253288432843,50251.25684018647,30342.48416950657,3.391022708422576e-08,80.73584753685351,0.0015583744064441966,0.03710287111068636,2176,2176
per_vector,crossbar_core_read_only,"adc,dac,sense,digital_bias,layernorm,softmax,residual,encoder",checkpoints\caption_transformer_epoch_10.pt,checkpoints\caption_transformer_array-128x128_cmm_crosssim.pt,checkpoints\caption_transformer_crosssim_decoder.pt,0.1,10.0,200,200,200,9800,76192,76192,1000.0,100000.0,128x128,10,0,0.0001,0.0001,same_decoder_mapped_linear_mac_only,0.9,configurable_reference,,layers.0.ffn.0|r1c1|pos,layers.0.ffn.0,ffn,pos,1,1,128,256,128,256,0.009999999776482582,0.7880781292915344,0.08260807471265252,1265.5066516393163,50251.25684018647,30441.07135557477,3.42954817520375e-08,81.13994606558256,0.0015760791246340797,0.03728857815513904,2176,2176
per_vector,crossbar_core_read_only,"adc,dac,sense,digital_bias,layernorm,softmax,residual,encoder",checkpoints\caption_transformer_epoch_10.pt,checkpoints\caption_transformer_array-128x128_cmm_crosssim.pt,checkpoints\caption_transformer_crosssim_decoder.pt,0.1,10.0,200,200,200,9800,76192,76192,1000.0,100000.0,128x128,10,0,0.0001,0.0001,same_decoder_mapped_linear_mac_only,0.9,configurable_reference,,layers.0.ffn.0|r2c0|neg,layers.0.ffn.0,ffn,neg,2,0,256,384,0,128,0.009999999776482582,0.696822464466095,0.08379169139539044,1428.8689602782822,50251.25684018647,30229.920973333137,4.089914078470509e-08,91.92046743260052,0.0018795561022382815,0.0422428618715995,2176,2176
per_vector,crossbar_core_read_only,"adc,dac,sense,digital_bias,layernorm,softmax,residual,encoder",checkpoints\caption_transformer_epoch_10.pt,checkpoints\caption_transformer_array-128x128_cmm_crosssim.pt,checkpoints\caption_transformer_crosssim_decoder.pt,0.1,10.0,200,200,200,9800,76192,76192,1000.0,100000.0,128x128,10,0,0.0001,0.0001,same_decoder_mapped_linear_mac_only,0.9,configurable_reference,,layers.0.ffn.0|r2c0|pos,layers.0.ffn.0,ffn,pos,2,0,256,384,0,128,0.009999999776482582,0.7148863673210144,0.08219459969558329,1393.267029962395,50251.25684018647,30512.8505969208,3.963645684308961e-08,89.58662113531244,0.0018215283475684573,0.04117032221291932,2176,2176
per_vector,crossbar_core_read_only,"adc,dac,sense,digital_bias,layernorm,softmax,residual,encoder",checkpoints\caption_transformer_epoch_10.pt,checkpoints\caption_transformer_array-128x128_cmm_crosssim.pt,checkpoints\caption_transformer_crosssim_decoder.pt,0.1,10.0,200,200,200,9800,76192,76192,1000.0,100000.0,128x128,10,0,0.0001,0.0001,same_decoder_mapped_linear_mac_only,0.9,configurable_reference,,layers.0.ffn.0|r2c1|neg,layers.0.ffn.0,ffn,neg,2,1,256,384,128,256,0.009999999776482582,0.7665194272994995,0.08147482527351713,1300.6366578273455,50251.25684018647,30691.40673959653,3.332394434913845e-08,79.28813656373329,0.0015314312660449684,0.036437562759068606,2176,2176
per_vector,crossbar_core_read_only,"adc,dac,sense,digital_bias,layernorm,softmax,residual,encoder",checkpoints\caption_transformer_epoch_10.pt,checkpoints\caption_transformer_array-128x128_cmm_crosssim.pt,checkpoints\caption_transformer_crosssim_decoder.pt,0.1,10.0,200,200,200,9800,76192,76192,1000.0,100000.0,128x128,10,0,0.0001,0.0001,same_decoder_mapped_linear_mac_only,0.9,configurable_reference,,layers.0.ffn.0|r2c1|pos,layers.0.ffn.0,ffn,pos,2,1,256,384,128,256,0.009999999776482582,0.7775543928146362,0.08392211162873764,1282.414881383333,50251.25684018647,30179.483746552796,3.4638769097826614e-08,82.09194235814505,0.0015918551975104118,0.037726076451353424,2176,2176
per_vector,crossbar_core_read_only,"adc,dac,sense,digital_bias,layernorm,softmax,residual,encoder",checkpoints\caption_transformer_epoch_10.pt,checkpoints\caption_transformer_array-128x128_cmm_crosssim.pt,checkpoints\caption_transformer_crosssim_decoder.pt,0.1,10.0,200,200,200,9800,76192,76192,1000.0,100000.0,128x128,10,0,0.0001,0.0001,same_decoder_mapped_linear_mac_only,0.9,configurable_reference,,layers.0.ffn.0|r3c0|neg,layers.0.ffn.0,ffn,neg,3,0,384,512,0,128,0.009999999776482582,0.7084068655967712,0.08251342321040056,1405.8315075809671,50251.25684018647,30470.54212384847,4.0442923268398164e-08,90.77849224509976,0.0018585902237315348,0.041718057097931874,2176,2176
per_vector,crossbar_core_read_only,"adc,dac,sense,digital_bias,layernorm,softmax,residual,encoder",checkpoints\caption_transformer_epoch_10.pt,checkpoints\caption_transformer_array-128x128_cmm_crosssim.pt,checkpoints\caption_transformer_crosssim_decoder.pt,0.1,10.0,200,200,200,9800,76192,76192,1000.0,100000.0,128x128,10,0,0.0001,0.0001,same_decoder_mapped_linear_mac_only,0.9,configurable_reference,,layers.0.ffn.0|r3c0|pos,layers.0.ffn.0,ffn,pos,3,0,384,512,0,128,0.009999999776482582,0.625828742980957,0.0820616634146063,1588.384574248431,50251.25684018647,30330.29826242471,3.924180041536002e-08,89.09603947252774,0.0018033915632058855,0.04094487108112488,2176,2176
per_vector,crossbar_core_read_only,"adc,dac,sense,digital_bias,layernorm,softmax,residual,encoder",checkpoints\caption_transformer_epoch_10.pt,checkpoints\caption_transformer_array-128x128_cmm_crosssim.pt,checkpoints\caption_transformer_crosssim_decoder.pt,0.1,10.0,200,200,200,9800,76192,76192,1000.0,100000.0,128x128,10,0,0.0001,0.0001,same_decoder_mapped_linear_mac_only,0.9,configurable_reference,,layers.0.ffn.0|r3c1|neg,layers.0.ffn.0,ffn,neg,3,1,384,512,128,256,0.009999999776482582,0.6732383966445923,0.08102042923042063,1478.1834621708804,50251.25684018647,30673.40032160533,3.3138514417876346e-08,78.8805530991605,0.0015229096699391688,0.036250254181599495,2176,2176
per_vector,crossbar_core_read_only,"adc,dac,sense,digital_bias,layernorm,softmax,residual,encoder",checkpoints\caption_transformer_epoch_10.pt,checkpoints\caption_transformer_array-128x128_cmm_crosssim.pt,checkpoints\caption_transformer_crosssim_decoder.pt,0.1,10.0,200,200,200,9800,76192,76192,1000.0,100000.0,128x128,10,0,0.0001,0.0001,same_decoder_mapped_linear_mac_only,0.9,configurable_reference,,layers.0.ffn.0|r3c1|pos,layers.0.ffn.0,ffn,pos,3,1,384,512,128,256,0.009999999776482582,0.7078394889831543,0.08348897359041985,1406.9425131881237,50251.25684018647,30079.849117667967,3.449316184350356e-08,81.75661615912702,0.0015851636876610098,0.03757197433783411,2176,2176
per_vector,crossbar_core_read_only,"adc,dac,sense,digital_bias,layernorm,softmax,residual,encoder",checkpoints\caption_transformer_epoch_10.pt,checkpoints\caption_transformer_array-128x128_cmm_crosssim.pt,checkpoints\caption_transformer_crosssim_decoder.pt,0.1,10.0,200,200,200,9800,76192,76192,1000.0,100000.0,128x128,10,0,0.0001,0.0001,same_decoder_mapped_linear_mac_only,0.9,configurable_reference,,layers.0.ffn.0|r4c0|neg,layers.0.ffn.0,ffn,neg,4,0,512,640,0,128,0.009999999776482582,0.6884835958480835,0.08168261949191447,1445.9250912474542,50251.25684018647,30479.607914274628,3.9938813660533975e-08,89.79513030638441,0.0018354234218995427,0.041266144442272244,2176,2176
per_vector,crossbar_core_read_only,"adc,dac,sense,digital_bias,layernorm,softmax,residual,encoder",checkpoints\caption_transformer_epoch_10.pt,checkpoints\caption_transformer_array-128x128_cmm_crosssim.pt,checkpoints\caption_transformer_crosssim_decoder.pt,0.1,10.0,200,200,200,9800,76192,76192,1000.0,100000.0,128x128,10,0,0.0001,0.0001,same_decoder_mapped_linear_mac_only,0.9,configurable_reference,,layers.0.ffn.0|r4c0|pos,layers.0.ffn.0,ffn,pos,4,0,512,640,0,128,0.009999999776482582,0.7793713808059692,0.08234621163927613,1279.4633754583401,50251.25684018647,30391.162081400285,3.963846194174963e-08,89.66195336210885,0.0018216204936465825,0.04120494180243973,2176,2176
per_vector,crossbar_core_read_only,"adc,dac,sense,digital_bias,layernorm,softmax,residual,encoder",checkpoints\caption_transformer_epoch_10.pt,checkpoints\caption_transformer_array-128x128_cmm_crosssim.pt,checkpoints\caption_transformer_crosssim_decoder.pt,0.1,10.0,200,200,200,9800,76192,76192,1000.0,100000.0,128x128,10,0,0.0001,0.0001,same_decoder_mapped_linear_mac_only,0.9,configurable_reference,,layers.0.ffn.0|r4c1|neg,layers.0.ffn.0,ffn,neg,4,1,512,640,128,256,0.009999999776482582,0.708304226398468,0.0832252423252271,1406.032359985093,50251.25684018647,30366.61504998539,3.391909757266511e-08,80.78683883769101,0.0015587820575673316,0.03712630461290947,2176,2176
per_vector,crossbar_core_read_only,"adc,dac,sense,digital_bias,layernorm,softmax,residual,encoder",checkpoints\caption_transformer_epoch_10.pt,checkpoints\caption_transformer_array-128x128_cmm_crosssim.pt,checkpoints\caption_transformer_crosssim_decoder.pt,0.1,10.0,200,200,200,9800,76192,76192,1000.0,100000.0,128x128,10,0,0.0001,0.0001,same_decoder_mapped_linear_mac_only,0.9,configurable_reference,,layers.0.ffn.0|r4c1|pos,layers.0.ffn.0,ffn,pos,4,1,512,640,128,256,0.009999999776482582,0.674072802066803,0.08304348236322312,1476.3806976190635,50251.25684018647,30352.53617226876,3.4428099011197164e-08,81.46838190734076,0.0015821736677939877,0.037439513744182334,2176,2176
per_vector,crossbar_core_read_only,"adc,dac,sense,digital_bias,layernorm,softmax,residual,encoder",checkpoints\caption_transformer_epoch_10.pt,checkpoints\caption_transformer_array-128x128_cmm_crosssim.pt,checkpoints\caption_transformer_crosssim_decoder.pt,0.1,10.0,200,200,200,9800,76192,76192,1000.0,100000.0,128x128,10,0,0.0001,0.0001,same_decoder_mapped_linear_mac_only,0.9,configurable_reference,,layers.0.ffn.0|r5c0|neg,layers.0.ffn.0,ffn,neg,5,0,640,768,0,128,0.009999999776482582,0.6931973099708557,0.08253201934786603,1436.2340720475402,50251.25684018647,30322.77526576499,4.030439605455289e-08,90.66432414759086,0.0018522240833893763,0.041665590141356096,2176,2176
per_vector,crossbar_core_read_only,"adc,dac,sense,digital_bias,layernorm,softmax,residual,encoder",checkpoints\caption_transformer_epoch_10.pt,checkpoints\caption_transformer_array-128x128_cmm_crosssim.pt,checkpoints\caption_transformer_crosssim_decoder.pt,0.1,10.0,200,200,200,9800,76192,76192,1000.0,100000.0,128x128,10,0,0.0001,0.0001,same_decoder_mapped_linear_mac_only,0.9,configurable_reference,,layers.0.ffn.0|r5c0|pos,layers.0.ffn.0,ffn,pos,5,0,640,768,0,128,0.009999999776482582,1.0,0.08242502069396096,1000.0,50251.25684018647,30472.969075722922,3.972436055433522e-08,89.76554243582757,0.0018255680401808424,0.04125254707528841,2176,2176
per_vector,crossbar_core_read_only,"adc,dac,sense,digital_bias,layernorm,softmax,residual,encoder",checkpoints\caption_transformer_epoch_10.pt,checkpoints\caption_transformer_array-128x128_cmm_crosssim.pt,checkpoints\caption_transformer_crosssim_decoder.pt,0.1,10.0,200,200,200,9800,76192,76192,1000.0,100000.0,128x128,10,0,0.0001,0.0001,same_decoder_mapped_linear_mac_only,0.9,configurable_reference,,layers.0.ffn.0|r5c1|neg,layers.0.ffn.0,ffn,neg,5,1,640,768,128,256,0.009999999776482582,0.7188419103622437,0.08171088642643554,1385.7065920320294,50251.25684018647,30455.17356816098,3.3465021918409944e-08,79.5178915526746,0.0015379146102210443,0.03654314869148649,2176,2176
per_vector,crossbar_core_read_only,"adc,dac,sense,digital_bias,layernorm,softmax,residual,encoder",checkpoints\caption_transformer_epoch_10.pt,checkpoints\caption_transformer_array-128x128_cmm_crosssim.pt,checkpoints\caption_transformer_crosssim_decoder.pt,0.1,10.0,200,200,200,9800,76192,76192,1000.0,100000.0,128x128,10,0,0.0001,0.0001,same_decoder_mapped_linear_mac_only,0.9,configurable_reference,,layers.0.ffn.0|r5c1|pos,layers.0.ffn.0,ffn,pos,5,1,640,768,128,256,0.009999999776482582,0.625699520111084,0.08220252461933342,1588.7074044497174,50251.25684018647,30391.133576747576,3.374255131037875e-08,80.35907632099902,0.0015506687183078445,0.03692972257398852,2176,2176
per_vector,crossbar_core_read_only,"adc,dac,sense,digital_bias,layernorm,softmax,residual,encoder",checkpoints\caption_transformer_epoch_10.pt,checkpoints\caption_transformer_array-128x128_cmm_crosssim.pt,checkpoints\caption_transformer_crosssim_decoder.pt,0.1,10.0,200,200,200,9800,76192,76192,1000.0,100000.0,128x128,10,0,0.0001,0.0001,same_decoder_mapped_linear_mac_only,0.9,configurable_reference,,layers.0.ffn.0|r6c0|neg,layers.0.ffn.0,ffn,neg,6,0,768,896,0,128,0.009999999776482582,0.6995205283164978,0.08298381151593048,1423.436233845983,50251.25684018647,30425.233440470067,4.0760668795247626e-08,91.3724462603126,0.0018731924997816031,0.041991013906393655,2176,2176
per_vector,crossbar_core_read_only,"adc,dac,sense,digital_bias,layernorm,softmax,residual,encoder",checkpoints\caption_transformer_epoch_10.pt,checkpoints\caption_transformer_array-128x128_cmm_crosssim.pt,checkpoints\caption_transformer_crosssim_decoder.pt,0.1,10.0,200,200,200,9800,76192,76192,1000.0,100000.0,128x128,10,0,0.0001,0.0001,same_decoder_mapped_linear_mac_only,0.9,configurable_reference,,layers.0.ffn.0|r6c0|pos,layers.0.ffn.0,ffn,pos,6,0,768,896,0,128,0.009999999776482582,0.685337245464325,0.08307358117241392,1452.466846650361,50251.25684018647,30260.936188505075,3.975388695705603e-08,90.16449466591652,0.0018269249520705831,0.04143588909279252,2176,2176
per_vector,crossbar_core_read_only,"adc,dac,sense,digital_bias,layernorm,softmax,residual,encoder",checkpoints\caption_transformer_epoch_10.pt,checkpoints\caption_transformer_array-128x128_cmm_crosssim.pt,checkpoints\caption_transformer_crosssim_decoder.pt,0.1,10.0,200,200,200,9800,76192,76192,1000.0,100000.0,128x128,10,0,0.0001,0.0001,same_decoder_mapped_linear_mac_only,0.9,configurable_reference,,layers.0.ffn.0|r6c1|neg,layers.0.ffn.0,ffn,neg,6,1,768,896,128,256,0.009999999776482582,0.7209210991859436,0.08142247501854172,1381.765335505752,50251.25684018647,30644.793270119473,3.3391745241670226e-08,79.40665829656507,0.0015345471158855783,0.03649203046717145,2176,2176
per_vector,crossbar_core_read_only,"adc,dac,sense,digital_bias,layernorm,softmax,residual,encoder",checkpoints\caption_transformer_epoch_10.pt,checkpoints\caption_transformer_array-128x128_cmm_crosssim.pt,checkpoints\caption_transformer_crosssim_decoder.pt,0.1,10.0,200,200,200,9800,76192,76192,1000.0,100000.0,128x128,10,0,0.0001,0.0001,same_decoder_mapped_linear_mac_only,0.9,configurable_reference,,layers.0.ffn.0|r6c1|pos,layers.0.ffn.0,ffn,pos,6,1,768,896,128,256,0.009999999776482582,0.7199809551239014,0.08384482798408044,1383.5446678782635,50251.25684018647,30108.647372721047,3.4503431869155234e-08,81.893514898464,0.0015856356557516157,0.03763488736142647,2176,2176
per_vector,crossbar_core_read_only,"adc,dac,sense,digital_bias,layernorm,softmax,residual,encoder",checkpoints\caption_transformer_epoch_10.pt,checkpoints\caption_transformer_array-128x128_cmm_crosssim.pt,checkpoints\caption_transformer_crosssim_decoder.pt,0.1,10.0,200,200,200,9800,76192,76192,1000.0,100000.0,128x128,10,0,0.0001,0.0001,same_decoder_mapped_linear_mac_only,0.9,configurable_reference,,layers.0.ffn.0|r7c0|neg,layers.0.ffn.0,ffn,neg,7,0,896,1024,0,128,0.009999999776482582,0.7097267508506775,0.0834934574933186,1403.2537572120737,50251.25684018647,30332.73193772047,4.0904672109666695e-08,91.7847373306044,0.00187981029915748,0.04218048590560864,2176,2176
per_vector,crossbar_core_read_only,"adc,dac,sense,digital_bias,layernorm,softmax,residual,encoder",checkpoints\caption_transformer_epoch_10.pt,checkpoints\caption_transformer_array-128x128_cmm_crosssim.pt,checkpoints\caption_transformer_crosssim_decoder.pt,0.1,10.0,200,200,200,9800,76192,76192,1000.0,100000.0,128x128,10,0,0.0001,0.0001,same_decoder_mapped_linear_mac_only,0.9,configurable_reference,,layers.0.ffn.0|r7c0|pos,layers.0.ffn.0,ffn,pos,7,0,896,1024,0,128,0.009999999776482582,0.7026903033256531,0.08232179786631377,1417.1062288134017,50251.25684018647,30316.723346733284,3.951984443073403e-08,89.46295466758188,0.0018161693212653538,0.04111349019649903,2176,2176
per_vector,crossbar_core_read_only,"adc,dac,sense,digital_bias,layernorm,softmax,residual,encoder",checkpoints\caption_transformer_epoch_10.pt,checkpoints\caption_transformer_array-128x128_cmm_crosssim.pt,checkpoints\caption_transformer_crosssim_decoder.pt,0.1,10.0,200,200,200,9800,76192,76192,1000.0,100000.0,128x128,10,0,0.0001,0.0001,same_decoder_mapped_linear_mac_only,0.9,configurable_reference,,layers.0.ffn.0|r7c1|neg,layers.0.ffn.0,ffn,neg,7,1,896,1024,128,256,0.009999999776482582,0.7194060683250427,0.08135936351294504,1384.6349678749552,50251.25684018647,30677.345544760577,3.311684196499908e-08,79.0513303441564,0.0015219136932444423,0.0363287363713954,2176,2176
per_vector,crossbar_core_read_only,"adc,dac,sense,digital_bias,layernorm,softmax,residual,encoder",checkpoints\caption_transformer_epoch_10.pt,checkpoints\caption_transformer_array-128x128_cmm_crosssim.pt,checkpoints\caption_transformer_crosssim_decoder.pt,0.1,10.0,200,200,200,9800,76192,76192,1000.0,100000.0,128x128,10,0,0.0001,0.0001,same_decoder_mapped_linear_mac_only,0.9,configurable_reference,,layers.0.ffn.0|r7c1|pos,layers.0.ffn.0,ffn,pos,7,1,896,1024,128,256,0.009999999776482582,0.6757516860961914,0.0836921800777759,1472.7666971372207,50251.25684018647,30161.213848657055,3.450901465481561e-08,81.8761775359779,0.0015858922175926277,0.037626919823519255,2176,2176
per_vector,crossbar_core_read_only,"adc,dac,sense,digital_bias,layernorm,softmax,residual,encoder",checkpoints\caption_transformer_epoch_10.pt,checkpoints\caption_transformer_array-128x128_cmm_crosssim.pt,checkpoints\caption_transformer_crosssim_decoder.pt,0.1,10.0,200,200,200,9800,76192,76192,1000.0,100000.0,128x128,10,0,0.0001,0.0001,same_decoder_mapped_linear_mac_only,0.9,configurable_reference,low,layers.0.ffn.3|r0c0|neg,layers.0.ffn.3,ffn,neg,0,0,0,128,0,128,0.009999999776482582,0.1827172338962555,0.026512776406207195,5238.617410680986,50251.25684018647,36804.856730325744,2.875135577203754e-09,4.946210675466442,0.00013212939233473104,0.002273074758945975,2176,2176
per_vector,crossbar_core_read_only,"adc,dac,sense,digital_bias,layernorm,softmax,residual,encoder",checkpoints\caption_transformer_epoch_10.pt,checkpoints\caption_transformer_array-128x128_cmm_crosssim.pt,checkpoints\caption_transformer_crosssim_decoder.pt,0.1,10.0,200,200,200,9800,76192,76192,1000.0,100000.0,128x128,10,0,0.0001,0.0001,same_decoder_mapped_linear_mac_only,0.9,configurable_reference,,layers.0.ffn.3|r0c0|pos,layers.0.ffn.3,ffn,pos,0,0,0,128,0,128,0.009999999776482582,0.16520872712135315,0.026502358505979373,5761.807792911102,50251.25684018647,36909.99381010512,2.8790743487781705e-09,4.955577392659706,0.00013231040205782078,0.0022773793164796445,2176,2176
per_vector,crossbar_core_read_only,"adc,dac,sense,digital_bias,layernorm,softmax,residual,encoder",checkpoints\caption_transformer_epoch_10.pt,checkpoints\caption_transformer_array-128x128_cmm_crosssim.pt,checkpoints\caption_transformer_crosssim_decoder.pt,0.1,10.0,200,200,200,9800,76192,76192,1000.0,100000.0,128x128,10,0,0.0001,0.0001,same_decoder_mapped_linear_mac_only,0.9,configurable_reference,,layers.0.ffn.3|r0c1|neg,layers.0.ffn.3,ffn,neg,0,1,0,128,128,256,0.009999999776482582,0.17844568192958832,0.026127308239040303,5357.299028810779,50251.25684018647,36990.51327684392,3.0947834447332304e-09,5.4222665852716085,0.00014222350389399052,0.0024918504527902613,2176,2176
per_vector,crossbar_core_read_only,"adc,dac,sense,digital_bias,layernorm,softmax,residual,encoder",checkpoints\caption_transformer_epoch_10.pt,checkpoints\caption_transformer_array-128x128_cmm_crosssim.pt,checkpoints\caption_transformer_crosssim_decoder.pt,0.1,10.0,200,200,200,9800,76192,76192,1000.0,100000.0,128x128,10,0,0.0001,0.0001,same_decoder_mapped_linear_mac_only,0.9,configurable_reference,,layers.0.ffn.3|r0c1|pos,layers.0.ffn.3,ffn,pos,0,1,0,128,128,256,0.009999999776482582,0.1773376613855362,0.025949736943402968,5388.968039999749,50251.25684018647,37079.3367182592,3.091437406472662e-09,5.4089388164340075,0.00014206973375333943,0.0024857255590229814,2176,2176
per_vector,crossbar_core_read_only,"adc,dac,sense,digital_bias,layernorm,softmax,residual,encoder",checkpoints\caption_transformer_epoch_10.pt,checkpoints\caption_transformer_array-128x128_cmm_crosssim.pt,checkpoints\caption_transformer_crosssim_decoder.pt,0.1,10.0,200,200,200,9800,76192,76192,1000.0,100000.0,128x128,10,0,0.0001,0.0001,same_decoder_mapped_linear_mac_only,0.9,configurable_reference,,layers.0.ffn.3|r0c2|neg,layers.0.ffn.3,ffn,neg,0,2,0,128,256,384,0.009999999776482582,0.18626877665519714,0.026352775878024204,5143.871808319723,50251.25684018647,36850.6246901593,3.0698531276208207e-09,5.280713082913153,0.00014107780917375099,0.0024267982917799418,2176,2176
per_vector,crossbar_core_read_only,"adc,dac,sense,digital_bias,layernorm,softmax,residual,encoder",checkpoints\caption_transformer_epoch_10.pt,checkpoints\caption_transformer_array-128x128_cmm_crosssim.pt,checkpoints\caption_transformer_crosssim_decoder.pt,0.1,10.0,200,200,200,9800,76192,76192,1000.0,100000.0,128x128,10,0,0.0001,0.0001,same_decoder_mapped_linear_mac_only,0.9,configurable_reference,,layers.0.ffn.3|r0c2|pos,layers.0.ffn.3,ffn,pos,0,2,0,128,256,384,0.009999999776482582,0.1815940886735916,0.026093592238055408,5269.310569534715,50251.25684018647,36994.986251652765,3.0628250739885983e-09,5.254207499854731,0.0001407548287678585,0.002414617417212652,2176,2176
per_vector,crossbar_core_read_only,"adc,dac,sense,digital_bias,layernorm,softmax,residual,encoder",checkpoints\caption_transformer_epoch_10.pt,checkpoints\caption_transformer_array-128x128_cmm_crosssim.pt,checkpoints\caption_transformer_crosssim_decoder.pt,0.1,10.0,200,200,200,9800,76192,76192,1000.0,100000.0,128x128,10,0,0.0001,0.0001,same_decoder_mapped_linear_mac_only,0.9,configurable_reference,,layers.0.ffn.3|r0c3|neg,layers.0.ffn.3,ffn,neg,0,3,0,128,384,512,0.009999999776482582,0.1676160842180252,0.026082440979507737,5683.758301200281,50251.25684018647,37009.89323716995,3.2592258229874593e-09,5.645697966692984,0.00014978059848287938,0.0025945303155758197,2176,2176
per_vector,crossbar_core_read_only,"adc,dac,sense,digital_bias,layernorm,softmax,residual,encoder",checkpoints\caption_transformer_epoch_10.pt,checkpoints\caption_transformer_array-128x128_cmm_crosssim.pt,checkpoints\caption_transformer_crosssim_decoder.pt,0.1,10.0,200,200,200,9800,76192,76192,1000.0,100000.0,128x128,10,0,0.0001,0.0001,same_decoder_mapped_linear_mac_only,0.9,configurable_reference,,layers.0.ffn.3|r0c3|pos,layers.0.ffn.3,ffn,pos,0,3,0,128,384,512,0.009999999776482582,0.17061090469360352,0.026274354818269785,5589.56508899278,50251.25684018647,36838.152247304744,3.2897262427474136e-09,5.695822952394006,0.00015118227218508296,0.00261756569503401,2176,2176
per_vector,crossbar_core_read_only,"adc,dac,sense,digital_bias,layernorm,softmax,residual,encoder",checkpoints\caption_transformer_epoch_10.pt,checkpoints\caption_transformer_array-128x128_cmm_crosssim.pt,checkpoints\caption_transformer_crosssim_decoder.pt,0.1,10.0,200,200,200,9800,76192,76192,1000.0,100000.0,128x128,10,0,0.0001,0.0001,same_decoder_mapped_linear_mac_only,0.9,configurable_reference,,layers.0.ffn.3|r0c4|neg,layers.0.ffn.3,ffn,neg,0,4,0,128,512,640,0.009999999776482582,0.19831925630569458,0.025960516150632884,4846.462522650898,50251.25684018647,37106.47572228343,3.1460496844697483e-09,5.444562331585886,0.00014457948917599955,0.0025020966597361608,2176,2176
per_vector,crossbar_core_read_only,"adc,dac,sense,digital_bias,layernorm,softmax,residual,encoder",checkpoints\caption_transformer_epoch_10.pt,checkpoints\caption_transformer_array-128x128_cmm_crosssim.pt,checkpoints\caption_transformer_crosssim_decoder.pt,0.1,10.0,200,200,200,9800,76192,76192,1000.0,100000.0,128x128,10,0,0.0001,0.0001,same_decoder_mapped_linear_mac_only,0.9,configurable_reference,,layers.0.ffn.3|r0c4|pos,layers.0.ffn.3,ffn,pos,0,4,0,128,512,640,0.009999999776482582,0.17059309780597687,0.025919504359592338,5590.115924648543,50251.25684018647,36986.74015984351,3.15306745489861e-09,5.456286959557219,0.00014490199700820835,0.0025074848159729866,2176,2176
per_vector,crossbar_core_read_only,"adc,dac,sense,digital_bias,layernorm,softmax,residual,encoder",checkpoints\caption_transformer_epoch_10.pt,checkpoints\caption_transformer_array-128x128_cmm_crosssim.pt,checkpoints\caption_transformer_crosssim_decoder.pt,0.1,10.0,200,200,200,9800,76192,76192,1000.0,100000.0,128x128,10,0,0.0001,0.0001,same_decoder_mapped_linear_mac_only,0.9,configurable_reference,,layers.0.ffn.3|r0c5|neg,layers.0.ffn.3,ffn,neg,0,5,0,128,640,768,0.009999999776482582,0.19315020740032196,0.026016355276169634,4969.716897732187,50251.25684018647,37010.05945285781,3.2209082729775426e-09,5.630322806044032,0.00014801968166257005,0.0025874645248364116,2176,2176
per_vector,crossbar_core_read_only,"adc,dac,sense,digital_bias,layernorm,softmax,residual,encoder",checkpoints\caption_transformer_epoch_10.pt,checkpoints\caption_transformer_array-128x128_cmm_crosssim.pt,checkpoints\caption_transformer_crosssim_decoder.pt,0.1,10.0,200,200,200,9800,76192,76192,1000.0,100000.0,128x128,10,0,0.0001,0.0001,same_decoder_mapped_linear_mac_only,0.9,configurable_reference,,layers.0.ffn.3|r0c5|pos,layers.0.ffn.3,ffn,pos,0,5,0,128,640,768,0.009999999776482582,0.20190003514289856,0.025883359029364783,4764.603914753731,50251.25684018647,37161.12501641353,3.229666884933234e-09,5.643033292327518,0.00014842219140318158,0.002593305740959337,2176,2176
per_vector,crossbar_core_read_only,"adc,dac,sense,digital_bias,layernorm,softmax,residual,encoder",checkpoints\caption_transformer_epoch_10.pt,checkpoints\caption_transformer_array-128x128_cmm_crosssim.pt,checkpoints\caption_transformer_crosssim_decoder.pt,0.1,10.0,200,200,200,9800,76192,76192,1000.0,100000.0,128x128,10,0,0.0001,0.0001,same_decoder_mapped_linear_mac_only,0.9,configurable_reference,,layers.0.ffn.3|r0c6|neg,layers.0.ffn.3,ffn,neg,0,6,0,128,768,896,0.009999999776482582,0.18544156849384308,0.02615551399094329,5165.632044741772,50251.25684018647,36957.39352573668,3.336190019493958e-09,5.722701342395919,0.00015331755604292057,0.0026299178963216543,2176,2176
per_vector,crossbar_core_read_only,"adc,dac,sense,digital_bias,layernorm,softmax,residual,encoder",checkpoints\caption_transformer_epoch_10.pt,checkpoints\caption_transformer_array-128x128_cmm_crosssim.pt,checkpoints\caption_transformer_crosssim_decoder.pt,0.1,10.0,200,200,200,9800,76192,76192,1000.0,100000.0,128x128,10,0,0.0001,0.0001,same_decoder_mapped_linear_mac_only,0.9,configurable_reference,,layers.0.ffn.3|r0c6|pos,layers.0.ffn.3,ffn,pos,0,6,0,128,768,896,0.009999999776482582,0.17173799872398376,0.02632539697822267,5554.919247679991,50251.25684018647,36858.99027742099,3.344922647151171e-09,5.744598485904925,0.00015371887165216807,0.0026399809218313076,2176,2176
per_vector,crossbar_core_read_only,"adc,dac,sense,digital_bias,layernorm,softmax,residual,encoder",checkpoints\caption_transformer_epoch_10.pt,checkpoints\caption_transformer_array-128x128_cmm_crosssim.pt,checkpoints\caption_transformer_crosssim_decoder.pt,0.1,10.0,200,200,200,9800,76192,76192,1000.0,100000.0,128x128,10,0,0.0001,0.0001,same_decoder_mapped_linear_mac_only,0.9,configurable_reference,,layers.0.ffn.3|r0c7|neg,layers.0.ffn.3,ffn,neg,0,7,0,128,896,1024,0.009999999776482582,0.16436631977558136,0.026450971216945618,5789.628412468395,50251.25684018647,36747.46605927407,3.1524430860741473e-09,5.42710696037606,0.00014487330358796643,0.002494074889878704,2176,2176
per_vector,crossbar_core_read_only,"adc,dac,sense,digital_bias,layernorm,softmax,residual,encoder",checkpoints\caption_transformer_epoch_10.pt,checkpoints\caption_transformer_array-128x128_cmm_crosssim.pt,checkpoints\caption_transformer_crosssim_decoder.pt,0.1,10.0,200,200,200,9800,76192,76192,1000.0,100000.0,128x128,10,0,0.0001,0.0001,same_decoder_mapped_linear_mac_only,0.9,configurable_reference,,layers.0.ffn.3|r0c7|pos,layers.0.ffn.3,ffn,pos,0,7,0,128,896,1024,0.009999999776482582,0.19688911736011505,0.025990632606863073,4879.947766062985,50251.25684018647,37141.42934370508,3.1318732844975448e-09,5.375658643944858,0.00014392800020668838,0.002470431362107012,2176,2176
per_vector,crossbar_core_read_only,"adc,dac,sense,digital_bias,layernorm,softmax,residual,encoder",checkpoints\caption_transformer_epoch_10.pt,checkpoints\caption_transformer_array-128x128_cmm_crosssim.pt,checkpoints\caption_transformer_crosssim_decoder.pt,0.1,10.0,200,200,200,9800,76192,76192,1000.0,100000.0,128x128,10,0,0.0001,0.0001,same_decoder_mapped_linear_mac_only,0.9,configurable_reference,,layers.0.ffn.3|r1c0|neg,layers.0.ffn.3,ffn,neg,1,0,128,256,0,128,0.009999999776482582,0.7956931591033936,0.026839546292990235,1253.5471820282935,50251.25684018647,36767.972297455286,2.9248158139204676e-09,5.014580097128115,0.00013441249144855068,0.0023044945299302,2176,2176
per_vector,crossbar_core_read_only,"adc,dac,sense,digital_bias,layernorm,softmax,residual,encoder",checkpoints\caption_transformer_epoch_10.pt,checkpoints\caption_transformer_array-128x128_cmm_crosssim.pt,checkpoints\caption_transformer_crosssim_decoder.pt,0.1,10.0,200,200,200,9800,76192,76192,1000.0,100000.0,128x128,10,0,0.0001,0.0001,same_decoder_mapped_linear_mac_only,0.9,configurable_reference,,layers.0.ffn.3|r1c0|pos,layers.0.ffn.3,ffn,pos,1,0,128,256,0,128,0.009999999776482582,0.3079962432384491,0.026724477370862587,3175.447129759009,50251.25684018647,36837.39005487393,2.8985806374153535e-09,4.978893492457916,0.00013320683076357273,0.002288094435872204,2176,2176
per_vector,crossbar_core_read_only,"adc,dac,sense,digital_bias,layernorm,softmax,residual,encoder",checkpoints\caption_transformer_epoch_10.pt,checkpoints\caption_transformer_array-128x128_cmm_crosssim.pt,checkpoints\caption_transformer_crosssim_decoder.pt,0.1,10.0,200,200,200,9800,76192,76192,1000.0,100000.0,128x128,10,0,0.0001,0.0001,same_decoder_mapped_linear_mac_only,0.9,configurable_reference,,layers.0.ffn.3|r1c1|neg,layers.0.ffn.3,ffn,neg,1,1,128,256,128,256,0.009999999776482582,0.9210544228553772,0.026388062553451164,1084.7823836391883,50251.25684018647,36918.627263256276,3.1795704344937063e-09,5.530145130231913,0.0001461199648204833,0.0025414269899962836,2176,2176
per_vector,crossbar_core_read_only,"adc,dac,sense,digital_bias,layernorm,softmax,residual,encoder",checkpoints\caption_transformer_epoch_10.pt,checkpoints\caption_transformer_array-128x128_cmm_crosssim.pt,checkpoints\caption_transformer_crosssim_decoder.pt,0.1,10.0,200,200,200,9800,76192,76192,1000.0,100000.0,128x128,10,0,0.0001,0.0001,same_decoder_mapped_linear_mac_only,0.9,configurable_reference,,layers.0.ffn.3|r1c1|pos,layers.0.ffn.3,ffn,pos,1,1,128,256,128,256,0.009999999776482582,0.41511866450309753,0.026301910105530624,2375.480417366493,50251.25684018647,36980.57506815187,3.133562529423319e-09,5.479026870006461,0.00014400563094776309,0.0025179351424662044,2176,2176
per_vector,crossbar_core_read_only,"adc,dac,sense,digital_bias,layernorm,softmax,residual,encoder",checkpoints\caption_transformer_epoch_10.pt,checkpoints\caption_transformer_array-128x128_cmm_crosssim.pt,checkpoints\caption_transformer_crosssim_decoder.pt,0.1,10.0,200,200,200,9800,76192,76192,1000.0,100000.0,128x128,10,0,0.0001,0.0001,same_decoder_mapped_linear_mac_only,0.9,configurable_reference,,layers.0.ffn.3|r1c2|neg,layers.0.ffn.3,ffn,neg,1,2,128,256,256,384,0.009999999776482582,0.5909414291381836,0.026790755642480235,1680.581842739104,50251.25684018647,36873.99319063158,3.125935749517958e-09,5.364618811121122,0.0001436551355477001,0.0024653579095225745,2176,2176
per_vector,crossbar_core_read_only,"adc,dac,sense,digital_bias,layernorm,softmax,residual,encoder",checkpoints\caption_transformer_epoch_10.pt,checkpoints\caption_transformer_array-128x128_cmm_crosssim.pt,checkpoints\caption_transformer_crosssim_decoder.pt,0.1,10.0,200,200,200,9800,76192,76192,1000.0,100000.0,128x128,10,0,0.0001,0.0001,same_decoder_mapped_linear_mac_only,0.9,configurable_reference,,layers.0.ffn.3|r1c2|pos,layers.0.ffn.3,ffn,pos,1,2,128,256,256,384,0.009999999776482582,0.29473018646240234,0.02673417874086681,3313.640537742285,50251.25684018647,36802.0053401391,3.109470444060028e-09,5.344941404836434,0.00014289845790717035,0.002456314983840273,2176,2176
per_vector,crossbar_core_read_only,"adc,dac,sense,digital_bias,layernorm,softmax,residual,encoder",checkpoints\caption_transformer_epoch_10.pt,checkpoints\caption_transformer_array-128x128_cmm_crosssim.pt,checkpoints\caption_transformer_crosssim_decoder.pt,0.1,10.0,200,200,200,9800,76192,76192,1000.0,100000.0,128x128,10,0,0.0001,0.0001,same_decoder_mapped_linear_mac_only,0.9,configurable_reference,,layers.0.ffn.3|r1c3|neg,layers.0.ffn.3,ffn,neg,1,3,128,256,384,512,0.009999999776482582,0.3757992684841156,0.02631276414660988,2617.5182194852755,50251.25684018647,36975.505049748244,3.3019128911278617e-09,5.710167830235933,0.00015174232036433165,0.0026241580102187192,2176,2176
per_vector,crossbar_core_read_only,"adc,dac,sense,digital_bias,layernorm,softmax,residual,encoder",checkpoints\caption_transformer_epoch_10.pt,checkpoints\caption_transformer_array-128x128_cmm_crosssim.pt,checkpoints\caption_transformer_crosssim_decoder.pt,0.1,10.0,200,200,200,9800,76192,76192,1000.0,100000.0,128x128,10,0,0.0001,0.0001,same_decoder_mapped_linear_mac_only,0.9,configurable_reference,,layers.0.ffn.3|r1c3|pos,layers.0.ffn.3,ffn,pos,1,3,128,256,384,512,0.009999999776482582,0.2074994146823883,0.026377863074912966,4641.999256694809,50251.25684018647,36898.32821214829,3.2939294536879073e-09,5.702087507684491,0.00015137543445256922,0.0026204446266932403,2176,2176
per_vector,crossbar_core_read_only,"adc,dac,sense,digital_bias,layernorm,softmax,residual,encoder",checkpoints\caption_transformer_epoch_10.pt,checkpoints\caption_transformer_array-128x128_cmm_crosssim.pt,checkpoints\caption_transformer_crosssim_decoder.pt,0.1,10.0,200,200,200,9800,76192,76192,1000.0,100000.0,128x128,10,0,0.0001,0.0001,same_decoder_mapped_linear_mac_only,0.9,configurable_reference,,layers.0.ffn.3|r1c4|neg,layers.0.ffn.3,ffn,neg,1,4,128,256,512,640,0.009999999776482582,1.0,0.02652489605640085,1000.0,50251.25684018647,36813.32216825153,3.2239815670045888e-09,5.564479746978957,0.00014816091760131415,0.0025572057660748883,2176,2176
per_vector,crossbar_core_read_only,"adc,dac,sense,digital_bias,layernorm,softmax,residual,encoder",checkpoints\caption_transformer_epoch_10.pt,checkpoints\caption_transformer_array-128x128_cmm_crosssim.pt,checkpoints\caption_transformer_crosssim_decoder.pt,0.1,10.0,200,200,200,9800,76192,76192,1000.0,100000.0,128x128,10,0,0.0001,0.0001,same_decoder_mapped_linear_mac_only,0.9,configurable_reference,,layers.0.ffn.3|r1c4|pos,layers.0.ffn.3,ffn,pos,1,4,128,256,512,640,0.009999999776482582,0.40650537610054016,0.026358089933239626,2424.5931976960446,50251.25684018647,37059.52187767243,3.1978778482328997e-09,5.5284939562721345,0.00014696129817246768,0.002540668178433885,2176,2176
per_vector,crossbar_core_read_only,"adc,dac,sense,digital_bias,layernorm,softmax,residual,encoder",checkpoints\caption_transformer_epoch_10.pt,checkpoints\caption_transformer_array-128x128_cmm_crosssim.pt,checkpoints\caption_transformer_crosssim_decoder.pt,0.1,10.0,200,200,200,9800,76192,76192,1000.0,100000.0,128x128,10,0,0.0001,0.0001,same_decoder_mapped_linear_mac_only,0.9,configurable_reference,,layers.0.ffn.3|r1c5|neg,layers.0.ffn.3,ffn,neg,1,5,128,256,640,768,0.009999999776482582,0.9698922634124756,0.0262298684008897,1030.722391062524,50251.25684018647,37138.51903558351,3.2821299259804565e-09,5.711829517046163,0.00015083317674542533,0.002624921653054303,2176,2176
per_vector,crossbar_core_read_only,"adc,dac,sense,digital_bias,layernorm,softmax,residual,encoder",checkpoints\caption_transformer_epoch_10.pt,checkpoints\caption_transformer_array-128x128_cmm_crosssim.pt,checkpoints\caption_transformer_crosssim_decoder.pt,0.1,10.0,200,200,200,9800,76192,76192,1000.0,100000.0,128x128,10,0,0.0001,0.0001,same_decoder_mapped_linear_mac_only,0.9,configurable_reference,,layers.0.ffn.3|r1c5|pos,layers.0.ffn.3,ffn,pos,1,5,128,256,640,768,0.009999999776482582,0.39257436990737915,0.026424046651072786,2508.474717475813,50251.25684018647,36820.087753458385,3.285521897949841e-09,5.730484901998382,0.00015098905781019473,0.002633494899815433,2176,2176
per_vector,crossbar_core_read_only,"adc,dac,sense,digital_bias,layernorm,softmax,residual,encoder",checkpoints\caption_transformer_epoch_10.pt,checkpoints\caption_transformer_array-128x128_cmm_crosssim.pt,checkpoints\caption_transformer_crosssim_decoder.pt,0.1,10.0,200,200,200,9800,76192,76192,1000.0,100000.0,128x128,10,0,0.0001,0.0001,same_decoder_mapped_linear_mac_only,0.9,configurable_reference,,layers.0.ffn.3|r1c6|neg,layers.0.ffn.3,ffn,neg,1,6,128,256,768,896,0.009999999776482582,0.31682702898979187,0.02682511034493018,3089.67384048837,50251.25684018647,36726.50111227615,3.400383037017357e-09,5.8334314442932556,0.00015626760280410654,0.002680804891678886,2176,2176
per_vector,crossbar_core_read_only,"adc,dac,sense,digital_bias,layernorm,softmax,residual,encoder",checkpoints\caption_transformer_epoch_10.pt,checkpoints\caption_transformer_array-128x128_cmm_crosssim.pt,checkpoints\caption_transformer_crosssim_decoder.pt,0.1,10.0,200,200,200,9800,76192,76192,1000.0,100000.0,128x128,10,0,0.0001,0.0001,same_decoder_mapped_linear_mac_only,0.9,configurable_reference,,layers.0.ffn.3|r1c6|pos,layers.0.ffn.3,ffn,pos,1,6,128,256,768,896,0.009999999776482582,0.28878146409988403,0.026559397146513675,3379.5926402230925,50251.25684018647,36933.47731559669,3.373338742007168e-09,5.778138741583443,0.00015502475836430015,0.0026553946422718027,2176,2176
per_vector,crossbar_core_read_only,"adc,dac,sense,digital_bias,layernorm,softmax,residual,encoder",checkpoints\caption_transformer_epoch_10.pt,checkpoints\caption_transformer_array-128x128_cmm_crosssim.pt,checkpoints\caption_transformer_crosssim_decoder.pt,0.1,10.0,200,200,200,9800,76192,76192,1000.0,100000.0,128x128,10,0,0.0001,0.0001,same_decoder_mapped_linear_mac_only,0.9,configurable_reference,,layers.0.ffn.3|r1c7|neg,layers.0.ffn.3,ffn,neg,1,7,128,256,896,1024,0.009999999776482582,0.37911805510520935,0.026430357282777095,2595.19920887182,50251.25684018647,36981.99640193532,3.1762001716229093e-09,5.450126619188846,0.00014596508141649433,0.0025046537772007564,2176,2176
per_vector,crossbar_core_read_only,"adc,dac,sense,digital_bias,layernorm,softmax,residual,encoder",checkpoints\caption_transformer_epoch_10.pt,checkpoints\caption_transformer_array-128x128_cmm_crosssim.pt,checkpoints\caption_transformer_crosssim_decoder.pt,0.1,10.0,200,200,200,9800,76192,76192,1000.0,100000.0,128x128,10,0,0.0001,0.0001,same_decoder_mapped_linear_mac_only,0.9,configurable_reference,,layers.0.ffn.3|r1c7|pos,layers.0.ffn.3,ffn,pos,1,7,128,256,896,1024,0.009999999776482582,0.45386558771133423,0.026830971003732884,2177.0985559386213,50251.25684018647,36738.84282152382,3.1985216787100584e-09,5.499083395176962,0.0001469908859701313,0.002527152295577648,2176,2176
per_vector,crossbar_core_read_only,"adc,dac,sense,digital_bias,layernorm,softmax,residual,encoder",checkpoints\caption_transformer_epoch_10.pt,checkpoints\caption_transformer_array-128x128_cmm_crosssim.pt,checkpoints\caption_transformer_crosssim_decoder.pt,0.1,10.0,200,200,200,9800,76192,76192,1000.0,100000.0,128x128,10,0,0.0001,0.0001,same_decoder_mapped_linear_mac_only,0.9,configurable_reference,,layers.0.self_attn.k_proj|r0c0|neg,layers.0.self_attn.k_proj,self_attn,neg,0,0,0,128,0,128,0.009999999776482582,0.8430154323577881,0.10512114825672825,1184.0130606201433,50251.25684018647,29600.853492326103,5.078586962502786e-08,113.38792939816749,0.002333909449679594,0.05210842343665785,2176,2176
per_vector,crossbar_core_read_only,"adc,dac,sense,digital_bias,layernorm,softmax,residual,encoder",checkpoints\caption_transformer_epoch_10.pt,checkpoints\caption_transformer_array-128x128_cmm_crosssim.pt,checkpoints\caption_transformer_crosssim_decoder.pt,0.1,10.0,200,200,200,9800,76192,76192,1000.0,100000.0,128x128,10,0,0.0001,0.0001,same_decoder_mapped_linear_mac_only,0.9,configurable_reference,,layers.0.self_attn.k_proj|r0c0|pos,layers.0.self_attn.k_proj,self_attn,pos,0,0,0,128,0,128,0.009999999776482582,0.810762345790863,0.10549781960173732,1230.5349031003207,50251.25684018647,29440.617807901253,5.103582019411377e-08,113.95624777478756,0.0023453961486265573,0.052369599161207515,2176,2176
per_vector,crossbar_core_read_only,"adc,dac,sense,digital_bias,layernorm,softmax,residual,encoder",checkpoints\caption_transformer_epoch_10.pt,checkpoints\caption_transformer_array-128x128_cmm_crosssim.pt,checkpoints\caption_transformer_crosssim_decoder.pt,0.1,10.0,200,200,200,9800,76192,76192,1000.0,100000.0,128x128,10,0,0.0001,0.0001,same_decoder_mapped_linear_mac_only,0.9,configurable_reference,,layers.0.self_attn.k_proj|r0c1|neg,layers.0.self_attn.k_proj,self_attn,neg,0,1,0,128,128,256,0.009999999776482582,1.0,0.10575627153622236,1000.0,50251.25684018647,29392.63690059032,4.765633111262284e-08,109.0851898245844,0.0021900887459845057,0.05013106150026857,2176,2176
per_vector,crossbar_core_read_only,"adc,dac,sense,digital_bias,layernorm,softmax,residual,encoder",checkpoints\caption_transformer_epoch_10.pt,checkpoints\caption_transformer_array-128x128_cmm_crosssim.pt,checkpoints\caption_transformer_crosssim_decoder.pt,0.1,10.0,200,200,200,9800,76192,76192,1000.0,100000.0,128x128,10,0,0.0001,0.0001,same_decoder_mapped_linear_mac_only,0.9,configurable_reference,,layers.0.self_attn.k_proj|r0c1|pos,layers.0.self_attn.k_proj,self_attn,pos,0,1,0,128,128,256,0.009999999776482582,0.831940770149231,0.10530374833444966,1199.5853813819363,50251.25684018647,29550.22884402113,4.7466288366769953e-08,108.75792981411327,0.0021813551639140692,0.04998066627486823,2176,2176
per_vector,crossbar_core_read_only,"adc,dac,sense,digital_bias,layernorm,softmax,residual,encoder",checkpoints\caption_transformer_epoch_10.pt,checkpoints\caption_transformer_array-128x128_cmm_crosssim.pt,checkpoints\caption_transformer_crosssim_decoder.pt,0.1,10.0,200,200,200,9800,76192,76192,1000.0,100000.0,128x128,10,0,0.0001,0.0001,same_decoder_mapped_linear_mac_only,0.9,configurable_reference,,layers.0.self_attn.k_proj|r1c0|neg,layers.0.self_attn.k_proj,self_attn,neg,1,0,128,256,0,128,0.009999999776482582,0.8700562119483948,0.10652448604707843,1147.6370184738555,50251.25684018647,29429.66513686988,5.154706884609524e-08,114.95959105776474,0.002368891031530107,0.05283069441992865,2176,2176
per_vector,crossbar_core_read_only,"adc,dac,sense,digital_bias,layernorm,softmax,residual,encoder",checkpoints\caption_transformer_epoch_10.pt,checkpoints\caption_transformer_array-128x128_cmm_crosssim.pt,checkpoints\caption_transformer_crosssim_decoder.pt,0.1,10.0,200,200,200,9800,76192,76192,1000.0,100000.0,128x128,10,0,0.0001,0.0001,same_decoder_mapped_linear_mac_only,0.9,configurable_reference,,layers.0.self_attn.k_proj|r1c0|pos,layers.0.self_attn.k_proj,self_attn,pos,1,0,128,256,0,128,0.009999999776482582,0.8755132555961609,0.10642080960428757,1140.565423599902,50251.25684018647,29449.4213421601,5.1169005883231024e-08,114.44102255778174,0.002351516814486727,0.05259238169015705,2176,2176
per_vector,crossbar_core_read_only,"adc,dac,sense,digital_bias,layernorm,softmax,residual,encoder",checkpoints\caption_transformer_epoch_10.pt,checkpoints\caption_transformer_array-128x128_cmm_crosssim.pt,checkpoints\caption_transformer_crosssim_decoder.pt,0.1,10.0,200,200,200,9800,76192,76192,1000.0,100000.0,128x128,10,0,0.0001,0.0001,same_decoder_mapped_linear_mac_only,0.9,configurable_reference,,layers.0.self_attn.k_proj|r1c1|neg,layers.0.self_attn.k_proj,self_attn,neg,1,1,128,256,128,256,0.009999999776482582,0.844135046005249,0.10569209287422154,1182.4612212053044,50251.25684018647,29422.93598209789,4.7681683237298124e-08,109.19990088333773,0.0021912538252434684,0.05018377797947506,2176,2176
per_vector,crossbar_core_read_only,"adc,dac,sense,digital_bias,layernorm,softmax,residual,encoder",checkpoints\caption_transformer_epoch_10.pt,checkpoints\caption_transformer_array-128x128_cmm_crosssim.pt,checkpoints\caption_transformer_crosssim_decoder.pt,0.1,10.0,200,200,200,9800,76192,76192,1000.0,100000.0,128x128,10,0,0.0001,0.0001,same_decoder_mapped_linear_mac_only,0.9,configurable_reference,,layers.0.self_attn.k_proj|r1c1|pos,layers.0.self_attn.k_proj,self_attn,pos,1,1,128,256,128,256,0.009999999776482582,0.9029214382171631,0.10309939793603462,1106.3265880939289,50251.25684018647,29682.2861038391,4.677884069316651e-08,106.90567808397743,0.002149762899502129,0.04912944764888669,2176,2176
per_vector,crossbar_core_read_only,"adc,dac,sense,digital_bias,layernorm,softmax,residual,encoder",checkpoints\caption_transformer_epoch_10.pt,checkpoints\caption_transformer_array-128x128_cmm_crosssim.pt,checkpoints\caption_transformer_crosssim_decoder.pt,0.1,10.0,200,200,200,9800,76192,76192,1000.0,100000.0,128x128,10,0,0.0001,0.0001,same_decoder_mapped_linear_mac_only,0.9,configurable_reference,,layers.0.self_attn.o_proj|r0c0|neg,layers.0.self_attn.o_proj,self_attn,neg,0,0,0,128,0,128,0.009999999776482582,0.9654499292373657,0.1042847879149349,1035.4159576598495,50251.25684018647,29583.441908755784,4.2251869017181535e-08,100.17396637175021,0.0019417219217454716,0.04603583013407638,2176,2176
per_vector,crossbar_core_read_only,"adc,dac,sense,digital_bias,layernorm,softmax,residual,encoder",checkpoints\caption_transformer_epoch_10.pt,checkpoints\caption_transformer_array-128x128_cmm_crosssim.pt,checkpoints\caption_transformer_crosssim_decoder.pt,0.1,10.0,200,200,200,9800,76192,76192,1000.0,100000.0,128x128,10,0,0.0001,0.0001,same_decoder_mapped_linear_mac_only,0.9,configurable_reference,,layers.0.self_attn.o_proj|r0c0|pos,layers.0.self_attn.o_proj,self_attn,pos,0,0,0,128,0,128,0.009999999776482582,0.949501633644104,0.10490193578954177,1052.6242468015846,50251.25684018647,29522.9730232188,4.265048330500596e-08,100.9049048915314,0.001960040593060916,0.04637173938029936,2176,2176
per_vector,crossbar_core_read_only,"adc,dac,sense,digital_bias,layernorm,softmax,residual,encoder",checkpoints\caption_transformer_epoch_10.pt,checkpoints\caption_transformer_array-128x128_cmm_crosssim.pt,checkpoints\caption_transformer_crosssim_decoder.pt,0.1,10.0,200,200,200,9800,76192,76192,1000.0,100000.0,128x128,10,0,0.0001,0.0001,same_decoder_mapped_linear_mac_only,0.9,configurable_reference,,layers.0.self_attn.o_proj|r0c1|neg,layers.0.self_attn.o_proj,self_attn,neg,0,1,0,128,128,256,0.009999999776482582,0.9952685236930847,0.10620649911675173,1004.7062061738228,50251.25684018647,29570.90066505793,4.770832315436679e-08,107.84664992675768,0.0021924780861381672,0.04956187956192908,2176,2176
per_vector,crossbar_core_read_only,"adc,dac,sense,digital_bias,layernorm,softmax,residual,encoder",checkpoints\caption_transformer_epoch_10.pt,checkpoints\caption_transformer_array-128x128_cmm_crosssim.pt,checkpoints\caption_transformer_crosssim_decoder.pt,0.1,10.0,200,200,200,9800,76192,76192,1000.0,100000.0,128x128,10,0,0.0001,0.0001,same_decoder_mapped_linear_mac_only,0.9,configurable_reference,,layers.0.self_attn.o_proj|r0c1|pos,layers.0.self_attn.o_proj,self_attn,pos,0,1,0,128,128,256,0.009999999776482582,1.0,0.10763505502245607,1000.0,50251.25684018647,29448.125684307604,4.8743333676874774e-08,109.7217906970054,0.0022400429079446147,0.05042361704825616,2176,2176
per_vector,crossbar_core_read_only,"adc,dac,sense,digital_bias,layernorm,softmax,residual,encoder",checkpoints\caption_transformer_epoch_10.pt,checkpoints\caption_transformer_array-128x128_cmm_crosssim.pt,checkpoints\caption_transformer_crosssim_decoder.pt,0.1,10.0,200,200,200,9800,76192,76192,1000.0,100000.0,128x128,10,0,0.0001,0.0001,same_decoder_mapped_linear_mac_only,0.9,configurable_reference,,layers.0.self_attn.o_proj|r1c0|neg,layers.0.self_attn.o_proj,self_attn,neg,1,0,128,256,0,128,0.009999999776482582,0.9383492469787598,0.10381682471950171,1065.001567094367,50251.25684018647,29594.61614342204,4.226095743770449e-08,99.78265202802228,0.0019421395881298056,0.045855998174642594,2176,2176
per_vector,crossbar_core_read_only,"adc,dac,sense,digital_bias,layernorm,softmax,residual,encoder",checkpoints\caption_transformer_epoch_10.pt,checkpoints\caption_transformer_array-128x128_cmm_crosssim.pt,checkpoints\caption_transformer_crosssim_decoder.pt,0.1,10.0,200,200,200,9800,76192,76192,1000.0,100000.0,128x128,10,0,0.0001,0.0001,same_decoder_mapped_linear_mac_only,0.9,configurable_reference,,layers.0.self_attn.o_proj|r1c0|pos,layers.0.self_attn.o_proj,self_attn,pos,1,0,128,256,0,128,0.009999999776482582,0.9211663603782654,0.10432932403949735,1084.6519937460741,50251.25684018647,29594.494772360253,4.2392108456404905e-08,100.2937083258293,0.0019481667489156644,0.04609085860562008,2176,2176
per_vector,crossbar_core_read_only,"adc,dac,sense,digital_bias,layernorm,softmax,residual,encoder",checkpoints\caption_transformer_epoch_10.pt,checkpoints\caption_transformer_array-128x128_cmm_crosssim.pt,checkpoints\caption_transformer_crosssim_decoder.pt,0.1,10.0,200,200,200,9800,76192,76192,1000.0,100000.0,128x128,10,0,0.0001,0.0001,same_decoder_mapped_linear_mac_only,0.9,configurable_reference,,layers.0.self_attn.o_proj|r1c1|neg,layers.0.self_attn.o_proj,self_attn,neg,1,1,128,256,128,256,0.009999999776482582,0.9619047045707703,0.10522885918379643,1039.1924603468956,50251.25684018647,29666.045767237185,4.7768500468357156e-08,107.60633544518464,0.002195243587700236,0.04945144092150029,2176,2176
per_vector,crossbar_core_read_only,"adc,dac,sense,digital_bias,layernorm,softmax,residual,encoder",checkpoints\caption_transformer_epoch_10.pt,checkpoints\caption_transformer_array-128x128_cmm_crosssim.pt,checkpoints\caption_transformer_crosssim_decoder.pt,0.1,10.0,200,200,200,9800,76192,76192,1000.0,100000.0,128x128,10,0,0.0001,0.0001,same_decoder_mapped_linear_mac_only,0.9,configurable_reference,,layers.0.self_attn.o_proj|r1c1|pos,layers.0.self_attn.o_proj,self_attn,pos,1,1,128,256,128,256,0.009999999776482582,0.9407345652580261,0.10697099439994417,1062.3298457460378,50251.25684018647,29421.460534992424,4.8011511375296555e-08,108.5837819640318,0.002206411368349995,0.04990063509376461,2176,2176
per_vector,crossbar_core_read_only,"adc,dac,sense,digital_bias,layernorm,softmax,residual,encoder",checkpoints\caption_transformer_epoch_10.pt,checkpoints\caption_transformer_array-128x128_cmm_crosssim.pt,checkpoints\caption_transformer_crosssim_decoder.pt,0.1,10.0,200,200,200,9800,76192,76192,1000.0,100000.0,128x128,10,0,0.0001,0.0001,same_decoder_mapped_linear_mac_only,0.9,configurable_reference,,layers.0.self_attn.q_proj|r0c0|neg,layers.0.self_attn.q_proj,self_attn,neg,0,0,0,128,0,128,0.009999999776482582,0.8728750348091125,0.10844450389612348,1143.9732888833098,50251.25684018647,29696.521248811237,5.24546713307551e-08,116.85566404018279,0.002410600704538368,0.05370205148905459,2176,2176
per_vector,crossbar_core_read_only,"adc,dac,sense,digital_bias,layernorm,softmax,residual,encoder",checkpoints\caption_transformer_epoch_10.pt,checkpoints\caption_transformer_array-128x128_cmm_crosssim.pt,checkpoints\caption_transformer_crosssim_decoder.pt,0.1,10.0,200,200,200,9800,76192,76192,1000.0,100000.0,128x128,10,0,0.0001,0.0001,same_decoder_mapped_linear_mac_only,0.9,configurable_reference,,layers.0.self_attn.q_proj|r0c0|pos,layers.0.self_attn.q_proj,self_attn,pos,0,0,0,128,0,128,0.009999999776482582,1.0,0.11127383012160408,1000.0,50251.25684018647,29032.9863341819,5.354412040055252e-08,119.42978332089469,0.0024606672978195175,0.05488501071732293,2176,2176
per_vector,crossbar_core_read_only,"adc,dac,sense,digital_bias,layernorm,softmax,residual,encoder",checkpoints\caption_transformer_epoch_10.pt,checkpoints\caption_transformer_array-128x128_cmm_crosssim.pt,checkpoints\caption_transformer_crosssim_decoder.pt,0.1,10.0,200,200,200,9800,76192,76192,1000.0,100000.0,128x128,10,0,0.0001,0.0001,same_decoder_mapped_linear_mac_only,0.9,configurable_reference,,layers.0.self_attn.q_proj|r0c1|neg,layers.0.self_attn.q_proj,self_attn,neg,0,1,0,128,128,256,0.009999999776482582,0.9570108652114868,0.1112466215225254,1044.451046343136,50251.25684018647,29279.805554768573,5.024881674121062e-08,114.83190942008214,0.0023092287105335933,0.05277201719672892,2176,2176
per_vector,crossbar_core_read_only,"adc,dac,sense,digital_bias,layernorm,softmax,residual,encoder",checkpoints\caption_transformer_epoch_10.pt,checkpoints\caption_transformer_array-128x128_cmm_crosssim.pt,checkpoints\caption_transformer_crosssim_decoder.pt,0.1,10.0,200,200,200,9800,76192,76192,1000.0,100000.0,128x128,10,0,0.0001,0.0001,same_decoder_mapped_linear_mac_only,0.9,configurable_reference,,layers.0.self_attn.q_proj|r0c1|pos,layers.0.self_attn.q_proj,self_attn,pos,0,1,0,128,128,256,0.009999999776482582,0.928601861000061,0.10997946013048931,1076.0604246540665,50251.25684018647,29387.20185596559,4.9447390150023456e-08,113.22287814870828,0.0022723984443944697,0.052032572678634315,2176,2176
per_vector,crossbar_core_read_only,"adc,dac,sense,digital_bias,layernorm,softmax,residual,encoder",checkpoints\caption_transformer_epoch_10.pt,checkpoints\caption_transformer_array-128x128_cmm_crosssim.pt,checkpoints\caption_transformer_crosssim_decoder.pt,0.1,10.0,200,200,200,9800,76192,76192,1000.0,100000.0,128x128,10,0,0.0001,0.0001,same_decoder_mapped_linear_mac_only,0.9,configurable_reference,,layers.0.self_attn.q_proj|r1c0|neg,layers.0.self_attn.q_proj,self_attn,neg,1,0,128,256,0,128,0.009999999776482582,0.9329379200935364,0.11065706288718502,1071.112737511938,50251.25684018647,29283.617947494262,5.3512871610460774e-08,119.15262389093445,0.002459231232098364,0.05475763965576032,2176,2176
per_vector,crossbar_core_read_only,"adc,dac,sense,digital_bias,layernorm,softmax,residual,encoder",checkpoints\caption_transformer_epoch_10.pt,checkpoints\caption_transformer_array-128x128_cmm_crosssim.pt,checkpoints\caption_transformer_crosssim_decoder.pt,0.1,10.0,200,200,200,9800,76192,76192,1000.0,100000.0,128x128,10,0,0.0001,0.0001,same_decoder_mapped_linear_mac_only,0.9,configurable_reference,,layers.0.self_attn.q_proj|r1c0|pos,layers.0.self_attn.q_proj,self_attn,pos,1,0,128,256,0,128,0.009999999776482582,0.867193877696991,0.10915157612572557,1151.3813931326451,50251.25684018647,29461.049244213405,5.241040728539316e-08,117.23410488168064,0.0024085665112772428,0.053875967316948825,2176,2176
per_vector,crossbar_core_read_only,"adc,dac,sense,digital_bias,layernorm,softmax,residual,encoder",checkpoints\caption_transformer_epoch_10.pt,checkpoints\caption_transformer_array-128x128_cmm_crosssim.pt,checkpoints\caption_transformer_crosssim_decoder.pt,0.1,10.0,200,200,200,9800,76192,76192,1000.0,100000.0,128x128,10,0,0.0001,0.0001,same_decoder_mapped_linear_mac_only,0.9,configurable_reference,,layers.0.self_attn.q_proj|r1c1|neg,layers.0.self_attn.q_proj,self_attn,neg,1,1,128,256,128,256,0.009999999776482582,0.9375165104866028,0.10934781881621802,1065.9374569970503,50251.25684018647,29368.65713079033,4.9263304615133994e-08,112.69373076243915,0.002263938631210215,0.05178939832832681,2176,2176
per_vector,crossbar_core_read_only,"adc,dac,sense,digital_bias,layernorm,softmax,residual,encoder",checkpoints\caption_transformer_epoch_10.pt,checkpoints\caption_transformer_array-128x128_cmm_crosssim.pt,checkpoints\caption_transformer_crosssim_decoder.pt,0.1,10.0,200,200,200,9800,76192,76192,1000.0,100000.0,128x128,10,0,0.0001,0.0001,same_decoder_mapped_linear_mac_only,0.9,configurable_reference,,layers.0.self_attn.q_proj|r1c1|pos,layers.0.self_attn.q_proj,self_attn,pos,1,1,128,256,128,256,0.009999999776482582,0.8949909210205078,0.11001165304753613,1116.0203459657112,50251.25684018647,29330.390321643736,4.9437992270500415e-08,113.32984354308465,0.002271966556548693,0.052081729569432286,2176,2176
per_vector,crossbar_core_read_only,"adc,dac,sense,digital_bias,layernorm,softmax,residual,encoder",checkpoints\caption_transformer_epoch_10.pt,checkpoints\caption_transformer_array-128x128_cmm_crosssim.pt,checkpoints\caption_transformer_crosssim_decoder.pt,0.1,10.0,200,200,200,9800,76192,76192,1000.0,100000.0,128x128,10,0,0.0001,0.0001,same_decoder_mapped_linear_mac_only,0.9,configurable_reference,,layers.0.self_attn.v_proj|r0c0|neg,layers.0.self_attn.v_proj,self_attn,neg,0,0,0,128,0,128,0.009999999776482582,0.8656988143920898,0.10273715555223362,1153.346897147007,50251.25684018647,29672.305913780703,4.8791609751148125e-08,109.79681304155677,0.002242261477534397,0.0504580942286566,2176,2176
per_vector,crossbar_core_read_only,"adc,dac,sense,digital_bias,layernorm,softmax,residual,encoder",checkpoints\caption_transformer_epoch_10.pt,checkpoints\caption_transformer_array-128x128_cmm_crosssim.pt,checkpoints\caption_transformer_crosssim_decoder.pt,0.1,10.0,200,200,200,9800,76192,76192,1000.0,100000.0,128x128,10,0,0.0001,0.0001,same_decoder_mapped_linear_mac_only,0.9,configurable_reference,,layers.0.self_attn.v_proj|r0c0|pos,layers.0.self_attn.v_proj,self_attn,pos,0,0,0,128,0,128,0.009999999776482582,0.8735862970352173,0.10424347878847584,1143.052527680241,50251.25684018647,29527.573456870225,4.923537343011426e-08,111.10390350245987,0.0022626550289574572,0.05105877918311575,2176,2176
per_vector,crossbar_core_read_only,"adc,dac,sense,digital_bias,layernorm,softmax,residual,encoder",checkpoints\caption_transformer_epoch_10.pt,checkpoints\caption_transformer_array-128x128_cmm_crosssim.pt,checkpoints\caption_transformer_crosssim_decoder.pt,0.1,10.0,200,200,200,9800,76192,76192,1000.0,100000.0,128x128,10,0,0.0001,0.0001,same_decoder_mapped_linear_mac_only,0.9,configurable_reference,,layers.0.self_attn.v_proj|r0c1|neg,layers.0.self_attn.v_proj,self_attn,neg,0,1,0,128,128,256,0.009999999776482582,0.9542666077613831,0.10118013770011203,1047.423193594979,50251.25684018647,29857.98853632868,4.4936685182358864e-08,103.73444889012274,0.002065105017571651,0.0476720812914167,2176,2176
per_vector,crossbar_core_read_only,"adc,dac,sense,digital_bias,layernorm,softmax,residual,encoder",checkpoints\caption_transformer_epoch_10.pt,checkpoints\caption_transformer_array-128x128_cmm_crosssim.pt,checkpoints\caption_transformer_crosssim_decoder.pt,0.1,10.0,200,200,200,9800,76192,76192,1000.0,100000.0,128x128,10,0,0.0001,0.0001,same_decoder_mapped_linear_mac_only,0.9,configurable_reference,,layers.0.self_attn.v_proj|r0c1|pos,layers.0.self_attn.v_proj,self_attn,pos,0,1,0,128,128,256,0.009999999776482582,0.8977442383766174,0.1030817154082797,1112.6356741910101,50251.25684018647,29459.13279453729,4.585667355603128e-08,105.6378647026034,0.0021073838950381846,0.048546812822887586,2176,2176
per_vector,crossbar_core_read_only,"adc,dac,sense,digital_bias,layernorm,softmax,residual,encoder",checkpoints\caption_transformer_epoch_10.pt,checkpoints\caption_transformer_array-128x128_cmm_crosssim.pt,checkpoints\caption_transformer_crosssim_decoder.pt,0.1,10.0,200,200,200,9800,76192,76192,1000.0,100000.0,128x128,10,0,0.0001,0.0001,same_decoder_mapped_linear_mac_only,0.9,configurable_reference,,layers.0.self_attn.v_proj|r1c0|neg,layers.0.self_attn.v_proj,self_attn,neg,1,0,128,256,0,128,0.009999999776482582,0.877508819103241,0.10232163234610425,1138.0011541857002,50251.25684018647,29618.952060842792,4.874785651750162e-08,109.62706632355133,0.0022402507590763535,0.05038008562663204,2176,2176
per_vector,crossbar_core_read_only,"adc,dac,sense,digital_bias,layernorm,softmax,residual,encoder",checkpoints\caption_transformer_epoch_10.pt,checkpoints\caption_transformer_array-128x128_cmm_crosssim.pt,checkpoints\caption_transformer_crosssim_decoder.pt,0.1,10.0,200,200,200,9800,76192,76192,1000.0,100000.0,128x128,10,0,0.0001,0.0001,same_decoder_mapped_linear_mac_only,0.9,configurable_reference,,layers.0.self_attn.v_proj|r1c0|pos,layers.0.self_attn.v_proj,self_attn,pos,1,0,128,256,0,128,0.009999999776482582,0.9457569122314453,0.1011706790354765,1056.748065273333,50251.25684018647,29745.52266996734,4.8076050567876546e-08,108.36468536847805,0.002209377323891378,0.04979994732007263,2176,2176
per_vector,crossbar_core_read_only,"adc,dac,sense,digital_bias,layernorm,softmax,residual,encoder",checkpoints\caption_transformer_epoch_10.pt,checkpoints\caption_transformer_array-128x128_cmm_crosssim.pt,checkpoints\caption_transformer_crosssim_decoder.pt,0.1,10.0,200,200,200,9800,76192,76192,1000.0,100000.0,128x128,10,0,0.0001,0.0001,same_decoder_mapped_linear_mac_only,0.9,configurable_reference,,layers.0.self_attn.v_proj|r1c1|neg,layers.0.self_attn.v_proj,self_attn,neg,1,1,128,256,128,256,0.009999999776482582,0.8900170922279358,0.10314779580545519,1122.1871968661633,50251.25684018647,29475.530341263184,4.599609720806861e-08,105.91176393512445,0.0021137912319884582,0.048672685631950575,2176,2176
per_vector,crossbar_core_read_only,"adc,dac,sense,digital_bias,layernorm,softmax,residual,encoder",checkpoints\caption_transformer_epoch_10.pt,checkpoints\caption_transformer_array-128x128_cmm_crosssim.pt,checkpoints\caption_transformer_crosssim_decoder.pt,0.1,10.0,200,200,200,9800,76192,76192,1000.0,100000.0,128x128,10,0,0.0001,0.0001,same_decoder_mapped_linear_mac_only,0.9,configurable_reference,,layers.0.self_attn.v_proj|r1c1|pos,layers.0.self_attn.v_proj,self_attn,pos,1,1,128,256,128,256,0.009999999776482582,1.0,0.10084562532779273,1000.0,50251.25684018647,29856.245661005705,4.481140696526793e-08,103.40066125693878,0.0020593477465656327,0.04751868623940201,2176,2176
per_vector,crossbar_core_read_only,"adc,dac,sense,digital_bias,layernorm,softmax,residual,encoder",checkpoints\caption_transformer_epoch_10.pt,checkpoints\caption_transformer_array-128x128_cmm_crosssim.pt,checkpoints\caption_transformer_crosssim_decoder.pt,0.1,10.0,200,200,200,9800,76192,76192,1000.0,100000.0,128x128,10,0,0.0001,0.0001,same_decoder_mapped_linear_mac_only,0.9,configurable_reference,,layers.1.cross_attn.k_proj|r0c0|neg,layers.1.cross_attn.k_proj,cross_attn,neg,0,0,0,128,0,128,0.009999999776482582,0.9603354334831238,0.11921418992073995,1040.8729152528342,50251.25684018647,29140.30134862892,2.700750042985016e-07,593.3370686042475,0.0027558673908010312,0.06054459883716812,9800,9800
per_vector,crossbar_core_read_only,"adc,dac,sense,digital_bias,layernorm,softmax,residual,encoder",checkpoints\caption_transformer_epoch_10.pt,checkpoints\caption_transformer_array-128x128_cmm_crosssim.pt,checkpoints\caption_transformer_crosssim_decoder.pt,0.1,10.0,200,200,200,9800,76192,76192,1000.0,100000.0,128x128,10,0,0.0001,0.0001,same_decoder_mapped_linear_mac_only,0.9,configurable_reference,,layers.1.cross_attn.k_proj|r0c0|pos,layers.1.cross_attn.k_proj,cross_attn,pos,0,0,0,128,0,128,0.009999999776482582,0.9616062641143799,0.11810433254265718,1039.5116275285902,50251.25684018647,29009.00993963147,2.6837530443880757e-07,588.8134505387945,0.0027385235146817196,0.06008300515701985,9800,9800
per_vector,crossbar_core_read_only,"adc,dac,sense,digital_bias,layernorm,softmax,residual,encoder",checkpoints\caption_transformer_epoch_10.pt,checkpoints\caption_transformer_array-128x128_cmm_crosssim.pt,checkpoints\caption_transformer_crosssim_decoder.pt,0.1,10.0,200,200,200,9800,76192,76192,1000.0,100000.0,128x128,10,0,0.0001,0.0001,same_decoder_mapped_linear_mac_only,0.9,configurable_reference,,layers.1.cross_attn.k_proj|r0c1|neg,layers.1.cross_attn.k_proj,cross_attn,neg,0,1,0,128,128,256,0.009999999776482582,0.9457365274429321,0.11984435062333887,1056.7706021428073,50251.25684018647,29100.380713494636,2.7187517046106065e-07,596.3317366799438,0.0027742364332761127,0.06085017721223916,9800,9800
per_vector,crossbar_core_read_only,"adc,dac,sense,digital_bias,layernorm,softmax,residual,encoder",checkpoints\caption_transformer_epoch_10.pt,checkpoints\caption_transformer_array-128x128_cmm_crosssim.pt,checkpoints\caption_transformer_crosssim_decoder.pt,0.1,10.0,200,200,200,9800,76192,76192,1000.0,100000.0,128x128,10,0,0.0001,0.0001,same_decoder_mapped_linear_mac_only,0.9,configurable_reference,,layers.1.cross_attn.k_proj|r0c1|pos,layers.1.cross_attn.k_proj,cross_attn,pos,0,1,0,128,128,256,0.009999999776482582,0.9712430834770203,0.11837714706905444,1029.3036017755308,50251.25684018647,29086.654452243907,2.683241906586397e-07,588.9913315770198,0.002738001945496327,0.060101156283369365,9800,9800
per_vector,crossbar_core_read_only,"adc,dac,sense,digital_bias,layernorm,softmax,residual,encoder",checkpoints\caption_transformer_epoch_10.pt,checkpoints\caption_transformer_array-128x128_cmm_crosssim.pt,checkpoints\caption_transformer_crosssim_decoder.pt,0.1,10.0,200,200,200,9800,76192,76192,1000.0,100000.0,128x128,10,0,0.0001,0.0001,same_decoder_mapped_linear_mac_only,0.9,configurable_reference,,layers.1.cross_attn.k_proj|r1c0|neg,layers.1.cross_attn.k_proj,cross_attn,neg,1,0,128,256,0,128,0.009999999776482582,1.0,0.11612869823039773,1000.0,50251.25684018647,29136.569553574904,2.634846268399198e-07,578.9849118611157,0.002688618641223691,0.059080093047052626,9800,9800
per_vector,crossbar_core_read_only,"adc,dac,sense,digital_bias,layernorm,softmax,residual,encoder",checkpoints\caption_transformer_epoch_10.pt,checkpoints\caption_transformer_array-128x128_cmm_crosssim.pt,checkpoints\caption_transformer_crosssim_decoder.pt,0.1,10.0,200,200,200,9800,76192,76192,1000.0,100000.0,128x128,10,0,0.0001,0.0001,same_decoder_mapped_linear_mac_only,0.9,configurable_reference,,layers.1.cross_attn.k_proj|r1c0|pos,layers.1.cross_attn.k_proj,cross_attn,pos,1,0,128,256,0,128,0.009999999776482582,0.9424219131469727,0.11734640466994506,1060.4479802509038,50251.25684018647,29045.81681616518,2.666451674119422e-07,585.2368650712012,0.0027208690552239013,0.059718047456245024,9800,9800
per_vector,crossbar_core_read_only,"adc,dac,sense,digital_bias,layernorm,softmax,residual,encoder",checkpoints\caption_transformer_epoch_10.pt,checkpoints\caption_transformer_array-128x128_cmm_crosssim.pt,checkpoints\caption_transformer_crosssim_decoder.pt,0.1,10.0,200,200,200,9800,76192,76192,1000.0,100000.0,128x128,10,0,0.0001,0.0001,same_decoder_mapped_linear_mac_only,0.9,configurable_reference,,layers.1.cross_attn.k_proj|r1c1|neg,layers.1.cross_attn.k_proj,cross_attn,neg,1,1,128,256,128,256,0.009999999776482582,0.9542781710624695,0.1190024610382352,1047.410634562195,50251.25684018647,29001.29748782698,2.704876763893801e-07,592.8468622889118,0.0027600783305038934,0.06049457778458284,9800,9800
per_vector,crossbar_core_read_only,"adc,dac,sense,digital_bias,layernorm,softmax,residual,encoder",checkpoints\caption_transformer_epoch_10.pt,checkpoints\caption_transformer_array-128x128_cmm_crosssim.pt,checkpoints\caption_transformer_crosssim_decoder.pt,0.1,10.0,200,200,200,9800,76192,76192,1000.0,100000.0,128x128,10,0,0.0001,0.0001,same_decoder_mapped_linear_mac_only,0.9,configurable_reference,,layers.1.cross_attn.k_proj|r1c1|pos,layers.1.cross_attn.k_proj,cross_attn,pos,1,1,128,256,128,256,0.009999999776482582,0.9130743741989136,0.11706301338585945,1094.1593843156954,50251.25684018647,29233.02781270124,2.6525699137917506e-07,582.6626184376607,0.0027067039936650526,0.05945536922833273,9800,9800
per_vector,crossbar_core_read_only,"adc,dac,sense,digital_bias,layernorm,softmax,residual,encoder",checkpoints\caption_transformer_epoch_10.pt,checkpoints\caption_transformer_array-128x128_cmm_crosssim.pt,checkpoints\caption_transformer_crosssim_decoder.pt,0.1,10.0,200,200,200,9800,76192,76192,1000.0,100000.0,128x128,10,0,0.0001,0.0001,same_decoder_mapped_linear_mac_only,0.9,configurable_reference,,layers.1.cross_attn.o_proj|r0c0|neg,layers.1.cross_attn.o_proj,cross_attn,neg,0,0,0,128,0,128,0.009999999776482582,0.9511844515800476,0.11169014480509531,1050.7815319859158,50251.25684018647,29153.620753239913,5.011379462037647e-08,113.97021136239168,0.002303023649833476,0.05237601625109912,2176,2176
per_vector,crossbar_core_read_only,"adc,dac,sense,digital_bias,layernorm,softmax,residual,encoder",checkpoints\caption_transformer_epoch_10.pt,checkpoints\caption_transformer_array-128x128_cmm_crosssim.pt,checkpoints\caption_transformer_crosssim_decoder.pt,0.1,10.0,200,200,200,9800,76192,76192,1000.0,100000.0,128x128,10,0,0.0001,0.0001,same_decoder_mapped_linear_mac_only,0.9,configurable_reference,,layers.1.cross_attn.o_proj|r0c0|pos,layers.1.cross_attn.o_proj,cross_attn,pos,0,0,0,128,0,128,0.009999999776482582,0.9024580121040344,0.10972988181288201,1106.8884154586208,50251.25684018647,29455.38330111413,4.969629556464242e-08,112.52832195730441,0.0022838371123456995,0.05171338325243769,2176,2176
per_vector,crossbar_core_read_only,"adc,dac,sense,digital_bias,layernorm,softmax,residual,encoder",checkpoints\caption_transformer_epoch_10.pt,checkpoints\caption_transformer_array-128x128_cmm_crosssim.pt,checkpoints\caption_transformer_crosssim_decoder.pt,0.1,10.0,200,200,200,9800,76192,76192,1000.0,100000.0,128x128,10,0,0.0001,0.0001,same_decoder_mapped_linear_mac_only,0.9,configurable_reference,,layers.1.cross_attn.o_proj|r0c1|neg,layers.1.cross_attn.o_proj,cross_attn,neg,0,1,0,128,128,256,0.009999999776482582,0.9284303188323975,0.11281937189227165,1076.2571040105158,50251.25684018647,28995.949385911554,4.6049966228116515e-08,108.3592810725636,0.002116266830336235,0.04979746372820019,2176,2176
per_vector,crossbar_core_read_only,"adc,dac,sense,digital_bias,layernorm,softmax,residual,encoder",checkpoints\caption_transformer_epoch_10.pt,checkpoints\caption_transformer_array-128x128_cmm_crosssim.pt,checkpoints\caption_transformer_crosssim_decoder.pt,0.1,10.0,200,200,200,9800,76192,76192,1000.0,100000.0,128x128,10,0,0.0001,0.0001,same_decoder_mapped_linear_mac_only,0.9,configurable_reference,,layers.1.cross_attn.o_proj|r0c1|pos,layers.1.cross_attn.o_proj,cross_attn,pos,0,1,0,128,128,256,0.009999999776482582,0.9823599457740784,0.10986763324888216,1017.7740536002927,50251.25684018647,29673.776521272397,4.498407349800222e-08,105.78853744727164,0.0020672827894302474,0.04861605581216527,2176,2176
per_vector,crossbar_core_read_only,"adc,dac,sense,digital_bias,layernorm,softmax,residual,encoder",checkpoints\caption_transformer_epoch_10.pt,checkpoints\caption_transformer_array-128x128_cmm_crosssim.pt,checkpoints\caption_transformer_crosssim_decoder.pt,0.1,10.0,200,200,200,9800,76192,76192,1000.0,100000.0,128x128,10,0,0.0001,0.0001,same_decoder_mapped_linear_mac_only,0.9,configurable_reference,,layers.1.cross_attn.o_proj|r1c0|neg,layers.1.cross_attn.o_proj,cross_attn,neg,1,0,128,256,0,128,0.009999999776482582,1.0,0.11051886710595227,1000.0,50251.25684018647,29339.481878146922,5.0040604841333154e-08,113.32154642248587,0.0022996601489583294,0.05207791655445122,2176,2176
per_vector,crossbar_core_read_only,"adc,dac,sense,digital_bias,layernorm,softmax,residual,encoder",checkpoints\caption_transformer_epoch_10.pt,checkpoints\caption_transformer_array-128x128_cmm_crosssim.pt,checkpoints\caption_transformer_crosssim_decoder.pt,0.1,10.0,200,200,200,9800,76192,76192,1000.0,100000.0,128x128,10,0,0.0001,0.0001,same_decoder_mapped_linear_mac_only,0.9,configurable_reference,,layers.1.cross_attn.o_proj|r1c0|pos,layers.1.cross_attn.o_proj,cross_attn,pos,1,0,128,256,0,128,0.009999999776482582,0.8501838445663452,0.11184637647284035,1174.1471497735292,50251.25684018647,29207.612542158487,5.020589419988555e-08,114.13707298264914,0.0023072561672741487,0.05245269898099685,2176,2176
per_vector,crossbar_core_read_only,"adc,dac,sense,digital_bias,layernorm,softmax,residual,encoder",checkpoints\caption_transformer_epoch_10.pt,checkpoints\caption_transformer_array-128x128_cmm_crosssim.pt,checkpoints\caption_transformer_crosssim_decoder.pt,0.1,10.0,200,200,200,9800,76192,76192,1000.0,100000.0,128x128,10,0,0.0001,0.0001,same_decoder_mapped_linear_mac_only,0.9,configurable_reference,,layers.1.cross_attn.o_proj|r1c1|neg,layers.1.cross_attn.o_proj,cross_attn,neg,1,1,128,256,128,256,0.009999999776482582,0.9211471676826477,0.10997202797398131,1084.6743480400892,50251.25684018647,29530.799310757677,4.525641457729624e-08,106.20666650836465,0.0020797984640301536,0.04880821071156464,2176,2176
per_vector,crossbar_core_read_only,"adc,dac,sense,digital_bias,layernorm,softmax,residual,encoder",checkpoints\caption_transformer_epoch_10.pt,checkpoints\caption_transformer_array-128x128_cmm_crosssim.pt,checkpoints\caption_transformer_crosssim_decoder.pt,0.1,10.0,200,200,200,9800,76192,76192,1000.0,100000.0,128x128,10,0,0.0001,0.0001,same_decoder_mapped_linear_mac_only,0.9,configurable_reference,,layers.1.cross_attn.o_proj|r1c1|pos,layers.1.cross_attn.o_proj,cross_attn,pos,1,1,128,256,128,256,0.009999999776482582,0.9534299969673157,0.1127204189629083,1048.332645956439,50251.25684018647,29022.864120365404,4.603672138658246e-08,108.30358924881,0.002115658151956917,0.04977187005919577,2176,2176
per_vector,crossbar_core_read_only,"adc,dac,sense,digital_bias,layernorm,softmax,residual,encoder",checkpoints\caption_transformer_epoch_10.pt,checkpoints\caption_transformer_array-128x128_cmm_crosssim.pt,checkpoints\caption_transformer_crosssim_decoder.pt,0.1,10.0,200,200,200,9800,76192,76192,1000.0,100000.0,128x128,10,0,0.0001,0.0001,same_decoder_mapped_linear_mac_only,0.9,configurable_reference,,layers.1.cross_attn.q_proj|r0c0|neg,layers.1.cross_attn.q_proj,cross_attn,neg,0,0,0,128,0,128,0.009999999776482582,0.9120808839797974,0.10473587939901563,1095.3381502982518,50251.25684018647,29892.962723497145,4.2032951217890766e-08,100.80745700621043,0.001931661361116313,0.04632695634476582,2176,2176
per_vector,crossbar_core_read_only,"adc,dac,sense,digital_bias,layernorm,softmax,residual,encoder",checkpoints\caption_transformer_epoch_10.pt,checkpoints\caption_transformer_array-128x128_cmm_crosssim.pt,checkpoints\caption_transformer_crosssim_decoder.pt,0.1,10.0,200,200,200,9800,76192,76192,1000.0,100000.0,128x128,10,0,0.0001,0.0001,same_decoder_mapped_linear_mac_only,0.9,configurable_reference,,layers.1.cross_attn.q_proj|r0c0|pos,layers.1.cross_attn.q_proj,cross_attn,pos,0,0,0,128,0,128,0.009999999776482582,0.9921474456787109,0.1096725843702302,1007.8349378100862,50251.25684018647,28983.221430036123,4.4095707146111386e-08,105.33099307758474,0.0020264571298764435,0.04840578725991945,2176,2176
per_vector,crossbar_core_read_only,"adc,dac,sense,digital_bias,layernorm,softmax,residual,encoder",checkpoints\caption_transformer_epoch_10.pt,checkpoints\caption_transformer_array-128x128_cmm_crosssim.pt,checkpoints\caption_transformer_crosssim_decoder.pt,0.1,10.0,200,200,200,9800,76192,76192,1000.0,100000.0,128x128,10,0,0.0001,0.0001,same_decoder_mapped_linear_mac_only,0.9,configurable_reference,,layers.1.cross_attn.q_proj|r0c1|neg,layers.1.cross_attn.q_proj,cross_attn,neg,0,1,0,128,128,256,0.009999999776482582,0.9236092567443848,0.1078638545297963,1081.814183658606,50251.25684018647,29365.48145255891,3.9967447100737354e-08,96.08760141229307,0.001836739296908887,0.04415790506079645,2176,2176
per_vector,crossbar_core_read_only,"adc,dac,sense,digital_bias,layernorm,softmax,residual,encoder",checkpoints\caption_transformer_epoch_10.pt,checkpoints\caption_transformer_array-128x128_cmm_crosssim.pt,checkpoints\caption_transformer_crosssim_decoder.pt,0.1,10.0,200,200,200,9800,76192,76192,1000.0,100000.0,128x128,10,0,0.0001,0.0001,same_decoder_mapped_linear_mac_only,0.9,configurable_reference,,layers.1.cross_attn.q_proj|r0c1|pos,layers.1.cross_attn.q_proj,cross_attn,pos,0,1,0,128,128,256,0.009999999776482582,1.0,0.10769415547878225,1000.0,50251.25684018647,29518.467593433896,4.026364784996797e-08,96.30464764125536,0.001850351463693382,0.04425765057042985,2176,2176
per_vector,crossbar_core_read_only,"adc,dac,sense,digital_bias,layernorm,softmax,residual,encoder",checkpoints\caption_transformer_epoch_10.pt,checkpoints\caption_transformer_array-128x128_cmm_crosssim.pt,checkpoints\caption_transformer_crosssim_decoder.pt,0.1,10.0,200,200,200,9800,76192,76192,1000.0,100000.0,128x128,10,0,0.0001,0.0001,same_decoder_mapped_linear_mac_only,0.9,configurable_reference,,layers.1.cross_attn.q_proj|r1c0|neg,layers.1.cross_attn.q_proj,cross_attn,neg,1,0,128,256,0,128,0.009999999776482582,0.9581531882286072,0.105882975029715,1043.2188281172287,50251.25684018647,29401.68792362755,4.258806591751687e-08,101.97295543691195,0.001957172146944717,0.04686257143240439,2176,2176
per_vector,crossbar_core_read_only,"adc,dac,sense,digital_bias,layernorm,softmax,residual,encoder",checkpoints\caption_transformer_epoch_10.pt,checkpoints\caption_transformer_array-128x128_cmm_crosssim.pt,checkpoints\caption_transformer_crosssim_decoder.pt,0.1,10.0,200,200,200,9800,76192,76192,1000.0,100000.0,128x128,10,0,0.0001,0.0001,same_decoder_mapped_linear_mac_only,0.9,configurable_reference,,layers.1.cross_attn.q_proj|r1c0|pos,layers.1.cross_attn.q_proj,cross_attn,pos,1,0,128,256,0,128,0.009999999776482582,0.8524364829063416,0.10763364657572083,1171.0806988565316,50251.25684018647,29437.94328310471,4.3381008678062585e-08,103.61185622448475,0.001993612531160963,0.047615742750222775,2176,2176
per_vector,crossbar_core_read_only,"adc,dac,sense,digital_bias,layernorm,softmax,residual,encoder",checkpoints\caption_transformer_epoch_10.pt,checkpoints\caption_transformer_array-128x128_cmm_crosssim.pt,checkpoints\caption_transformer_crosssim_decoder.pt,0.1,10.0,200,200,200,9800,76192,76192,1000.0,100000.0,128x128,10,0,0.0001,0.0001,same_decoder_mapped_linear_mac_only,0.9,configurable_reference,,layers.1.cross_attn.q_proj|r1c1|neg,layers.1.cross_attn.q_proj,cross_attn,neg,1,1,128,256,128,256,0.009999999776482582,0.9176236987113953,0.10862346671609657,1088.7939067550071,50251.25684018647,29397.28481288943,4.0501233518632806e-08,97.01087539702192,0.0018612699227312868,0.04458220376701375,2176,2176
per_vector,crossbar_core_read_only,"adc,dac,sense,digital_bias,layernorm,softmax,residual,encoder",checkpoints\caption_transformer_epoch_10.pt,checkpoints\caption_transformer_array-128x128_cmm_crosssim.pt,checkpoints\caption_transformer_crosssim_decoder.pt,0.1,10.0,200,200,200,9800,76192,76192,1000.0,100000.0,128x128,10,0,0.0001,0.0001,same_decoder_mapped_linear_mac_only,0.9,configurable_reference,,layers.1.cross_attn.q_proj|r1c1|pos,layers.1.cross_attn.q_proj,cross_attn,pos,1,1,128,256,128,256,0.009999999776482582,0.883345365524292,0.10909931537736384,1130.5670241194546,50251.25684018647,29347.04772862856,4.0654652459112236e-08,97.30224784369474,0.0018683204255106767,0.0447161065458156,2176,2176
per_vector,crossbar_core_read_only,"adc,dac,sense,digital_bias,layernorm,softmax,residual,encoder",checkpoints\caption_transformer_epoch_10.pt,checkpoints\caption_transformer_array-128x128_cmm_crosssim.pt,checkpoints\caption_transformer_crosssim_decoder.pt,0.1,10.0,200,200,200,9800,76192,76192,1000.0,100000.0,128x128,10,0,0.0001,0.0001,same_decoder_mapped_linear_mac_only,0.9,configurable_reference,,layers.1.cross_attn.v_proj|r0c0|neg,layers.1.cross_attn.v_proj,cross_attn,neg,0,0,0,128,0,128,0.009999999776482582,0.9775077700614929,0.12566876743704825,1022.774432943788,50251.25684018647,28704.212690088738,2.837804952345553e-07,623.1473786351961,0.0028957193391281333,0.06358646720767307,9800,9800
per_vector,crossbar_core_read_only,"adc,dac,sense,digital_bias,layernorm,softmax,residual,encoder",checkpoints\caption_transformer_epoch_10.pt,checkpoints\caption_transformer_array-128x128_cmm_crosssim.pt,checkpoints\caption_transformer_crosssim_decoder.pt,0.1,10.0,200,200,200,9800,76192,76192,1000.0,100000.0,128x128,10,0,0.0001,0.0001,same_decoder_mapped_linear_mac_only,0.9,configurable_reference,,layers.1.cross_attn.v_proj|r0c0|pos,layers.1.cross_attn.v_proj,cross_attn,pos,0,0,0,128,0,128,0.009999999776482582,0.9552122354507446,0.12334957119190904,1046.3971304192096,50251.25684018647,29031.608860975757,2.786464468739681e-07,612.1655536079086,0.002843331090550707,0.062465872817133526,9800,9800
per_vector,crossbar_core_read_only,"adc,dac,sense,digital_bias,layernorm,softmax,residual,encoder",checkpoints\caption_transformer_epoch_10.pt,checkpoints\caption_transformer_array-128x128_cmm_crosssim.pt,checkpoints\caption_transformer_crosssim_decoder.pt,0.1,10.0,200,200,200,9800,76192,76192,1000.0,100000.0,128x128,10,0,0.0001,0.0001,same_decoder_mapped_linear_mac_only,0.9,configurable_reference,,layers.1.cross_attn.v_proj|r0c1|neg,layers.1.cross_attn.v_proj,cross_attn,neg,0,1,0,128,128,256,0.009999999776482582,0.9471732974052429,0.12389396972730538,1055.1844985084508,50251.25684018647,29090.017459618495,2.79123932433403e-07,613.5632700983762,0.0028482033921775683,0.06260849694881389,9800,9800
per_vector,crossbar_core_read_only,"adc,dac,sense,digital_bias,layernorm,softmax,residual,encoder",checkpoints\caption_transformer_epoch_10.pt,checkpoints\caption_transformer_array-128x128_cmm_crosssim.pt,checkpoints\caption_transformer_crosssim_decoder.pt,0.1,10.0,200,200,200,9800,76192,76192,1000.0,100000.0,128x128,10,0,0.0001,0.0001,same_decoder_mapped_linear_mac_only,0.9,configurable_reference,high,layers.1.cross_attn.v_proj|r0c1|pos,layers.1.cross_attn.v_proj,cross_attn,pos,0,1,0,128,128,256,0.009999999776482582,0.9613766670227051,0.12664201201278047,1039.757303628065,50251.25684018647,28619.95057776018,2.8466197731992395e-07,625.8730702978916,0.002904714054284937,0.06386459900998893,9800,9800
per_vector,crossbar_core_read_only,"adc,dac,sense,digital_bias,layernorm,softmax,residual,encoder",checkpoints\caption_transformer_epoch_10.pt,checkpoints\caption_transformer_array-128x128_cmm_crosssim.pt,checkpoints\caption_transformer_crosssim_decoder.pt,0.1,10.0,200,200,200,9800,76192,76192,1000.0,100000.0,128x128,10,0,0.0001,0.0001,same_decoder_mapped_linear_mac_only,0.9,configurable_reference,,layers.1.cross_attn.v_proj|r1c0|neg,layers.1.cross_attn.v_proj,cross_attn,neg,1,0,128,256,0,128,0.009999999776482582,1.0,0.12550153102898776,1000.0,50251.25684018647,28840.069834560283,2.834240459818218e-07,622.347782608303,0.0028920821018553274,0.06350487577635744,9800,9800
per_vector,crossbar_core_read_only,"adc,dac,sense,digital_bias,layernorm,softmax,residual,encoder",checkpoints\caption_transformer_epoch_10.pt,checkpoints\caption_transformer_array-128x128_cmm_crosssim.pt,checkpoints\caption_transformer_crosssim_decoder.pt,0.1,10.0,200,200,200,9800,76192,76192,1000.0,100000.0,128x128,10,0,0.0001,0.0001,same_decoder_mapped_linear_mac_only,0.9,configurable_reference,,layers.1.cross_attn.v_proj|r1c0|pos,layers.1.cross_attn.v_proj,cross_attn,pos,1,0,128,256,0,128,0.009999999776482582,0.8744971752166748,0.1250715302173262,1141.8755168916082,50251.25684018647,28865.577158230044,2.8166650794117604e-07,619.4748755798903,0.0028741480402160935,0.06321172199794799,9800,9800
per_vector,crossbar_core_read_only,"adc,dac,sense,digital_bias,layernorm,softmax,residual,encoder",checkpoints\caption_transformer_epoch_10.pt,checkpoints\caption_transformer_array-128x128_cmm_crosssim.pt,checkpoints\caption_transformer_crosssim_decoder.pt,0.1,10.0,200,200,200,9800,76192,76192,1000.0,100000.0,128x128,10,0,0.0001,0.0001,same_decoder_mapped_linear_mac_only,0.9,configurable_reference,,layers.1.cross_attn.v_proj|r1c1|neg,layers.1.cross_attn.v_proj,cross_attn,neg,1,1,128,256,128,256,0.009999999776482582,0.9036574959754944,0.12631734525103866,1105.4354114175976,50251.25684018647,28817.410154260266,2.844193610698353e-07,624.8996014620408,0.0029022383782636237,0.06376526545531028,9800,9800
per_vector,crossbar_core_read_only,"adc,dac,sense,digital_bias,layernorm,softmax,residual,encoder",checkpoints\caption_transformer_epoch_10.pt,checkpoints\caption_transformer_array-128x128_cmm_crosssim.pt,checkpoints\caption_transformer_crosssim_decoder.pt,0.1,10.0,200,200,200,9800,76192,76192,1000.0,100000.0,128x128,10,0,0.0001,0.0001,same_decoder_mapped_linear_mac_only,0.9,configurable_reference,,layers.1.cross_attn.v_proj|r1c1|pos,layers.1.cross_attn.v_proj,cross_attn,pos,1,1,128,256,128,256,0.009999999776482582,0.8869526386260986,0.12558184309261833,1126.0207363676766,50251.25684018647,28884.737493642777,2.8228946485635453e-07,620.8952318974196,0.002880504743432199,0.06335665631606323,9800,9800
per_vector,crossbar_core_read_only,"adc,dac,sense,digital_bias,layernorm,softmax,residual,encoder",checkpoints\caption_transformer_epoch_10.pt,checkpoints\caption_transformer_array-128x128_cmm_crosssim.pt,checkpoints\caption_transformer_crosssim_decoder.pt,0.1,10.0,200,200,200,9800,76192,76192,1000.0,100000.0,128x128,10,0,0.0001,0.0001,same_decoder_mapped_linear_mac_only,0.9,configurable_reference,,layers.1.ffn.0|r0c0|neg,layers.1.ffn.0,ffn,neg,0,0,0,128,0,128,0.009999999776482582,0.8046965003013611,0.10187459161988954,1239.6957491956402,50251.25684018647,29475.279029725243,4.24720375882918e-08,100.33613769136859,0.0019518399626972248,0.04611035739493042,2176,2176
per_vector,crossbar_core_read_only,"adc,dac,sense,digital_bias,layernorm,softmax,residual,encoder",checkpoints\caption_transformer_epoch_10.pt,checkpoints\caption_transformer_array-128x128_cmm_crosssim.pt,checkpoints\caption_transformer_crosssim_decoder.pt,0.1,10.0,200,200,200,9800,76192,76192,1000.0,100000.0,128x128,10,0,0.0001,0.0001,same_decoder_mapped_linear_mac_only,0.9,configurable_reference,,layers.1.ffn.0|r0c0|pos,layers.1.ffn.0,ffn,pos,0,0,0,128,0,128,0.009999999776482582,0.9605668783187866,0.10145115542809435,1040.6247308184973,50251.25684018647,29817.26289325978,4.0015821258780746e-08,97.4968263562034,0.001838962374024856,0.04480552681810818,2176,2176
per_vector,crossbar_core_read_only,"adc,dac,sense,digital_bias,layernorm,softmax,residual,encoder",checkpoints\caption_transformer_epoch_10.pt,checkpoints\caption_transformer_array-128x128_cmm_crosssim.pt,checkpoints\caption_transformer_crosssim_decoder.pt,0.1,10.0,200,200,200,9800,76192,76192,1000.0,100000.0,128x128,10,0,0.0001,0.0001,same_decoder_mapped_linear_mac_only,0.9,configurable_reference,,layers.1.ffn.0|r0c1|neg,layers.1.ffn.0,ffn,neg,0,1,0,128,128,256,0.009999999776482582,0.8614155650138855,0.10169108769844115,1159.0152602293815,50251.25684018647,29797.158068809305,4.1138664855840813e-08,97.66144806568991,0.0018905636422720965,0.0448811801772472,2176,2176
per_vector,crossbar_core_read_only,"adc,dac,sense,digital_bias,layernorm,softmax,residual,encoder",checkpoints\caption_transformer_epoch_10.pt,checkpoints\caption_transformer_array-128x128_cmm_crosssim.pt,checkpoints\caption_transformer_crosssim_decoder.pt,0.1,10.0,200,200,200,9800,76192,76192,1000.0,100000.0,128x128,10,0,0.0001,0.0001,same_decoder_mapped_linear_mac_only,0.9,configurable_reference,,layers.1.ffn.0|r0c1|pos,layers.1.ffn.0,ffn,pos,0,1,0,128,128,256,0.009999999776482582,0.8291422128677368,0.10307368328068378,1203.5855428511763,50251.25684018647,29465.822166009868,4.1983845643063087e-08,99.2734877932842,0.001929404671096648,0.04562200725794311,2176,2176
per_vector,crossbar_core_read_only,"adc,dac,sense,digital_bias,layernorm,softmax,residual,encoder",checkpoints\caption_transformer_epoch_10.pt,checkpoints\caption_transformer_array-128x128_cmm_crosssim.pt,checkpoints\caption_transformer_crosssim_decoder.pt,0.1,10.0,200,200,200,9800,76192,76192,1000.0,100000.0,128x128,10,0,0.0001,0.0001,same_decoder_mapped_linear_mac_only,0.9,configurable_reference,,layers.1.ffn.0|r1c0|neg,layers.1.ffn.0,ffn,neg,1,0,128,256,0,128,0.009999999776482582,0.9069197773933411,0.10050194517765476,1101.5028490913378,50251.25684018647,29615.511195051862,4.19561008469998e-08,99.08457541879353,0.001928129634512866,0.045535190909372025,2176,2176
per_vector,crossbar_core_read_only,"adc,dac,sense,digital_bias,layernorm,softmax,residual,encoder",checkpoints\caption_transformer_epoch_10.pt,checkpoints\caption_transformer_array-128x128_cmm_crosssim.pt,checkpoints\caption_transformer_crosssim_decoder.pt,0.1,10.0,200,200,200,9800,76192,76192,1000.0,100000.0,128x128,10,0,0.0001,0.0001,same_decoder_mapped_linear_mac_only,0.9,configurable_reference,,layers.1.ffn.0|r1c0|pos,layers.1.ffn.0,ffn,pos,1,0,128,256,0,128,0.009999999776482582,0.9332072138786316,0.1002679216005049,1070.8069583445188,50251.25684018647,29769.926786909033,3.973423172015421e-08,96.62073317694491,0.0018260216783159105,0.044402910467346006,2176,2176
per_vector,crossbar_core_read_only,"adc,dac,sense,digital_bias,layernorm,softmax,residual,encoder",checkpoints\caption_transformer_epoch_10.pt,checkpoints\caption_transformer_array-128x128_cmm_crosssim.pt,checkpoints\caption_transformer_crosssim_decoder.pt,0.1,10.0,200,200,200,9800,76192,76192,1000.0,100000.0,128x128,10,0,0.0001,0.0001,same_decoder_mapped_linear_mac_only,0.9,configurable_reference,,layers.1.ffn.0|r1c1|neg,layers.1.ffn.0,ffn,neg,1,1,128,256,128,256,0.009999999776482582,0.9429114460945129,0.09919662121546935,1059.9032610060392,50251.25684018647,30146.085384706606,4.051225710544526e-08,95.8286570879895,0.0018617765213899472,0.04403890491175988,2176,2176
per_vector,crossbar_core_read_only,"adc,dac,sense,digital_bias,layernorm,softmax,residual,encoder",checkpoints\caption_transformer_epoch_10.pt,checkpoints\caption_transformer_array-128x128_cmm_crosssim.pt,checkpoints\caption_transformer_crosssim_decoder.pt,0.1,10.0,200,200,200,9800,76192,76192,1000.0,100000.0,128x128,10,0,0.0001,0.0001,same_decoder_mapped_linear_mac_only,0.9,configurable_reference,,layers.1.ffn.0|r1c1|pos,layers.1.ffn.0,ffn,pos,1,1,128,256,128,256,0.009999999776482582,1.0,0.10323252380192116,1000.0,50251.25684018647,29249.06231611276,4.209853847086104e-08,99.50413718813127,0.0019346754811976623,0.045728004222486796,2176,2176
per_vector,crossbar_core_read_only,"adc,dac,sense,digital_bias,layernorm,softmax,residual,encoder",checkpoints\caption_transformer_epoch_10.pt,checkpoints\caption_transformer_array-128x128_cmm_crosssim.pt,checkpoints\caption_transformer_crosssim_decoder.pt,0.1,10.0,200,200,200,9800,76192,76192,1000.0,100000.0,128x128,10,0,0.0001,0.0001,same_decoder_mapped_linear_mac_only,0.9,configurable_reference,,layers.1.ffn.0|r2c0|neg,layers.1.ffn.0,ffn,neg,2,0,256,384,0,128,0.009999999776482582,0.9014542698860168,0.10226528816218661,1108.1072451419354,50251.25684018647,29307.15793399604,4.274558495292975e-08,100.75366636434161,0.001964411073204492,0.0463022363806717,2176,2176
per_vector,crossbar_core_read_only,"adc,dac,sense,digital_bias,layernorm,softmax,residual,encoder",checkpoints\caption_transformer_epoch_10.pt,checkpoints\caption_transformer_array-128x128_cmm_crosssim.pt,checkpoints\caption_transformer_crosssim_decoder.pt,0.1,10.0,200,200,200,9800,76192,76192,1000.0,100000.0,128x128,10,0,0.0001,0.0001,same_decoder_mapped_linear_mac_only,0.9,configurable_reference,,layers.1.ffn.0|r2c0|pos,layers.1.ffn.0,ffn,pos,2,0,256,384,0,128,0.009999999776482582,0.8517672419548035,0.0989575610266229,1171.990043364072,50251.25684018647,30053.658264685953,3.89987427539506e-08,95.18596677605836,0.0017922216339131733,0.043743550908115054,2176,2176
per_vector,crossbar_core_read_only,"adc,dac,sense,digital_bias,layernorm,softmax,residual,encoder",checkpoints\caption_transformer_epoch_10.pt,checkpoints\caption_transformer_array-128x128_cmm_crosssim.pt,checkpoints\caption_transformer_crosssim_decoder.pt,0.1,10.0,200,200,200,9800,76192,76192,1000.0,100000.0,128x128,10,0,0.0001,0.0001,same_decoder_mapped_linear_mac_only,0.9,configurable_reference,,layers.1.ffn.0|r2c1|neg,layers.1.ffn.0,ffn,neg,2,1,256,384,128,256,0.009999999776482582,0.8617392182350159,0.0994245071668729,1158.5849990300005,50251.25684018647,29895.883351820135,4.046486488489486e-08,95.82709885312116,0.001859598570077888,0.044038188811177,2176,2176
per_vector,crossbar_core_read_only,"adc,dac,sense,digital_bias,layernorm,softmax,residual,encoder",checkpoints\caption_transformer_epoch_10.pt,checkpoints\caption_transformer_array-128x128_cmm_crosssim.pt,checkpoints\caption_transformer_crosssim_decoder.pt,0.1,10.0,200,200,200,9800,76192,76192,1000.0,100000.0,128x128,10,0,0.0001,0.0001,same_decoder_mapped_linear_mac_only,0.9,configurable_reference,,layers.1.ffn.0|r2c1|pos,layers.1.ffn.0,ffn,pos,2,1,256,384,128,256,0.009999999776482582,0.9773045778274536,0.10309364746342453,1022.9849035188878,50251.25684018647,29419.12835139894,4.2100568658239364e-08,99.46883467041313,0.001934768780249962,0.04571178063897662,2176,2176
per_vector,crossbar_core_read_only,"adc,dac,sense,digital_bias,layernorm,softmax,residual,encoder",checkpoints\caption_transformer_epoch_10.pt,checkpoints\caption_transformer_array-128x128_cmm_crosssim.pt,checkpoints\caption_transformer_crosssim_decoder.pt,0.1,10.0,200,200,200,9800,76192,76192,1000.0,100000.0,128x128,10,0,0.0001,0.0001,same_decoder_mapped_linear_mac_only,0.9,configurable_reference,,layers.1.ffn.0|r3c0|neg,layers.1.ffn.0,ffn,neg,3,0,384,512,0,128,0.009999999776482582,0.8452207446098328,0.10231855311292293,1180.9602696735958,50251.25684018647,29512.020231252696,4.28797716010969e-08,100.94282554086716,0.0019705777390210005,0.04638916614929557,2176,2176
per_vector,crossbar_core_read_only,"adc,dac,sense,digital_bias,layernorm,softmax,residual,encoder",checkpoints\caption_transformer_epoch_10.pt,checkpoints\caption_transformer_array-128x128_cmm_crosssim.pt,checkpoints\caption_transformer_crosssim_decoder.pt,0.1,10.0,200,200,200,9800,76192,76192,1000.0,100000.0,128x128,10,0,0.0001,0.0001,same_decoder_mapped_linear_mac_only,0.9,configurable_reference,,layers.1.ffn.0|r3c0|pos,layers.1.ffn.0,ffn,pos,3,0,384,512,0,128,0.009999999776482582,0.8467413783073425,0.10170351593814075,1178.8644256703342,50251.25684018647,29730.71275611779,4.012633429533743e-08,97.74325214519122,0.001844041098131314,0.04491877396378273,2176,2176
per_vector,crossbar_core_read_only,"adc,dac,sense,digital_bias,layernorm,softmax,residual,encoder",checkpoints\caption_transformer_epoch_10.pt,checkpoints\caption_transformer_array-128x128_cmm_crosssim.pt,checkpoints\caption_transformer_crosssim_decoder.pt,0.1,10.0,200,200,200,9800,76192,76192,1000.0,100000.0,128x128,10,0,0.0001,0.0001,same_decoder_mapped_linear_mac_only,0.9,configurable_reference,,layers.1.ffn.0|r3c1|neg,layers.1.ffn.0,ffn,neg,3,1,384,512,128,256,0.009999999776482582,0.8365029096603394,0.10159281004791865,1193.121111919431,50251.25684018647,29628.123245585208,4.127011295242816e-08,97.78587625288185,0.0018966044555343727,0.044938362248567024,2176,2176
per_vector,crossbar_core_read_only,"adc,dac,sense,digital_bias,layernorm,softmax,residual,encoder",checkpoints\caption_transformer_epoch_10.pt,checkpoints\caption_transformer_array-128x128_cmm_crosssim.pt,checkpoints\caption_transformer_crosssim_decoder.pt,0.1,10.0,200,200,200,9800,76192,76192,1000.0,100000.0,128x128,10,0,0.0001,0.0001,same_decoder_mapped_linear_mac_only,0.9,configurable_reference,,layers.1.ffn.0|r3c1|pos,layers.1.ffn.0,ffn,pos,3,1,384,512,128,256,0.009999999776482582,0.949388861656189,0.10170622959594766,1052.7479651777066,50251.25684018647,29594.41859031182,4.17731625087048e-08,98.42791343119693,0.0019197225417603347,0.04523341609889565,2176,2176
per_vector,crossbar_core_read_only,"adc,dac,sense,digital_bias,layernorm,softmax,residual,encoder",checkpoints\caption_transformer_epoch_10.pt,checkpoints\caption_transformer_array-128x128_cmm_crosssim.pt,checkpoints\caption_transformer_crosssim_decoder.pt,0.1,10.0,200,200,200,9800,76192,76192,1000.0,100000.0,128x128,10,0,0.0001,0.0001,same_decoder_mapped_linear_mac_only,0.9,configurable_reference,,layers.1.ffn.0|r4c0|neg,layers.1.ffn.0,ffn,neg,4,0,512,640,0,128,0.009999999776482582,0.9012877941131592,0.10273751831010713,1108.309653827659,50251.25684018647,29335.018253422357,4.2926889900118334e-08,101.20880666135285,0.0019727431020275,0.04651140012010701,2176,2176
per_vector,crossbar_core_read_only,"adc,dac,sense,digital_bias,layernorm,softmax,residual,encoder",checkpoints\caption_transformer_epoch_10.pt,checkpoints\caption_transformer_array-128x128_cmm_crosssim.pt,checkpoints\caption_transformer_crosssim_decoder.pt,0.1,10.0,200,200,200,9800,76192,76192,1000.0,100000.0,128x128,10,0,0.0001,0.0001,same_decoder_mapped_linear_mac_only,0.9,configurable_reference,,layers.1.ffn.0|r4c0|pos,layers.1.ffn.0,ffn,pos,4,0,512,640,0,128,0.009999999776482582,0.848442792892456,0.09989060196051014,1176.5282174061622,50251.25684018647,29996.697174066507,3.929860789659843e-08,95.90818303364436,0.001806002201130441,0.044075451761785095,2176,2176
per_vector,crossbar_core_read_only,"adc,dac,sense,digital_bias,layernorm,softmax,residual,encoder",checkpoints\caption_transformer_epoch_10.pt,checkpoints\caption_transformer_array-128x128_cmm_crosssim.pt,checkpoints\caption_transformer_crosssim_decoder.pt,0.1,10.0,200,200,200,9800,76192,76192,1000.0,100000.0,128x128,10,0,0.0001,0.0001,same_decoder_mapped_linear_mac_only,0.9,configurable_reference,,layers.1.ffn.0|r4c1|neg,layers.1.ffn.0,ffn,neg,4,1,512,640,128,256,0.009999999776482582,0.9531808495521545,0.09865819281986887,1048.6037912773556,50251.25684018647,30041.525835489792,4.021463122373902e-08,95.23848626916913,0.001848098861385059,0.0437676867045814,2176,2176
per_vector,crossbar_core_read_only,"adc,dac,sense,digital_bias,layernorm,softmax,residual,encoder",checkpoints\caption_transformer_epoch_10.pt,checkpoints\caption_transformer_array-128x128_cmm_crosssim.pt,checkpoints\caption_transformer_crosssim_decoder.pt,0.1,10.0,200,200,200,9800,76192,76192,1000.0,100000.0,128x128,10,0,0.0001,0.0001,same_decoder_mapped_linear_mac_only,0.9,configurable_reference,,layers.1.ffn.0|r4c1|pos,layers.1.ffn.0,ffn,pos,4,1,512,640,128,256,0.009999999776482582,0.9501380324363708,0.10306239988341304,1051.9266196798992,50251.25684018647,29435.163708980654,4.215990072483632e-08,99.53487975965278,0.0019374954377222554,0.04574213224248749,2176,2176
per_vector,crossbar_core_read_only,"adc,dac,sense,digital_bias,layernorm,softmax,residual,encoder",checkpoints\caption_transformer_epoch_10.pt,checkpoints\caption_transformer_array-128x128_cmm_crosssim.pt,checkpoints\caption_transformer_crosssim_decoder.pt,0.1,10.0,200,200,200,9800,76192,76192,1000.0,100000.0,128x128,10,0,0.0001,0.0001,same_decoder_mapped_linear_mac_only,0.9,configurable_reference,,layers.1.ffn.0|r5c0|neg,layers.1.ffn.0,ffn,neg,5,0,640,768,0,128,0.009999999776482582,0.9539495706558228,0.10241156861980016,1047.7676485688387,50251.25684018647,29523.543986841905,4.2841446109713196e-08,100.97537057581567,0.0019688164572478416,0.04640412250726823,2176,2176
per_vector,crossbar_core_read_only,"adc,dac,sense,digital_bias,layernorm,softmax,residual,encoder",checkpoints\caption_transformer_epoch_10.pt,checkpoints\caption_transformer_array-128x128_cmm_crosssim.pt,checkpoints\caption_transformer_crosssim_decoder.pt,0.1,10.0,200,200,200,9800,76192,76192,1000.0,100000.0,128x128,10,0,0.0001,0.0001,same_decoder_mapped_linear_mac_only,0.9,configurable_reference,,layers.1.ffn.0|r5c0|pos,layers.1.ffn.0,ffn,pos,5,0,640,768,0,128,0.009999999776482582,0.8485314846038818,0.10154335666004499,1176.4066889271146,50251.25684018647,29825.58840589856,3.997816484929097e-08,97.48009233625298,0.0018372318405005064,0.044797836551586846,2176,2176
per_vector,crossbar_core_read_only,"adc,dac,sense,digital_bias,layernorm,softmax,residual,encoder",checkpoints\caption_transformer_epoch_10.pt,checkpoints\caption_transformer_array-128x128_cmm_crosssim.pt,checkpoints\caption_transformer_crosssim_decoder.pt,0.1,10.0,200,200,200,9800,76192,76192,1000.0,100000.0,128x128,10,0,0.0001,0.0001,same_decoder_mapped_linear_mac_only,0.9,configurable_reference,,layers.1.ffn.0|r5c1|neg,layers.1.ffn.0,ffn,neg,5,1,640,768,128,256,0.009999999776482582,0.9429497718811035,0.10120895586487677,1059.8606382760065,50251.25684018647,29765.98923816792,4.114411558836656e-08,97.46177977048247,0.0018908141354947883,0.04478942085040555,2176,2176
per_vector,crossbar_core_read_only,"adc,dac,sense,digital_bias,layernorm,softmax,residual,encoder",checkpoints\caption_transformer_epoch_10.pt,checkpoints\caption_transformer_array-128x128_cmm_crosssim.pt,checkpoints\caption_transformer_crosssim_decoder.pt,0.1,10.0,200,200,200,9800,76192,76192,1000.0,100000.0,128x128,10,0,0.0001,0.0001,same_decoder_mapped_linear_mac_only,0.9,configurable_reference,,layers.1.ffn.0|r5c1|pos,layers.1.ffn.0,ffn,pos,5,1,640,768,128,256,0.009999999776482582,0.9109047055244446,0.10196028890919706,1096.736961523687,50251.25684018647,29559.98992874757,4.153114522848305e-08,98.26330359787124,0.00190860042410308,0.04515776819755112,2176,2176
per_vector,crossbar_core_read_only,"adc,dac,sense,digital_bias,layernorm,softmax,residual,encoder",checkpoints\caption_transformer_epoch_10.pt,checkpoints\caption_transformer_array-128x128_cmm_crosssim.pt,checkpoints\caption_transformer_crosssim_decoder.pt,0.1,10.0,200,200,200,9800,76192,76192,1000.0,100000.0,128x128,10,0,0.0001,0.0001,same_decoder_mapped_linear_mac_only,0.9,configurable_reference,,layers.1.ffn.0|r6c0|neg,layers.1.ffn.0,ffn,neg,6,0,768,896,0,128,0.009999999776482582,0.9066847562789917,0.10169147995958383,1101.7852230510414,50251.25684018647,29792.8599526916,4.26760758761296e-08,100.38364744898763,0.0019612167222486016,0.046132190923247995,2176,2176
per_vector,crossbar_core_read_only,"adc,dac,sense,digital_bias,layernorm,softmax,residual,encoder",checkpoints\caption_transformer_epoch_10.pt,checkpoints\caption_transformer_array-128x128_cmm_crosssim.pt,checkpoints\caption_transformer_crosssim_decoder.pt,0.1,10.0,200,200,200,9800,76192,76192,1000.0,100000.0,128x128,10,0,0.0001,0.0001,same_decoder_mapped_linear_mac_only,0.9,configurable_reference,,layers.1.ffn.0|r6c0|pos,layers.1.ffn.0,ffn,pos,6,0,768,896,0,128,0.009999999776482582,0.8900853395462036,0.1013831523484896,1122.102118630073,50251.25684018647,29605.086260424105,4.0060753128265803e-08,97.52272997195408,0.0018410272577327978,0.04481743105328772,2176,2176
per_vector,crossbar_core_read_only,"adc,dac,sense,digital_bias,layernorm,softmax,residual,encoder",checkpoints\caption_transformer_epoch_10.pt,checkpoints\caption_transformer_array-128x128_cmm_crosssim.pt,checkpoints\caption_transformer_crosssim_decoder.pt,0.1,10.0,200,200,200,9800,76192,76192,1000.0,100000.0,128x128,10,0,0.0001,0.0001,same_decoder_mapped_linear_mac_only,0.9,configurable_reference,,layers.1.ffn.0|r6c1|neg,layers.1.ffn.0,ffn,neg,6,1,768,896,128,256,0.009999999776482582,0.8358113169670105,0.09984250246935744,1194.0965721614161,50251.25684018647,29975.119331977945,4.0300872967405485e-08,95.90156987046181,0.0018520621768109101,0.044072412624293116,2176,2176
per_vector,crossbar_core_read_only,"adc,dac,sense,digital_bias,layernorm,softmax,residual,encoder",checkpoints\caption_transformer_epoch_10.pt,checkpoints\caption_transformer_array-128x128_cmm_crosssim.pt,checkpoints\caption_transformer_crosssim_decoder.pt,0.1,10.0,200,200,200,9800,76192,76192,1000.0,100000.0,128x128,10,0,0.0001,0.0001,same_decoder_mapped_linear_mac_only,0.9,configurable_reference,,layers.1.ffn.0|r6c1|pos,layers.1.ffn.0,ffn,pos,6,1,768,896,128,256,0.009999999776482582,0.955910325050354,0.10161756784395948,1045.6409498991413,50251.25684018647,29409.472518741644,4.169908423311271e-08,98.28335379494051,0.0019163182092423092,0.04516698244252781,2176,2176
per_vector,crossbar_core_read_only,"adc,dac,sense,digital_bias,layernorm,softmax,residual,encoder",checkpoints\caption_transformer_epoch_10.pt,checkpoints\caption_transformer_array-128x128_cmm_crosssim.pt,checkpoints\caption_transformer_crosssim_decoder.pt,0.1,10.0,200,200,200,9800,76192,76192,1000.0,100000.0,128x128,10,0,0.0001,0.0001,same_decoder_mapped_linear_mac_only,0.9,configurable_reference,,layers.1.ffn.0|r7c0|neg,layers.1.ffn.0,ffn,neg,7,0,896,1024,0,128,0.009999999776482582,0.8633915781974792,0.101063134049582,1156.393338229264,50251.25684018647,29594.335293129094,4.210318683924031e-08,99.4822900803151,0.0019348891010680298,0.04571796419132128,2176,2176
per_vector,crossbar_core_read_only,"adc,dac,sense,digital_bias,layernorm,softmax,residual,encoder",checkpoints\caption_transformer_epoch_10.pt,checkpoints\caption_transformer_array-128x128_cmm_crosssim.pt,checkpoints\caption_transformer_crosssim_decoder.pt,0.1,10.0,200,200,200,9800,76192,76192,1000.0,100000.0,128x128,10,0,0.0001,0.0001,same_decoder_mapped_linear_mac_only,0.9,configurable_reference,,layers.1.ffn.0|r7c0|pos,layers.1.ffn.0,ffn,pos,7,0,896,1024,0,128,0.009999999776482582,0.9326125383377075,0.09986988986088363,1071.4824368164611,50251.25684018647,29815.49053277723,3.9411437351386925e-08,96.0651203008279,0.0018111873782806485,0.04414757366765988,2176,2176
per_vector,crossbar_core_read_only,"adc,dac,sense,digital_bias,layernorm,softmax,residual,encoder",checkpoints\caption_transformer_epoch_10.pt,checkpoints\caption_transformer_array-128x128_cmm_crosssim.pt,checkpoints\caption_transformer_crosssim_decoder.pt,0.1,10.0,200,200,200,9800,76192,76192,1000.0,100000.0,128x128,10,0,0.0001,0.0001,same_decoder_mapped_linear_mac_only,0.9,configurable_reference,,layers.1.ffn.0|r7c1|neg,layers.1.ffn.0,ffn,neg,7,1,896,1024,128,256,0.009999999776482582,0.8583539128303528,0.09993194468501088,1163.1012542269186,50251.25684018647,29738.356286496797,4.0564274122892754e-08,96.20248594616386,0.0018641670093241128,0.04421070126202383,2176,2176
per_vector,crossbar_core_read_only,"adc,dac,sense,digital_bias,layernorm,softmax,residual,encoder",checkpoints\caption_transformer_epoch_10.pt,checkpoints\caption_transformer_array-128x128_cmm_crosssim.pt,checkpoints\caption_transformer_crosssim_decoder.pt,0.1,10.0,200,200,200,9800,76192,76192,1000.0,100000.0,128x128,10,0,0.0001,0.0001,same_decoder_mapped_linear_mac_only,0.9,configurable_reference,,layers.1.ffn.0|r7c1|pos,layers.1.ffn.0,ffn,pos,7,1,896,1024,128,256,0.009999999776482582,0.866156816482544,0.10216730534824592,1152.7440662519361,50251.25684018647,29562.101474964504,4.19359039442482e-08,98.83359023718857,0.0019272014680261126,0.045419848454590336,2176,2176
per_vector,crossbar_core_read_only,"adc,dac,sense,digital_bias,layernorm,softmax,residual,encoder",checkpoints\caption_transformer_epoch_10.pt,checkpoints\caption_transformer_array-128x128_cmm_crosssim.pt,checkpoints\caption_transformer_crosssim_decoder.pt,0.1,10.0,200,200,200,9800,76192,76192,1000.0,100000.0,128x128,10,0,0.0001,0.0001,same_decoder_mapped_linear_mac_only,0.9,configurable_reference,,layers.1.ffn.3|r0c0|neg,layers.1.ffn.3,ffn,neg,0,0,0,128,0,128,0.009999999776482582,0.7828930616378784,0.08429449404604838,1273.7812880316324,50251.25684018647,30133.831392794847,9.594196755482176e-09,16.30776304293752,0.0004409097773659097,0.0074943763984087865,2176,2176
per_vector,crossbar_core_read_only,"adc,dac,sense,digital_bias,layernorm,softmax,residual,encoder",checkpoints\caption_transformer_epoch_10.pt,checkpoints\caption_transformer_array-128x128_cmm_crosssim.pt,checkpoints\caption_transformer_crosssim_decoder.pt,0.1,10.0,200,200,200,9800,76192,76192,1000.0,100000.0,128x128,10,0,0.0001,0.0001,same_decoder_mapped_linear_mac_only,0.9,configurable_reference,,layers.1.ffn.3|r0c0|pos,layers.1.ffn.3,ffn,pos,0,0,0,128,0,128,0.009999999776482582,0.8704259395599365,0.0839017318412516,1147.1551330597626,50251.25684018647,30598.366648602096,9.515535315636316e-09,16.188110078801,0.00043729482149064034,0.007439388822978401,2176,2176
per_vector,crossbar_core_read_only,"adc,dac,sense,digital_bias,layernorm,softmax,residual,encoder",checkpoints\caption_transformer_epoch_10.pt,checkpoints\caption_transformer_array-128x128_cmm_crosssim.pt,checkpoints\caption_transformer_crosssim_decoder.pt,0.1,10.0,200,200,200,9800,76192,76192,1000.0,100000.0,128x128,10,0,0.0001,0.0001,same_decoder_mapped_linear_mac_only,0.9,configurable_reference,,layers.1.ffn.3|r0c1|neg,layers.1.ffn.3,ffn,neg,0,1,0,128,128,256,0.009999999776482582,0.9055272936820984,0.08340655987694845,1103.1780100370074,50251.25684018647,30380.04088191152,9.276873867284847e-09,16.339081727563467,0.0004263269240480165,0.007508769176269976,2176,2176
per_vector,crossbar_core_read_only,"adc,dac,sense,digital_bias,layernorm,softmax,residual,encoder",checkpoints\caption_transformer_epoch_10.pt,checkpoints\caption_transformer_array-128x128_cmm_crosssim.pt,checkpoints\caption_transformer_crosssim_decoder.pt,0.1,10.0,200,200,200,9800,76192,76192,1000.0,100000.0,128x128,10,0,0.0001,0.0001,same_decoder_mapped_linear_mac_only,0.9,configurable_reference,,layers.1.ffn.3|r0c1|pos,layers.1.ffn.3,ffn,pos,0,1,0,128,128,256,0.009999999776482582,1.0,0.08371879168407759,1000.0,50251.25684018647,30441.123239888322,9.438330914565146e-09,16.53019961352756,0.0004337468251178845,0.007596599087099063,2176,2176
per_vector,crossbar_core_read_only,"adc,dac,sense,digital_bias,layernorm,softmax,residual,encoder",checkpoints\caption_transformer_epoch_10.pt,checkpoints\caption_transformer_array-128x128_cmm_crosssim.pt,checkpoints\caption_transformer_crosssim_decoder.pt,0.1,10.0,200,200,200,9800,76192,76192,1000.0,100000.0,128x128,10,0,0.0001,0.0001,same_decoder_mapped_linear_mac_only,0.9,configurable_reference,,layers.1.ffn.3|r0c2|neg,layers.1.ffn.3,ffn,neg,0,2,0,128,256,384,0.009999999776482582,0.7326402068138123,0.08210055177028153,1359.96358771732,50251.25684018647,30532.736203806497,9.40172465227415e-09,15.843350290207143,0.00043206455203465764,0.007280951420131959,2176,2176
per_vector,crossbar_core_read_only,"adc,dac,sense,digital_bias,layernorm,softmax,residual,encoder",checkpoints\caption_transformer_epoch_10.pt,checkpoints\caption_transformer_array-128x128_cmm_crosssim.pt,checkpoints\caption_transformer_crosssim_decoder.pt,0.1,10.0,200,200,200,9800,76192,76192,1000.0,100000.0,128x128,10,0,0.0001,0.0001,same_decoder_mapped_linear_mac_only,0.9,configurable_reference,,layers.1.ffn.3|r0c2|pos,layers.1.ffn.3,ffn,pos,0,2,0,128,256,384,0.009999999776482582,0.9507914781570435,0.08300703149024002,1051.211267071266,50251.25684018647,30352.866081658103,9.349169819444441e-09,15.801846863258861,0.00042964934832005666,0.0072618781540711675,2176,2176
per_vector,crossbar_core_read_only,"adc,dac,sense,digital_bias,layernorm,softmax,residual,encoder",checkpoints\caption_transformer_epoch_10.pt,checkpoints\caption_transformer_array-128x128_cmm_crosssim.pt,checkpoints\caption_transformer_crosssim_decoder.pt,0.1,10.0,200,200,200,9800,76192,76192,1000.0,100000.0,128x128,10,0,0.0001,0.0001,same_decoder_mapped_linear_mac_only,0.9,configurable_reference,,layers.1.ffn.3|r0c3|neg,layers.1.ffn.3,ffn,neg,0,3,0,128,384,512,0.009999999776482582,0.7625634670257568,0.08364707389949899,1307.2957797376366,50251.25684018647,30194.701353673518,9.502255407159017e-09,16.323892951828196,0.0004366845315789994,0.007501789040362222,2176,2176
per_vector,crossbar_core_read_only,"adc,dac,sense,digital_bias,layernorm,softmax,residual,encoder",checkpoints\caption_transformer_epoch_10.pt,checkpoints\caption_transformer_array-128x128_cmm_crosssim.pt,checkpoints\caption_transformer_crosssim_decoder.pt,0.1,10.0,200,200,200,9800,76192,76192,1000.0,100000.0,128x128,10,0,0.0001,0.0001,same_decoder_mapped_linear_mac_only,0.9,configurable_reference,,layers.1.ffn.3|r0c3|pos,layers.1.ffn.3,ffn,pos,0,3,0,128,384,512,0.009999999776482582,0.7875006794929504,0.08317802933095209,1266.4228565203111,50251.25684018647,30637.4799012706,9.481010107754513e-09,16.26178500408982,0.0004357081850990134,0.007473246784967748,2176,2176
per_vector,crossbar_core_read_only,"adc,dac,sense,digital_bias,layernorm,softmax,residual,encoder",checkpoints\caption_transformer_epoch_10.pt,checkpoints\caption_transformer_array-128x128_cmm_crosssim.pt,checkpoints\caption_transformer_crosssim_decoder.pt,0.1,10.0,200,200,200,9800,76192,76192,1000.0,100000.0,128x128,10,0,0.0001,0.0001,same_decoder_mapped_linear_mac_only,0.9,configurable_reference,,layers.1.ffn.3|r0c4|neg,layers.1.ffn.3,ffn,neg,0,4,0,128,512,640,0.009999999776482582,0.8561561703681946,0.08486210476473843,1166.0521065509588,50251.25684018647,30139.669652581506,9.75306161668151e-09,16.836235230328608,0.00044821055223720317,0.00773724045511425,2176,2176
per_vector,crossbar_core_read_only,"adc,dac,sense,digital_bias,layernorm,softmax,residual,encoder",checkpoints\caption_transformer_epoch_10.pt,checkpoints\caption_transformer_array-128x128_cmm_crosssim.pt,checkpoints\caption_transformer_crosssim_decoder.pt,0.1,10.0,200,200,200,9800,76192,76192,1000.0,100000.0,128x128,10,0,0.0001,0.0001,same_decoder_mapped_linear_mac_only,0.9,configurable_reference,,layers.1.ffn.3|r0c4|pos,layers.1.ffn.3,ffn,pos,0,4,0,128,512,640,0.009999999776482582,0.7724277377128601,0.08316698989847282,1290.8164881135708,50251.25684018647,30550.436322135567,9.642411550714073e-09,16.61573873628269,0.0004431255308232574,0.007635909345718148,2176,2176
per_vector,crossbar_core_read_only,"adc,dac,sense,digital_bias,layernorm,softmax,residual,encoder",checkpoints\caption_transformer_epoch_10.pt,checkpoints\caption_transformer_array-128x128_cmm_crosssim.pt,checkpoints\caption_transformer_crosssim_decoder.pt,0.1,10.0,200,200,200,9800,76192,76192,1000.0,100000.0,128x128,10,0,0.0001,0.0001,same_decoder_mapped_linear_mac_only,0.9,configurable_reference,,layers.1.ffn.3|r0c5|neg,layers.1.ffn.3,ffn,neg,0,5,0,128,640,768,0.009999999776482582,0.7731819152832031,0.08295582070616092,1289.5736359956254,50251.25684018647,30494.04600394852,9.332596634502456e-09,16.166862531319083,0.0004288877129826503,0.0074296243250547254,2176,2176
per_vector,crossbar_core_read_only,"adc,dac,sense,digital_bias,layernorm,softmax,residual,encoder",checkpoints\caption_transformer_epoch_10.pt,checkpoints\caption_transformer_array-128x128_cmm_crosssim.pt,checkpoints\caption_transformer_crosssim_decoder.pt,0.1,10.0,200,200,200,9800,76192,76192,1000.0,100000.0,128x128,10,0,0.0001,0.0001,same_decoder_mapped_linear_mac_only,0.9,configurable_reference,,layers.1.ffn.3|r0c5|pos,layers.1.ffn.3,ffn,pos,0,5,0,128,640,768,0.009999999776482582,0.8483400344848633,0.08410052463045758,1176.6690519653566,50251.25684018647,30287.29550625563,9.554887617131662e-09,16.556734187262062,0.00043910329122847654,0.007608793284587345,2176,2176
per_vector,crossbar_core_read_only,"adc,dac,sense,digital_bias,layernorm,softmax,residual,encoder",checkpoints\caption_transformer_epoch_10.pt,checkpoints\caption_transformer_array-128x128_cmm_crosssim.pt,checkpoints\caption_transformer_crosssim_decoder.pt,0.1,10.0,200,200,200,9800,76192,76192,1000.0,100000.0,128x128,10,0,0.0001,0.0001,same_decoder_mapped_linear_mac_only,0.9,configurable_reference,,layers.1.ffn.3|r0c6|neg,layers.1.ffn.3,ffn,neg,0,6,0,128,768,896,0.009999999776482582,0.8050322532653809,0.08310345550194143,1239.1851191661942,50251.25684018647,30498.329301515798,9.670871682608747e-09,16.860087489688166,0.0004444334412963577,0.007748201971364047,2176,2176
per_vector,crossbar_core_read_only,"adc,dac,sense,digital_bias,layernorm,softmax,residual,encoder",checkpoints\caption_transformer_epoch_10.pt,checkpoints\caption_transformer_array-128x128_cmm_crosssim.pt,checkpoints\caption_transformer_crosssim_decoder.pt,0.1,10.0,200,200,200,9800,76192,76192,1000.0,100000.0,128x128,10,0,0.0001,0.0001,same_decoder_mapped_linear_mac_only,0.9,configurable_reference,,layers.1.ffn.3|r0c6|pos,layers.1.ffn.3,ffn,pos,0,6,0,128,768,896,0.009999999776482582,0.8551740050315857,0.08441975063209384,1167.37568106739,50251.25684018647,30301.555938801794,9.605084945196738e-09,16.90631884733166,0.0004414101537314677,0.007769447999692859,2176,2176
per_vector,crossbar_core_read_only,"adc,dac,sense,digital_bias,layernorm,softmax,residual,encoder",checkpoints\caption_transformer_epoch_10.pt,checkpoints\caption_transformer_array-128x128_cmm_crosssim.pt,checkpoints\caption_transformer_crosssim_decoder.pt,0.1,10.0,200,200,200,9800,76192,76192,1000.0,100000.0,128x128,10,0,0.0001,0.0001,same_decoder_mapped_linear_mac_only,0.9,configurable_reference,,layers.1.ffn.3|r0c7|neg,layers.1.ffn.3,ffn,neg,0,7,0,128,896,1024,0.009999999776482582,0.7872435450553894,0.08276959201378986,1266.8312633085936,50251.25684018647,30504.84009475238,9.347487783787292e-09,16.15008757159157,0.000429572048887284,0.007421915244297596,2176,2176
per_vector,crossbar_core_read_only,"adc,dac,sense,digital_bias,layernorm,softmax,residual,encoder",checkpoints\caption_transformer_epoch_10.pt,checkpoints\caption_transformer_array-128x128_cmm_crosssim.pt,checkpoints\caption_transformer_crosssim_decoder.pt,0.1,10.0,200,200,200,9800,76192,76192,1000.0,100000.0,128x128,10,0,0.0001,0.0001,same_decoder_mapped_linear_mac_only,0.9,configurable_reference,,layers.1.ffn.3|r0c7|pos,layers.1.ffn.3,ffn,pos,0,7,0,128,896,1024,0.009999999776482582,0.7791429758071899,0.08327810433587501,1279.8336485753073,50251.25684018647,30282.576547070254,9.413179631058303e-09,16.26046752979132,0.0004325909756920166,0.007472641328029099,2176,2176
per_vector,crossbar_core_read_only,"adc,dac,sense,digital_bias,layernorm,softmax,residual,encoder",checkpoints\caption_transformer_epoch_10.pt,checkpoints\caption_transformer_array-128x128_cmm_crosssim.pt,checkpoints\caption_transformer_crosssim_decoder.pt,0.1,10.0,200,200,200,9800,76192,76192,1000.0,100000.0,128x128,10,0,0.0001,0.0001,same_decoder_mapped_linear_mac_only,0.9,configurable_reference,,layers.1.ffn.3|r1c0|neg,layers.1.ffn.3,ffn,neg,1,0,128,256,0,128,0.009999999776482582,0.7808881402015686,0.08382499218356543,1277.0099434544886,50251.25684018647,30338.96376371752,9.46782284419597e-09,16.11370133195757,0.0004351021527663598,0.007405193626818737,2176,2176
per_vector,crossbar_core_read_only,"adc,dac,sense,digital_bias,layernorm,softmax,residual,encoder",checkpoints\caption_transformer_epoch_10.pt,checkpoints\caption_transformer_array-128x128_cmm_crosssim.pt,checkpoints\caption_transformer_crosssim_decoder.pt,0.1,10.0,200,200,200,9800,76192,76192,1000.0,100000.0,128x128,10,0,0.0001,0.0001,same_decoder_mapped_linear_mac_only,0.9,configurable_reference,,layers.1.ffn.3|r1c0|pos,layers.1.ffn.3,ffn,pos,1,0,128,256,0,128,0.009999999776482582,0.929010808467865,0.08368849871845896,1075.5918412786204,50251.25684018647,30365.71320275087,9.493662662464283e-09,16.14502397888951,0.00043628964441471855,0.007419588225592605,2176,2176
per_vector,crossbar_core_read_only,"adc,dac,sense,digital_bias,layernorm,softmax,residual,encoder",checkpoints\caption_transformer_epoch_10.pt,checkpoints\caption_transformer_array-128x128_cmm_crosssim.pt,checkpoints\caption_transformer_crosssim_decoder.pt,0.1,10.0,200,200,200,9800,76192,76192,1000.0,100000.0,128x128,10,0,0.0001,0.0001,same_decoder_mapped_linear_mac_only,0.9,configurable_reference,,layers.1.ffn.3|r1c1|neg,layers.1.ffn.3,ffn,neg,1,1,128,256,128,256,0.009999999776482582,0.9749818444252014,0.08401516632687844,1025.397006414076,50251.25684018647,30373.22149525542,9.398819412904647e-09,16.47348981703978,0.000431931039195986,0.007570537599742546,2176,2176
per_vector,crossbar_core_read_only,"adc,dac,sense,digital_bias,layernorm,softmax,residual,encoder",checkpoints\caption_transformer_epoch_10.pt,checkpoints\caption_transformer_array-128x128_cmm_crosssim.pt,checkpoints\caption_transformer_crosssim_decoder.pt,0.1,10.0,200,200,200,9800,76192,76192,1000.0,100000.0,128x128,10,0,0.0001,0.0001,same_decoder_mapped_linear_mac_only,0.9,configurable_reference,,layers.1.ffn.3|r1c1|pos,layers.1.ffn.3,ffn,pos,1,1,128,256,128,256,0.009999999776482582,0.8483558297157288,0.08317272900660555,1176.6474017687876,50251.25684018647,30414.259930581335,9.316993722411227e-09,16.371073902724245,0.000428170667390223,0.00752347146264901,2176,2176
per_vector,crossbar_core_read_only,"adc,dac,sense,digital_bias,layernorm,softmax,residual,encoder",checkpoints\caption_transformer_epoch_10.pt,checkpoints\caption_transformer_array-128x128_cmm_crosssim.pt,checkpoints\caption_transformer_crosssim_decoder.pt,0.1,10.0,200,200,200,9800,76192,76192,1000.0,100000.0,128x128,10,0,0.0001,0.0001,same_decoder_mapped_linear_mac_only,0.9,configurable_reference,,layers.1.ffn.3|r1c2|neg,layers.1.ffn.3,ffn,neg,1,2,128,256,256,384,0.009999999776482582,0.7896234393119812,0.0833408398151505,1263.0613092327465,50251.25684018647,30498.362035454407,9.45918230751178e-09,15.967910845306497,0.000434705069279035,0.0073381943222915885,2176,2176
per_vector,crossbar_core_read_only,"adc,dac,sense,digital_bias,layernorm,softmax,residual,encoder",checkpoints\caption_transformer_epoch_10.pt,checkpoints\caption_transformer_array-128x128_cmm_crosssim.pt,checkpoints\caption_transformer_crosssim_decoder.pt,0.1,10.0,200,200,200,9800,76192,76192,1000.0,100000.0,128x128,10,0,0.0001,0.0001,same_decoder_mapped_linear_mac_only,0.9,configurable_reference,,layers.1.ffn.3|r1c2|pos,layers.1.ffn.3,ffn,pos,1,2,128,256,256,384,0.009999999776482582,0.7953159213066101,0.08374246843590072,1254.1343131881588,50251.25684018647,30229.496125308997,9.593162091425132e-09,16.174957935049108,0.0004408622284662294,0.007433344639268891,2176,2176
per_vector,crossbar_core_read_only,"adc,dac,sense,digital_bias,layernorm,softmax,residual,encoder",checkpoints\caption_transformer_epoch_10.pt,checkpoints\caption_transformer_array-128x128_cmm_crosssim.pt,checkpoints\caption_transformer_crosssim_decoder.pt,0.1,10.0,200,200,200,9800,76192,76192,1000.0,100000.0,128x128,10,0,0.0001,0.0001,same_decoder_mapped_linear_mac_only,0.9,configurable_reference,,layers.1.ffn.3|r1c3|neg,layers.1.ffn.3,ffn,neg,1,3,128,256,384,512,0.009999999776482582,0.8599389791488647,0.08352301389322747,1160.9822796442863,50251.25684018647,30483.70977789319,9.51118454700881e-09,16.307233174331458,0.00043709487807944933,0.007494132892615559,2176,2176
per_vector,crossbar_core_read_only,"adc,dac,sense,digital_bias,layernorm,softmax,residual,encoder",checkpoints\caption_transformer_epoch_10.pt,checkpoints\caption_transformer_array-128x128_cmm_crosssim.pt,checkpoints\caption_transformer_crosssim_decoder.pt,0.1,10.0,200,200,200,9800,76192,76192,1000.0,100000.0,128x128,10,0,0.0001,0.0001,same_decoder_mapped_linear_mac_only,0.9,configurable_reference,,layers.1.ffn.3|r1c3|pos,layers.1.ffn.3,ffn,pos,1,3,128,256,384,512,0.009999999776482582,0.7448426485061646,0.08451370803550162,1337.9819786347834,50251.25684018647,30248.904578178874,9.628848011071152e-09,16.522290863824356,0.0004425022063911374,0.007592964551389869,2176,2176
per_vector,crossbar_core_read_only,"adc,dac,sense,digital_bias,layernorm,softmax,residual,encoder",checkpoints\caption_transformer_epoch_10.pt,checkpoints\caption_transformer_array-128x128_cmm_crosssim.pt,checkpoints\caption_transformer_crosssim_decoder.pt,0.1,10.0,200,200,200,9800,76192,76192,1000.0,100000.0,128x128,10,0,0.0001,0.0001,same_decoder_mapped_linear_mac_only,0.9,configurable_reference,,layers.1.ffn.3|r1c4|neg,layers.1.ffn.3,ffn,neg,1,4,128,256,512,640,0.009999999776482582,0.7744100093841553,0.0835143324553087,1287.5549036441678,50251.25684018647,30614.55229881854,9.640064613170667e-09,16.654485836537443,0.0004430176752376226,0.007653715917526399,2176,2176
per_vector,crossbar_core_read_only,"adc,dac,sense,digital_bias,layernorm,softmax,residual,encoder",checkpoints\caption_transformer_epoch_10.pt,checkpoints\caption_transformer_array-128x128_cmm_crosssim.pt,checkpoints\caption_transformer_crosssim_decoder.pt,0.1,10.0,200,200,200,9800,76192,76192,1000.0,100000.0,128x128,10,0,0.0001,0.0001,same_decoder_mapped_linear_mac_only,0.9,configurable_reference,,layers.1.ffn.3|r1c4|pos,layers.1.ffn.3,ffn,pos,1,4,128,256,512,640,0.009999999776482582,0.8668301105499268,0.08448177879108698,1151.859007297201,50251.25684018647,30167.271231204046,9.752255393767554e-09,16.8344840747884,0.0004481735015518173,0.007736435696134375,2176,2176
per_vector,crossbar_core_read_only,"adc,dac,sense,digital_bias,layernorm,softmax,residual,encoder",checkpoints\caption_transformer_epoch_10.pt,checkpoints\caption_transformer_array-128x128_cmm_crosssim.pt,checkpoints\caption_transformer_crosssim_decoder.pt,0.1,10.0,200,200,200,9800,76192,76192,1000.0,100000.0,128x128,10,0,0.0001,0.0001,same_decoder_mapped_linear_mac_only,0.9,configurable_reference,,layers.1.ffn.3|r1c5|neg,layers.1.ffn.3,ffn,neg,1,5,128,256,640,768,0.009999999776482582,0.7556086778640747,0.08551865738758124,1319.16968790797,50251.25684018647,30262.581061102028,9.62474203047519e-09,16.692942241879944,0.00044231351242992646,0.007671388897922769,2176,2176
per_vector,crossbar_core_read_only,"adc,dac,sense,digital_bias,layernorm,softmax,residual,encoder",checkpoints\caption_transformer_epoch_10.pt,checkpoints\caption_transformer_array-128x128_cmm_crosssim.pt,checkpoints\caption_transformer_crosssim_decoder.pt,0.1,10.0,200,200,200,9800,76192,76192,1000.0,100000.0,128x128,10,0,0.0001,0.0001,same_decoder_mapped_linear_mac_only,0.9,configurable_reference,,layers.1.ffn.3|r1c5|pos,layers.1.ffn.3,ffn,pos,1,5,128,256,640,768,0.009999999776482582,0.7211477756500244,0.08440817980641668,1381.3370083939055,50251.25684018647,30388.55966383565,9.407024264002321e-09,16.316544798685495,0.00043230810036775405,0.007498412131748849,2176,2176
per_vector,crossbar_core_read_only,"adc,dac,sense,digital_bias,layernorm,softmax,residual,encoder",checkpoints\caption_transformer_epoch_10.pt,checkpoints\caption_transformer_array-128x128_cmm_crosssim.pt,checkpoints\caption_transformer_crosssim_decoder.pt,0.1,10.0,200,200,200,9800,76192,76192,1000.0,100000.0,128x128,10,0,0.0001,0.0001,same_decoder_mapped_linear_mac_only,0.9,configurable_reference,,layers.1.ffn.3|r1c6|neg,layers.1.ffn.3,ffn,neg,1,6,128,256,768,896,0.009999999776482582,0.7895601391792297,0.08433403182442589,1263.1612915172673,50251.25684018647,30128.794622397596,9.584460181894406e-09,16.886961322797276,0.00044046232453558886,0.007760552078491395,2176,2176
per_vector,crossbar_core_read_only,"adc,dac,sense,digital_bias,layernorm,softmax,residual,encoder",checkpoints\caption_transformer_epoch_10.pt,checkpoints\caption_transformer_array-128x128_cmm_crosssim.pt,checkpoints\caption_transformer_crosssim_decoder.pt,0.1,10.0,200,200,200,9800,76192,76192,1000.0,100000.0,128x128,10,0,0.0001,0.0001,same_decoder_mapped_linear_mac_only,0.9,configurable_reference,,layers.1.ffn.3|r1c6|pos,layers.1.ffn.3,ffn,pos,1,6,128,256,768,896,0.009999999776482582,0.784609854221344,0.08198511382727247,1271.0295724499979,50251.25684018647,30730.8836346386,9.575208648034476e-09,16.745643892798387,0.00044003716213393687,0.007695608406616906,2176,2176
per_vector,crossbar_core_read_only,"adc,dac,sense,digital_bias,layernorm,softmax,residual,encoder",checkpoints\caption_transformer_epoch_10.pt,checkpoints\caption_transformer_array-128x128_cmm_crosssim.pt,checkpoints\caption_transformer_crosssim_decoder.pt,0.1,10.0,200,200,200,9800,76192,76192,1000.0,100000.0,128x128,10,0,0.0001,0.0001,same_decoder_mapped_linear_mac_only,0.9,configurable_reference,,layers.1.ffn.3|r1c7|neg,layers.1.ffn.3,ffn,neg,1,7,128,256,896,1024,0.009999999776482582,0.7953599095344543,0.08378088348985102,1254.065821788302,50251.25684018647,30197.03669769996,9.481991385007144e-09,16.3982499619763,0.00043575328056099196,0.00753596046046705,2176,2176
per_vector,crossbar_core_read_only,"adc,dac,sense,digital_bias,layernorm,softmax,residual,encoder",checkpoints\caption_transformer_epoch_10.pt,checkpoints\caption_transformer_array-128x128_cmm_crosssim.pt,checkpoints\caption_transformer_crosssim_decoder.pt,0.1,10.0,200,200,200,9800,76192,76192,1000.0,100000.0,128x128,10,0,0.0001,0.0001,same_decoder_mapped_linear_mac_only,0.9,configurable_reference,,layers.1.ffn.3|r1c7|pos,layers.1.ffn.3,ffn,pos,1,7,128,256,896,1024,0.009999999776482582,0.8457804918289185,0.08247667945562398,1180.1879206681435,50251.25684018647,30606.033587059217,9.373790688499478e-09,16.179708042425695,0.0004307808220817794,0.007435527593026514,2176,2176
per_vector,crossbar_core_read_only,"adc,dac,sense,digital_bias,layernorm,softmax,residual,encoder",checkpoints\caption_transformer_epoch_10.pt,checkpoints\caption_transformer_array-128x128_cmm_crosssim.pt,checkpoints\caption_transformer_crosssim_decoder.pt,0.1,10.0,200,200,200,9800,76192,76192,1000.0,100000.0,128x128,10,0,0.0001,0.0001,same_decoder_mapped_linear_mac_only,0.9,configurable_reference,,layers.1.self_attn.k_proj|r0c0|neg,layers.1.self_attn.k_proj,self_attn,neg,0,0,0,128,0,128,0.009999999776482582,0.9332621693611145,0.10166771807894293,1070.7445786435478,50251.25684018647,29698.79237481548,4.1701233096304194e-08,99.08042403573917,0.0019164169621463303,0.045533283104659546,2176,2176
per_vector,crossbar_core_read_only,"adc,dac,sense,digital_bias,layernorm,softmax,residual,encoder",checkpoints\caption_transformer_epoch_10.pt,checkpoints\caption_transformer_array-128x128_cmm_crosssim.pt,checkpoints\caption_transformer_crosssim_decoder.pt,0.1,10.0,200,200,200,9800,76192,76192,1000.0,100000.0,128x128,10,0,0.0001,0.0001,same_decoder_mapped_linear_mac_only,0.9,configurable_reference,,layers.1.self_attn.k_proj|r0c0|pos,layers.1.self_attn.k_proj,self_attn,pos,0,0,0,128,0,128,0.009999999776482582,0.8895002007484436,0.10170523601448167,1122.8319814590027,50251.25684018647,29575.51922615745,4.1567777405146245e-08,98.99653252559597,0.0019102838881041519,0.04549473002095403,2176,2176
per_vector,crossbar_core_read_only,"adc,dac,sense,digital_bias,layernorm,softmax,residual,encoder",checkpoints\caption_transformer_epoch_10.pt,checkpoints\caption_transformer_array-128x128_cmm_crosssim.pt,checkpoints\caption_transformer_crosssim_decoder.pt,0.1,10.0,200,200,200,9800,76192,76192,1000.0,100000.0,128x128,10,0,0.0001,0.0001,same_decoder_mapped_linear_mac_only,0.9,configurable_reference,,layers.1.self_attn.k_proj|r0c1|neg,layers.1.self_attn.k_proj,self_attn,neg,0,1,0,128,128,256,0.009999999776482582,0.8706592321395874,0.1005543988763975,1146.8512787672817,50251.25684018647,29669.252522082934,3.1008596990450296e-08,77.61570445177078,0.0014250274352228959,0.035668981825262305,2176,2176
per_vector,crossbar_core_read_only,"adc,dac,sense,digital_bias,layernorm,softmax,residual,encoder",checkpoints\caption_transformer_epoch_10.pt,checkpoints\caption_transformer_array-128x128_cmm_crosssim.pt,checkpoints\caption_transformer_crosssim_decoder.pt,0.1,10.0,200,200,200,9800,76192,76192,1000.0,100000.0,128x128,10,0,0.0001,0.0001,same_decoder_mapped_linear_mac_only,0.9,configurable_reference,,layers.1.self_attn.k_proj|r0c1|pos,layers.1.self_attn.k_proj,self_attn,pos,0,1,0,128,128,256,0.009999999776482582,0.8371779322624207,0.10094240650158781,1192.1705587104495,50251.25684018647,29757.246897378565,3.124500414033298e-08,78.10278773592398,0.0014358917343903009,0.0358928252462886,2176,2176
per_vector,crossbar_core_read_only,"adc,dac,sense,digital_bias,layernorm,softmax,residual,encoder",checkpoints\caption_transformer_epoch_10.pt,checkpoints\caption_transformer_array-128x128_cmm_crosssim.pt,checkpoints\caption_transformer_crosssim_decoder.pt,0.1,10.0,200,200,200,9800,76192,76192,1000.0,100000.0,128x128,10,0,0.0001,0.0001,same_decoder_mapped_linear_mac_only,0.9,configurable_reference,,layers.1.self_attn.k_proj|r1c0|neg,layers.1.self_attn.k_proj,self_attn,neg,1,0,128,256,0,128,0.009999999776482582,0.8376749157905579,0.10502528217000417,1191.4716840286922,50251.25684018647,29508.43902537592,4.3018662298215195e-08,102.14766230198781,0.0019769605835576833,0.04694285951378116,2176,2176
per_vector,crossbar_core_read_only,"adc,dac,sense,digital_bias,layernorm,softmax,residual,encoder",checkpoints\caption_transformer_epoch_10.pt,checkpoints\caption_transformer_array-128x128_cmm_crosssim.pt,checkpoints\caption_transformer_crosssim_decoder.pt,0.1,10.0,200,200,200,9800,76192,76192,1000.0,100000.0,128x128,10,0,0.0001,0.0001,same_decoder_mapped_linear_mac_only,0.9,configurable_reference,,layers.1.self_attn.k_proj|r1c0|pos,layers.1.self_attn.k_proj,self_attn,pos,1,0,128,256,0,128,0.009999999776482582,1.0,0.10559071060691849,1000.0,50251.25684018647,29532.805268450848,4.308867698571088e-08,102.51826826829945,0.0019801781702992118,0.04711317475565232,2176,2176
per_vector,crossbar_core_read_only,"adc,dac,sense,digital_bias,layernorm,softmax,residual,encoder",checkpoints\caption_transformer_epoch_10.pt,checkpoints\caption_transformer_array-128x128_cmm_crosssim.pt,checkpoints\caption_transformer_crosssim_decoder.pt,0.1,10.0,200,200,200,9800,76192,76192,1000.0,100000.0,128x128,10,0,0.0001,0.0001,same_decoder_mapped_linear_mac_only,0.9,configurable_reference,,layers.1.self_attn.k_proj|r1c1|neg,layers.1.self_attn.k_proj,self_attn,neg,1,1,128,256,128,256,0.009999999776482582,0.9443672299385071,0.10485872945872643,1058.286664477374,50251.25684018647,29320.761228281986,3.218239335737201e-08,80.67658869929478,0.001478970282967462,0.037075638189014146,2176,2176
per_vector,crossbar_core_read_only,"adc,dac,sense,digital_bias,layernorm,softmax,residual,encoder",checkpoints\caption_transformer_epoch_10.pt,checkpoints\caption_transformer_array-128x128_cmm_crosssim.pt,checkpoints\caption_transformer_crosssim_decoder.pt,0.1,10.0,200,200,200,9800,76192,76192,1000.0,100000.0,128x128,10,0,0.0001,0.0001,same_decoder_mapped_linear_mac_only,0.9,configurable_reference,,layers.1.self_attn.k_proj|r1c1|pos,layers.1.self_attn.k_proj,self_attn,pos,1,1,128,256,128,256,0.009999999776482582,0.9557861089706421,0.10292608514328094,1045.7754225688955,50251.25684018647,29826.563622535057,3.184551108865322e-08,79.5481296674335,0.0014634885610594285,0.036557044883930835,2176,2176
per_vector,crossbar_core_read_only,"adc,dac,sense,digital_bias,layernorm,softmax,residual,encoder",checkpoints\caption_transformer_epoch_10.pt,checkpoints\caption_transformer_array-128x128_cmm_crosssim.pt,checkpoints\caption_transformer_crosssim_decoder.pt,0.1,10.0,200,200,200,9800,76192,76192,1000.0,100000.0,128x128,10,0,0.0001,0.0001,same_decoder_mapped_linear_mac_only,0.9,configurable_reference,,layers.1.self_attn.o_proj|r0c0|neg,layers.1.self_attn.o_proj,self_attn,neg,0,0,0,128,0,128,0.009999999776482582,0.6077069640159607,0.06605488540083115,1634.9756759691252,50251.25684018647,31060.58469026943,2.9042172692820615e-08,68.69137593083506,0.001334658671545064,0.031567727909391115,2176,2176
per_vector,crossbar_core_read_only,"adc,dac,sense,digital_bias,layernorm,softmax,residual,encoder",checkpoints\caption_transformer_epoch_10.pt,checkpoints\caption_transformer_array-128x128_cmm_crosssim.pt,checkpoints\caption_transformer_crosssim_decoder.pt,0.1,10.0,200,200,200,9800,76192,76192,1000.0,100000.0,128x128,10,0,0.0001,0.0001,same_decoder_mapped_linear_mac_only,0.9,configurable_reference,,layers.1.self_attn.o_proj|r0c0|pos,layers.1.self_attn.o_proj,self_attn,pos,0,0,0,128,0,128,0.009999999776482582,0.501796543598175,0.06461875837652542,1973.2483634696025,50251.25684018647,31516.891472616488,2.8343211409339086e-08,67.2337285126329,0.0013025372890321273,0.03089785317676144,2176,2176
per_vector,crossbar_core_read_only,"adc,dac,sense,digital_bias,layernorm,softmax,residual,encoder",checkpoints\caption_transformer_epoch_10.pt,checkpoints\caption_transformer_array-128x128_cmm_crosssim.pt,checkpoints\caption_transformer_crosssim_decoder.pt,0.1,10.0,200,200,200,9800,76192,76192,1000.0,100000.0,128x128,10,0,0.0001,0.0001,same_decoder_mapped_linear_mac_only,0.9,configurable_reference,,layers.1.self_attn.o_proj|r0c1|neg,layers.1.self_attn.o_proj,self_attn,neg,0,1,0,128,128,256,0.009999999776482582,0.6176562905311584,0.0641031795361755,1609.0629437265181,50251.25684018647,31397.262947447212,2.8715978424585734e-08,67.1980785211389,0.001319668126129856,0.030881469908611625,2176,2176
per_vector,crossbar_core_read_only,"adc,dac,sense,digital_bias,layernorm,softmax,residual,encoder",checkpoints\caption_transformer_epoch_10.pt,checkpoints\caption_transformer_array-128x128_cmm_crosssim.pt,checkpoints\caption_transformer_crosssim_decoder.pt,0.1,10.0,200,200,200,9800,76192,76192,1000.0,100000.0,128x128,10,0,0.0001,0.0001,same_decoder_mapped_linear_mac_only,0.9,configurable_reference,,layers.1.self_attn.o_proj|r0c1|pos,layers.1.self_attn.o_proj,self_attn,pos,0,1,0,128,128,256,0.009999999776482582,0.6302528977394104,0.06412601934459872,1577.4105502183215,50251.25684018647,31386.971450113844,2.8765161219810117e-08,67.24706425390981,0.0013219283648809822,0.030903981734333553,2176,2176
per_vector,crossbar_core_read_only,"adc,dac,sense,digital_bias,layernorm,softmax,residual,encoder",checkpoints\caption_transformer_epoch_10.pt,checkpoints\caption_transformer_array-128x128_cmm_crosssim.pt,checkpoints\caption_transformer_crosssim_decoder.pt,0.1,10.0,200,200,200,9800,76192,76192,1000.0,100000.0,128x128,10,0,0.0001,0.0001,same_decoder_mapped_linear_mac_only,0.9,configurable_reference,,layers.1.self_attn.o_proj|r1c0|neg,layers.1.self_attn.o_proj,self_attn,neg,1,0,128,256,0,128,0.009999999776482582,0.8163610100746155,0.06600102717584377,1222.198946161326,50251.25684018647,31198.828214199195,2.9047988854080734e-08,68.69279573532114,0.001334925958367677,0.031568380393070375,2176,2176
per_vector,crossbar_core_read_only,"adc,dac,sense,digital_bias,layernorm,softmax,residual,encoder",checkpoints\caption_transformer_epoch_10.pt,checkpoints\caption_transformer_array-128x128_cmm_crosssim.pt,checkpoints\caption_transformer_crosssim_decoder.pt,0.1,10.0,200,200,200,9800,76192,76192,1000.0,100000.0,128x128,10,0,0.0001,0.0001,same_decoder_mapped_linear_mac_only,0.9,configurable_reference,,layers.1.self_attn.o_proj|r1c0|pos,layers.1.self_attn.o_proj,self_attn,pos,1,0,128,256,0,128,0.009999999776482582,0.8924567699432373,0.06539491870529446,1119.1538452546388,50251.25684018647,31493.182548812438,2.876605563506551e-08,68.07619366071928,0.0013219694685232322,0.03128501546908055,2176,2176
per_vector,crossbar_core_read_only,"adc,dac,sense,digital_bias,layernorm,softmax,residual,encoder",checkpoints\caption_transformer_epoch_10.pt,checkpoints\caption_transformer_array-128x128_cmm_crosssim.pt,checkpoints\caption_transformer_crosssim_decoder.pt,0.1,10.0,200,200,200,9800,76192,76192,1000.0,100000.0,128x128,10,0,0.0001,0.0001,same_decoder_mapped_linear_mac_only,0.9,configurable_reference,,layers.1.self_attn.o_proj|r1c1|neg,layers.1.self_attn.o_proj,self_attn,neg,1,1,128,256,128,256,0.009999999776482582,0.9785909652709961,0.0647353089649414,1021.6538975356289,50251.25684018647,31263.138462820487,2.9009982919352657e-08,67.80030799104735,0.0013331793621026032,0.031158229775297495,2176,2176
per_vector,crossbar_core_read_only,"adc,dac,sense,digital_bias,layernorm,softmax,residual,encoder",checkpoints\caption_transformer_epoch_10.pt,checkpoints\caption_transformer_array-128x128_cmm_crosssim.pt,checkpoints\caption_transformer_crosssim_decoder.pt,0.1,10.0,200,200,200,9800,76192,76192,1000.0,100000.0,128x128,10,0,0.0001,0.0001,same_decoder_mapped_linear_mac_only,0.9,configurable_reference,,layers.1.self_attn.o_proj|r1c1|pos,layers.1.self_attn.o_proj,self_attn,pos,1,1,128,256,128,256,0.009999999776482582,1.0,0.06402821781460943,1000.0,50251.25684018647,31584.69194456791,2.8724759055048506e-08,67.20118954518412,0.0013200716477503834,0.03088289960716182,2176,2176
per_vector,crossbar_core_read_only,"adc,dac,sense,digital_bias,layernorm,softmax,residual,encoder",checkpoints\caption_transformer_epoch_10.pt,checkpoints\caption_transformer_array-128x128_cmm_crosssim.pt,checkpoints\caption_transformer_crosssim_decoder.pt,0.1,10.0,200,200,200,9800,76192,76192,1000.0,100000.0,128x128,10,0,0.0001,0.0001,same_decoder_mapped_linear_mac_only,0.9,configurable_reference,,layers.1.self_attn.q_proj|r0c0|neg,layers.1.self_attn.q_proj,self_attn,neg,0,0,0,128,0,128,0.009999999776482582,0.8347064852714539,0.10004377066246661,1195.6582009913045,50251.25684018647,29696.369330279926,4.122051497980279e-08,97.87808719585183,0.0018943251369394672,0.04498073860103485,2176,2176
per_vector,crossbar_core_read_only,"adc,dac,sense,digital_bias,layernorm,softmax,residual,encoder",checkpoints\caption_transformer_epoch_10.pt,checkpoints\caption_transformer_array-128x128_cmm_crosssim.pt,checkpoints\caption_transformer_crosssim_decoder.pt,0.1,10.0,200,200,200,9800,76192,76192,1000.0,100000.0,128x128,10,0,0.0001,0.0001,same_decoder_mapped_linear_mac_only,0.9,configurable_reference,,layers.1.self_attn.q_proj|r0c0|pos,layers.1.self_attn.q_proj,self_attn,pos,0,0,0,128,0,128,0.009999999776482582,1.0,0.1000391569618273,1000.0,50251.25684018647,29771.877077381847,4.139376591450752e-08,98.00619793522627,0.0019022870365122948,0.04503961302170325,2176,2176
per_vector,crossbar_core_read_only,"adc,dac,sense,digital_bias,layernorm,softmax,residual,encoder",checkpoints\caption_transformer_epoch_10.pt,checkpoints\caption_transformer_array-128x128_cmm_crosssim.pt,checkpoints\caption_transformer_crosssim_decoder.pt,0.1,10.0,200,200,200,9800,76192,76192,1000.0,100000.0,128x128,10,0,0.0001,0.0001,same_decoder_mapped_linear_mac_only,0.9,configurable_reference,,layers.1.self_attn.q_proj|r0c1|neg,layers.1.self_attn.q_proj,self_attn,neg,0,1,0,128,128,256,0.009999999776482582,0.8194670081138611,0.10100253638438517,1217.6228927853604,50251.25684018647,29589.062194379556,3.127942461349646e-08,78.22429712236183,0.0014374735576055376,0.03594866595696775,2176,2176
per_vector,crossbar_core_read_only,"adc,dac,sense,digital_bias,layernorm,softmax,residual,encoder",checkpoints\caption_transformer_epoch_10.pt,checkpoints\caption_transformer_array-128x128_cmm_crosssim.pt,checkpoints\caption_transformer_crosssim_decoder.pt,0.1,10.0,200,200,200,9800,76192,76192,1000.0,100000.0,128x128,10,0,0.0001,0.0001,same_decoder_mapped_linear_mac_only,0.9,configurable_reference,,layers.1.self_attn.q_proj|r0c1|pos,layers.1.self_attn.q_proj,self_attn,pos,0,1,0,128,128,256,0.009999999776482582,0.8533980846405029,0.09921196514574149,1169.7765709915216,50251.25684018647,29787.890529281933,3.10419088835883e-08,77.25564284425101,0.001426558312664902,0.035503512336512416,2176,2176
per_vector,crossbar_core_read_only,"adc,dac,sense,digital_bias,layernorm,softmax,residual,encoder",checkpoints\caption_transformer_epoch_10.pt,checkpoints\caption_transformer_array-128x128_cmm_crosssim.pt,checkpoints\caption_transformer_crosssim_decoder.pt,0.1,10.0,200,200,200,9800,76192,76192,1000.0,100000.0,128x128,10,0,0.0001,0.0001,same_decoder_mapped_linear_mac_only,0.9,configurable_reference,,layers.1.self_attn.q_proj|r1c0|neg,layers.1.self_attn.q_proj,self_attn,neg,1,0,128,256,0,128,0.009999999776482582,0.9417500495910645,0.10445425953588483,1061.1964968844804,50251.25684018647,29655.864424246633,4.29397893316344e-08,101.92047876558559,0.0019733359067846696,0.046838455315066904,2176,2176
per_vector,crossbar_core_read_only,"adc,dac,sense,digital_bias,layernorm,softmax,residual,encoder",checkpoints\caption_transformer_epoch_10.pt,checkpoints\caption_transformer_array-128x128_cmm_crosssim.pt,checkpoints\caption_transformer_crosssim_decoder.pt,0.1,10.0,200,200,200,9800,76192,76192,1000.0,100000.0,128x128,10,0,0.0001,0.0001,same_decoder_mapped_linear_mac_only,0.9,configurable_reference,,layers.1.self_attn.q_proj|r1c0|pos,layers.1.self_attn.q_proj,self_attn,pos,1,0,128,256,0,128,0.009999999776482582,0.9124197363853455,0.10525469641083873,1094.935820086676,50251.25684018647,29441.830286283443,4.3385204701320364e-08,102.61474204307699,0.001993805363112152,0.04715751013009053,2176,2176
per_vector,crossbar_core_read_only,"adc,dac,sense,digital_bias,layernorm,softmax,residual,encoder",checkpoints\caption_transformer_epoch_10.pt,checkpoints\caption_transformer_array-128x128_cmm_crosssim.pt,checkpoints\caption_transformer_crosssim_decoder.pt,0.1,10.0,200,200,200,9800,76192,76192,1000.0,100000.0,128x128,10,0,0.0001,0.0001,same_decoder_mapped_linear_mac_only,0.9,configurable_reference,,layers.1.self_attn.q_proj|r1c1|neg,layers.1.self_attn.q_proj,self_attn,neg,1,1,128,256,128,256,0.009999999776482582,0.9428566694259644,0.10452862051505463,1059.9641849808065,50251.25684018647,29496.103881304294,3.223683898992991e-08,80.65361431087999,0.0014814723800519298,0.03706508010610293,2176,2176
per_vector,crossbar_core_read_only,"adc,dac,sense,digital_bias,layernorm,softmax,residual,encoder",checkpoints\caption_transformer_epoch_10.pt,checkpoints\caption_transformer_array-128x128_cmm_crosssim.pt,checkpoints\caption_transformer_crosssim_decoder.pt,0.1,10.0,200,200,200,9800,76192,76192,1000.0,100000.0,128x128,10,0,0.0001,0.0001,same_decoder_mapped_linear_mac_only,0.9,configurable_reference,,layers.1.self_attn.q_proj|r1c1|pos,layers.1.self_attn.q_proj,self_attn,pos,1,1,128,256,128,256,0.009999999776482582,0.8812119960784912,0.10531420959409843,1133.2730512153955,50251.25684018647,29524.080000372724,3.295661662830355e-08,81.77992414830508,0.0015145503965213036,0.037582685729919615,2176,2176
per_vector,crossbar_core_read_only,"adc,dac,sense,digital_bias,layernorm,softmax,residual,encoder",checkpoints\caption_transformer_epoch_10.pt,checkpoints\caption_transformer_array-128x128_cmm_crosssim.pt,checkpoints\caption_transformer_crosssim_decoder.pt,0.1,10.0,200,200,200,9800,76192,76192,1000.0,100000.0,128x128,10,0,0.0001,0.0001,same_decoder_mapped_linear_mac_only,0.9,configurable_reference,,layers.1.self_attn.v_proj|r0c0|neg,layers.1.self_attn.v_proj,self_attn,neg,0,0,0,128,0,128,0.009999999776482582,0.8793867230415344,0.09984144264689121,1135.5985838414445,50251.25684018647,29767.602253853955,4.106951852859903e-08,97.50576211771367,0.001887385961792234,0.04480963332615518,2176,2176
per_vector,crossbar_core_read_only,"adc,dac,sense,digital_bias,layernorm,softmax,residual,encoder",checkpoints\caption_transformer_epoch_10.pt,checkpoints\caption_transformer_array-128x128_cmm_crosssim.pt,checkpoints\caption_transformer_crosssim_decoder.pt,0.1,10.0,200,200,200,9800,76192,76192,1000.0,100000.0,128x128,10,0,0.0001,0.0001,same_decoder_mapped_linear_mac_only,0.9,configurable_reference,,layers.1.self_attn.v_proj|r0c0|pos,layers.1.self_attn.v_proj,self_attn,pos,0,0,0,128,0,128,0.009999999776482582,0.9149873852729797,0.10100518136522396,1091.8967475455702,50251.25684018647,29630.13655658873,4.130720690194242e-08,98.38500568517524,0.0018983091407142614,0.04521369746561362,2176,2176
per_vector,crossbar_core_read_only,"adc,dac,sense,digital_bias,layernorm,softmax,residual,encoder",checkpoints\caption_transformer_epoch_10.pt,checkpoints\caption_transformer_array-128x128_cmm_crosssim.pt,checkpoints\caption_transformer_crosssim_decoder.pt,0.1,10.0,200,200,200,9800,76192,76192,1000.0,100000.0,128x128,10,0,0.0001,0.0001,same_decoder_mapped_linear_mac_only,0.9,configurable_reference,,layers.1.self_attn.v_proj|r0c1|neg,layers.1.self_attn.v_proj,self_attn,neg,0,1,0,128,128,256,0.009999999776482582,0.9746608734130859,0.10103625838161179,1025.731221944225,50251.25684018647,29669.325264044433,3.070914748450504e-08,77.49205080904257,0.0014112659689570369,0.035612155702685,2176,2176
per_vector,crossbar_core_read_only,"adc,dac,sense,digital_bias,layernorm,softmax,residual,encoder",checkpoints\caption_transformer_epoch_10.pt,checkpoints\caption_transformer_array-128x128_cmm_crosssim.pt,checkpoints\caption_transformer_crosssim_decoder.pt,0.1,10.0,200,200,200,9800,76192,76192,1000.0,100000.0,128x128,10,0,0.0001,0.0001,same_decoder_mapped_linear_mac_only,0.9,configurable_reference,,layers.1.self_attn.v_proj|r0c1|pos,layers.1.self_attn.v_proj,self_attn,pos,0,1,0,128,128,256,0.009999999776482582,0.9035133719444275,0.10077473372132317,1105.6097955020741,50251.25684018647,29783.649480730674,3.070756403605262e-08,77.39252669707359,0.0014111932001862409,0.03556641851887573,2176,2176
per_vector,crossbar_core_read_only,"adc,dac,sense,digital_bias,layernorm,softmax,residual,encoder",checkpoints\caption_transformer_epoch_10.pt,checkpoints\caption_transformer_array-128x128_cmm_crosssim.pt,checkpoints\caption_transformer_crosssim_decoder.pt,0.1,10.0,200,200,200,9800,76192,76192,1000.0,100000.0,128x128,10,0,0.0001,0.0001,same_decoder_mapped_linear_mac_only,0.9,configurable_reference,,layers.1.self_attn.v_proj|r1c0|neg,layers.1.self_attn.v_proj,self_attn,neg,1,0,128,256,0,128,0.009999999776482582,1.0,0.09814731805272459,1000.0,50251.25684018647,29801.643630865292,4.039221443783291e-08,96.07583489256113,0.001856259854679819,0.044152497652831406,2176,2176
per_vector,crossbar_core_read_only,"adc,dac,sense,digital_bias,layernorm,softmax,residual,encoder",checkpoints\caption_transformer_epoch_10.pt,checkpoints\caption_transformer_array-128x128_cmm_crosssim.pt,checkpoints\caption_transformer_crosssim_decoder.pt,0.1,10.0,200,200,200,9800,76192,76192,1000.0,100000.0,128x128,10,0,0.0001,0.0001,same_decoder_mapped_linear_mac_only,0.9,configurable_reference,,layers.1.self_attn.v_proj|r1c0|pos,layers.1.self_attn.v_proj,self_attn,pos,1,0,128,256,0,128,0.009999999776482582,0.8690943121910095,0.09952517252440884,1148.8926117892959,50251.25684018647,29671.09804458163,4.0889186214721915e-08,97.15994435525012,0.001879098631191263,0.044650709722081856,2176,2176
per_vector,crossbar_core_read_only,"adc,dac,sense,digital_bias,layernorm,softmax,residual,encoder",checkpoints\caption_transformer_epoch_10.pt,checkpoints\caption_transformer_array-128x128_cmm_crosssim.pt,checkpoints\caption_transformer_crosssim_decoder.pt,0.1,10.0,200,200,200,9800,76192,76192,1000.0,100000.0,128x128,10,0,0.0001,0.0001,same_decoder_mapped_linear_mac_only,0.9,configurable_reference,,layers.1.self_attn.v_proj|r1c1|neg,layers.1.self_attn.v_proj,self_attn,neg,1,1,128,256,128,256,0.009999999776482582,0.9207844734191895,0.09738416692204055,1085.0969619606185,50251.25684018647,29766.012603516403,2.995429897306206e-08,75.29459638515043,0.001376576239570863,0.03460229613288163,2176,2176
per_vector,crossbar_core_read_only,"adc,dac,sense,digital_bias,layernorm,softmax,residual,encoder",checkpoints\caption_transformer_epoch_10.pt,checkpoints\caption_transformer_array-128x128_cmm_crosssim.pt,checkpoints\caption_transformer_crosssim_decoder.pt,0.1,10.0,200,200,200,9800,76192,76192,1000.0,100000.0,128x128,10,0,0.0001,0.0001,same_decoder_mapped_linear_mac_only,0.9,configurable_reference,,layers.1.self_attn.v_proj|r1c1|pos,layers.1.self_attn.v_proj,self_attn,pos,1,1,128,256,128,256,0.009999999776482582,0.8535227179527283,0.09668914064963019,1169.607755425355,50251.25684018647,29918.08700694412,2.9539737456287894e-08,74.50639953558078,0.001357524699277939,0.03424007331598382,2176,2176
per_vector,crossbar_core_read_only,"adc,dac,sense,digital_bias,layernorm,softmax,residual,encoder",checkpoints\caption_transformer_epoch_10.pt,checkpoints\caption_transformer_array-128x128_cmm_crosssim.pt,checkpoints\caption_transformer_crosssim_decoder.pt,0.1,10.0,200,200,200,9800,76192,76192,1000.0,100000.0,128x128,10,0,0.0001,0.0001,same_decoder_mapped_linear_mac_only,0.9,configurable_reference,,output_proj|r0c0|neg,output_proj,output_proj,neg,0,0,0,127,0,128,0.009999999776482582,0.8976944088935852,0.04817029150340598,1112.6967474893413,50251.25684018647,33086.205277777015,2.0413343143396003e-08,49.33125689360987,0.0009381131959281241,0.022670614381254534,2176,2176
per_vector,crossbar_core_read_only,"adc,dac,sense,digital_bias,layernorm,softmax,residual,encoder",checkpoints\caption_transformer_epoch_10.pt,checkpoints\caption_transformer_array-128x128_cmm_crosssim.pt,checkpoints\caption_transformer_crosssim_decoder.pt,0.1,10.0,200,200,200,9800,76192,76192,1000.0,100000.0,128x128,10,0,0.0001,0.0001,same_decoder_mapped_linear_mac_only,0.9,configurable_reference,,output_proj|r0c0|pos,output_proj,output_proj,pos,0,0,0,127,0,128,0.009999999776482582,0.9223885536193848,0.04775129414658982,1083.2303646069404,50251.25684018647,32944.627193585264,1.9210337356296074e-08,47.888344961863844,0.0008828280035062521,0.02200751147144478,2176,2176
per_vector,crossbar_core_read_only,"adc,dac,sense,digital_bias,layernorm,softmax,residual,encoder",checkpoints\caption_transformer_epoch_10.pt,checkpoints\caption_transformer_array-128x128_cmm_crosssim.pt,checkpoints\caption_transformer_crosssim_decoder.pt,0.1,10.0,200,200,200,9800,76192,76192,1000.0,100000.0,128x128,10,0,0.0001,0.0001,same_decoder_mapped_linear_mac_only,0.9,configurable_reference,,output_proj|r0c1|neg,output_proj,output_proj,neg,0,1,0,127,128,256,0.009999999776482582,0.8779827356338501,0.04744096917540704,1137.3938718641728,50251.25684018647,32928.74985059899,2.0051916164496217e-08,48.487161384406114,0.0009215035002066255,0.0222827028420984,2176,2176
per_vector,crossbar_core_read_only,"adc,dac,sense,digital_bias,layernorm,softmax,residual,encoder",checkpoints\caption_transformer_epoch_10.pt,checkpoints\caption_transformer_array-128x128_cmm_crosssim.pt,checkpoints\caption_transformer_crosssim_decoder.pt,0.1,10.0,200,200,200,9800,76192,76192,1000.0,100000.0,128x128,10,0,0.0001,0.0001,same_decoder_mapped_linear_mac_only,0.9,configurable_reference,,output_proj|r0c1|pos,output_proj,output_proj,pos,0,1,0,127,128,256,0.009999999776482582,0.9265826940536499,0.04795269778043703,1078.380039730282,50251.25684018647,33019.14731167272,2.0120303538205153e-08,48.81601977394982,0.0009246463023072207,0.02243383261670488,2176,2176
per_vector,crossbar_core_read_only,"adc,dac,sense,digital_bias,layernorm,softmax,residual,encoder",checkpoints\caption_transformer_epoch_10.pt,checkpoints\caption_transformer_array-128x128_cmm_crosssim.pt,checkpoints\caption_transformer_crosssim_decoder.pt,0.1,10.0,200,200,200,9800,76192,76192,1000.0,100000.0,128x128,10,0,0.0001,0.0001,same_decoder_mapped_linear_mac_only,0.9,configurable_reference,,output_proj|r10c0|neg,output_proj,output_proj,neg,10,0,1270,1397,0,128,0.009999999776482582,0.6109469532966614,0.05454599843769541,1626.4460551080156,50251.25684018647,32305.441435602177,2.343964796730788e-08,55.562134225083526,0.0010771897043799579,0.02553406903726265,2176,2176
per_vector,crossbar_core_read_only,"adc,dac,sense,digital_bias,layernorm,softmax,residual,encoder",checkpoints\caption_transformer_epoch_10.pt,checkpoints\caption_transformer_array-128x128_cmm_crosssim.pt,checkpoints\caption_transformer_crosssim_decoder.pt,0.1,10.0,200,200,200,9800,76192,76192,1000.0,100000.0,128x128,10,0,0.0001,0.0001,same_decoder_mapped_linear_mac_only,0.9,configurable_reference,,output_proj|r10c0|pos,output_proj,output_proj,pos,10,0,1270,1397,0,128,0.009999999776482582,0.5507237911224365,0.054522457728176155,1801.0990382334403,50251.25684018647,32341.355197568697,2.0901050348558302e-08,52.90890529462746,0.0009605262108712466,0.02431475427142806,2176,2176
per_vector,crossbar_core_read_only,"adc,dac,sense,digital_bias,layernorm,softmax,residual,encoder",checkpoints\caption_transformer_epoch_10.pt,checkpoints\caption_transformer_array-128x128_cmm_crosssim.pt,checkpoints\caption_transformer_crosssim_decoder.pt,0.1,10.0,200,200,200,9800,76192,76192,1000.0,100000.0,128x128,10,0,0.0001,0.0001,same_decoder_mapped_linear_mac_only,0.9,configurable_reference,,output_proj|r10c1|neg,output_proj,output_proj,neg,10,1,1270,1397,128,256,0.009999999776482582,0.4693516790866852,0.05343745879932741,2106.7793191698574,50251.25684018647,32451.348738883982,2.2463304743210347e-08,53.88862496845661,0.00103232099003724,0.024764993092121605,2176,2176
per_vector,crossbar_core_read_only,"adc,dac,sense,digital_bias,layernorm,softmax,residual,encoder",checkpoints\caption_transformer_epoch_10.pt,checkpoints\caption_transformer_array-128x128_cmm_crosssim.pt,checkpoints\caption_transformer_crosssim_decoder.pt,0.1,10.0,200,200,200,9800,76192,76192,1000.0,100000.0,128x128,10,0,0.0001,0.0001,same_decoder_mapped_linear_mac_only,0.9,configurable_reference,,output_proj|r10c1|pos,output_proj,output_proj,pos,10,1,1270,1397,128,256,0.009999999776482582,0.6690129637718201,0.05593565916509632,1487.380688606122,50251.25684018647,31998.689906719654,2.327115701445087e-08,55.95483465625645,0.0010694465539729271,0.025714537985411973,2176,2176
per_vector,crossbar_core_read_only,"adc,dac,sense,digital_bias,layernorm,softmax,residual,encoder",checkpoints\caption_transformer_epoch_10.pt,checkpoints\caption_transformer_array-128x128_cmm_crosssim.pt,checkpoints\caption_transformer_crosssim_decoder.pt,0.1,10.0,200,200,200,9800,76192,76192,1000.0,100000.0,128x128,10,0,0.0001,0.0001,same_decoder_mapped_linear_mac_only,0.9,configurable_reference,,output_proj|r11c0|neg,output_proj,output_proj,neg,11,0,1397,1524,0,128,0.009999999776482582,0.601494312286377,0.05495042720994973,1651.583936512202,50251.25684018647,32370.90442409587,2.3887066005245306e-08,56.23519608374174,0.0010977511950939949,0.02584338055319014,2176,2176
per_vector,crossbar_core_read_only,"adc,dac,sense,digital_bias,layernorm,softmax,residual,encoder",checkpoints\caption_transformer_epoch_10.pt,checkpoints\caption_transformer_array-128x128_cmm_crosssim.pt,checkpoints\caption_transformer_crosssim_decoder.pt,0.1,10.0,200,200,200,9800,76192,76192,1000.0,100000.0,128x128,10,0,0.0001,0.0001,same_decoder_mapped_linear_mac_only,0.9,configurable_reference,,output_proj|r11c0|pos,output_proj,output_proj,pos,11,0,1397,1524,0,128,0.009999999776482582,0.6431803107261658,0.05543881122448654,1546.1960688268784,50251.25684018647,32105.239803395885,2.104554617636938e-08,53.48331952860664,0.0009671666441346235,0.024578731401014083,2176,2176
per_vector,crossbar_core_read_only,"adc,dac,sense,digital_bias,layernorm,softmax,residual,encoder",checkpoints\caption_transformer_epoch_10.pt,checkpoints\caption_transformer_array-128x128_cmm_crosssim.pt,checkpoints\caption_transformer_crosssim_decoder.pt,0.1,10.0,200,200,200,9800,76192,76192,1000.0,100000.0,128x128,10,0,0.0001,0.0001,same_decoder_mapped_linear_mac_only,0.9,configurable_reference,,output_proj|r11c1|neg,output_proj,output_proj,neg,11,1,1397,1524,128,256,0.009999999776482582,0.579700231552124,0.05369656543968352,1712.6125527810552,50251.25684018647,32437.94159283252,2.244353909753495e-08,53.97914425846631,0.0010314126423499536,0.02480659203054518,2176,2176
per_vector,crossbar_core_read_only,"adc,dac,sense,digital_bias,layernorm,softmax,residual,encoder",checkpoints\caption_transformer_epoch_10.pt,checkpoints\caption_transformer_array-128x128_cmm_crosssim.pt,checkpoints\caption_transformer_crosssim_decoder.pt,0.1,10.0,200,200,200,9800,76192,76192,1000.0,100000.0,128x128,10,0,0.0001,0.0001,same_decoder_mapped_linear_mac_only,0.9,configurable_reference,,output_proj|r11c1|pos,output_proj,output_proj,pos,11,1,1397,1524,128,256,0.009999999776482582,0.6206269264221191,0.05568148854865113,1601.4844937250832,50251.25684018647,32206.585712835342,2.3110225570546493e-08,55.69581625358511,0.0010620508074699671,0.025595503793007863,2176,2176
per_vector,crossbar_core_read_only,"adc,dac,sense,digital_bias,layernorm,softmax,residual,encoder",checkpoints\caption_transformer_epoch_10.pt,checkpoints\caption_transformer_array-128x128_cmm_crosssim.pt,checkpoints\caption_transformer_crosssim_decoder.pt,0.1,10.0,200,200,200,9800,76192,76192,1000.0,100000.0,128x128,10,0,0.0001,0.0001,same_decoder_mapped_linear_mac_only,0.9,configurable_reference,,output_proj|r12c0|neg,output_proj,output_proj,neg,12,0,1524,1651,0,128,0.009999999776482582,0.6507008075714111,0.055573489710960836,1528.5990187783452,50251.25684018647,31931.402130499202,2.4088920812357797e-08,56.720162729024906,0.0011070276108620298,0.026066251254147476,2176,2176
per_vector,crossbar_core_read_only,"adc,dac,sense,digital_bias,layernorm,softmax,residual,encoder",checkpoints\caption_transformer_epoch_10.pt,checkpoints\caption_transformer_array-128x128_cmm_crosssim.pt,checkpoints\caption_transformer_crosssim_decoder.pt,0.1,10.0,200,200,200,9800,76192,76192,1000.0,100000.0,128x128,10,0,0.0001,0.0001,same_decoder_mapped_linear_mac_only,0.9,configurable_reference,,output_proj|r12c0|pos,output_proj,output_proj,pos,12,0,1524,1651,0,128,0.009999999776482582,0.6551594138145447,0.05405588736593784,1518.354277195404,50251.25684018647,32619.72862997537,2.0614339858396302e-08,52.38141225288387,0.0009473501773160043,0.024072340189744426,2176,2176
per_vector,crossbar_core_read_only,"adc,dac,sense,digital_bias,layernorm,softmax,residual,encoder",checkpoints\caption_transformer_epoch_10.pt,checkpoints\caption_transformer_array-128x128_cmm_crosssim.pt,checkpoints\caption_transformer_crosssim_decoder.pt,0.1,10.0,200,200,200,9800,76192,76192,1000.0,100000.0,128x128,10,0,0.0001,0.0001,same_decoder_mapped_linear_mac_only,0.9,configurable_reference,,output_proj|r12c1|neg,output_proj,output_proj,neg,12,1,1524,1651,128,256,0.009999999776482582,0.5664179921150208,0.05344733584733628,1752.0688931646162,50251.25684018647,32494.390561368873,2.235428539972617e-08,53.77184647347919,0.0010273109099138862,0.024711326504356243,2176,2176
per_vector,crossbar_core_read_only,"adc,dac,sense,digital_bias,layernorm,softmax,residual,encoder",checkpoints\caption_transformer_epoch_10.pt,checkpoints\caption_transformer_array-128x128_cmm_crosssim.pt,checkpoints\caption_transformer_crosssim_decoder.pt,0.1,10.0,200,200,200,9800,76192,76192,1000.0,100000.0,128x128,10,0,0.0001,0.0001,same_decoder_mapped_linear_mac_only,0.9,configurable_reference,,output_proj|r12c1|pos,output_proj,output_proj,pos,12,1,1524,1651,128,256,0.009999999776482582,0.6474204659461975,0.05646730181924938,1536.225122521304,50251.25684018647,31983.56917595698,2.350219499151426e-08,56.457880132199584,0.0010800641080659134,0.02594571697251819,2176,2176
per_vector,crossbar_core_read_only,"adc,dac,sense,digital_bias,layernorm,softmax,residual,encoder",checkpoints\caption_transformer_epoch_10.pt,checkpoints\caption_transformer_array-128x128_cmm_crosssim.pt,checkpoints\caption_transformer_crosssim_decoder.pt,0.1,10.0,200,200,200,9800,76192,76192,1000.0,100000.0,128x128,10,0,0.0001,0.0001,same_decoder_mapped_linear_mac_only,0.9,configurable_reference,,output_proj|r13c0|neg,output_proj,output_proj,neg,13,0,1651,1778,0,128,0.009999999776482582,0.5834887623786926,0.05612361469334926,1701.681964433694,50251.25684018647,32259.06361890705,2.4317880356915078e-08,57.23481474263282,0.0011175496487552874,0.026302764128048172,2176,2176
per_vector,crossbar_core_read_only,"adc,dac,sense,digital_bias,layernorm,softmax,residual,encoder",checkpoints\caption_transformer_epoch_10.pt,checkpoints\caption_transformer_array-128x128_cmm_crosssim.pt,checkpoints\caption_transformer_crosssim_decoder.pt,0.1,10.0,200,200,200,9800,76192,76192,1000.0,100000.0,128x128,10,0,0.0001,0.0001,same_decoder_mapped_linear_mac_only,0.9,configurable_reference,,output_proj|r13c0|pos,output_proj,output_proj,pos,13,0,1651,1778,0,128,0.009999999776482582,0.5969599485397339,0.05606167998244412,1663.9202302890697,50251.25684018647,32091.97388592676,2.1229195603404322e-08,53.96194995470226,0.0009756064155976276,0.024798690236535966,2176,2176
per_vector,crossbar_core_read_only,"adc,dac,sense,digital_bias,layernorm,softmax,residual,encoder",checkpoints\caption_transformer_epoch_10.pt,checkpoints\caption_transformer_array-128x128_cmm_crosssim.pt,checkpoints\caption_transformer_crosssim_decoder.pt,0.1,10.0,200,200,200,9800,76192,76192,1000.0,100000.0,128x128,10,0,0.0001,0.0001,same_decoder_mapped_linear_mac_only,0.9,configurable_reference,,output_proj|r13c1|neg,output_proj,output_proj,neg,13,1,1651,1778,128,256,0.009999999776482582,0.5648308396339417,0.05492846455915893,1756.9056411932559,50251.25684018647,32193.401398414306,2.290400017008348e-08,55.06824516594126,0.001052573537228103,0.025307097962289183,2176,2176
per_vector,crossbar_core_read_only,"adc,dac,sense,digital_bias,layernorm,softmax,residual,encoder",checkpoints\caption_transformer_epoch_10.pt,checkpoints\caption_transformer_array-128x128_cmm_crosssim.pt,checkpoints\caption_transformer_crosssim_decoder.pt,0.1,10.0,200,200,200,9800,76192,76192,1000.0,100000.0,128x128,10,0,0.0001,0.0001,same_decoder_mapped_linear_mac_only,0.9,configurable_reference,,output_proj|r13c1|pos,output_proj,output_proj,pos,13,1,1651,1778,128,256,0.009999999776482582,0.5937835574150085,0.057095475575928374,1672.6723358006927,50251.25684018647,32017.148631975473,2.3675771636297463e-08,56.94125510727773,0.0010880409759327888,0.026167856207388665,2176,2176
per_vector,crossbar_core_read_only,"adc,dac,sense,digital_bias,layernorm,softmax,residual,encoder",checkpoints\caption_transformer_epoch_10.pt,checkpoints\caption_transformer_array-128x128_cmm_crosssim.pt,checkpoints\caption_transformer_crosssim_decoder.pt,0.1,10.0,200,200,200,9800,76192,76192,1000.0,100000.0,128x128,10,0,0.0001,0.0001,same_decoder_mapped_linear_mac_only,0.9,configurable_reference,,output_proj|r14c0|neg,output_proj,output_proj,neg,14,0,1778,1905,0,128,0.009999999776482582,0.6454413533210754,0.05815747482326307,1540.8630570083144,50251.25684018647,32144.3309164308,2.5081925527316244e-08,59.026661800661806,0.0011526620187185797,0.02712622325398061,2176,2176
per_vector,crossbar_core_read_only,"adc,dac,sense,digital_bias,layernorm,softmax,residual,encoder",checkpoints\caption_transformer_epoch_10.pt,checkpoints\caption_transformer_array-128x128_cmm_crosssim.pt,checkpoints\caption_transformer_crosssim_decoder.pt,0.1,10.0,200,200,200,9800,76192,76192,1000.0,100000.0,128x128,10,0,0.0001,0.0001,same_decoder_mapped_linear_mac_only,0.9,configurable_reference,,output_proj|r14c0|pos,output_proj,output_proj,pos,14,0,1778,1905,0,128,0.009999999776482582,0.6300931572914124,0.058597656207901194,1577.804143726046,50251.25684018647,31809.568113348912,2.2100726828003206e-08,56.109832224848084,0.0010156584020222072,0.025785768485683862,2176,2176
per_vector,crossbar_core_read_only,"adc,dac,sense,digital_bias,layernorm,softmax,residual,encoder",checkpoints\caption_transformer_epoch_10.pt,checkpoints\caption_transformer_array-128x128_cmm_crosssim.pt,checkpoints\caption_transformer_crosssim_decoder.pt,0.1,10.0,200,200,200,9800,76192,76192,1000.0,100000.0,128x128,10,0,0.0001,0.0001,same_decoder_mapped_linear_mac_only,0.9,configurable_reference,,output_proj|r14c1|neg,output_proj,output_proj,neg,14,1,1778,1905,128,256,0.009999999776482582,0.540295422077179,0.05682988471959307,1835.2244873818388,50251.25684018647,31932.424856234076,2.3633094666089955e-08,56.721886342116036,0.0010860797181107503,0.026067043355751857,2176,2176
per_vector,crossbar_core_read_only,"adc,dac,sense,digital_bias,layernorm,softmax,residual,encoder",checkpoints\caption_transformer_epoch_10.pt,checkpoints\caption_transformer_array-128x128_cmm_crosssim.pt,checkpoints\caption_transformer_crosssim_decoder.pt,0.1,10.0,200,200,200,9800,76192,76192,1000.0,100000.0,128x128,10,0,0.0001,0.0001,same_decoder_mapped_linear_mac_only,0.9,configurable_reference,,output_proj|r14c1|pos,output_proj,output_proj,pos,14,1,1778,1905,128,256,0.009999999776482582,0.6007474064826965,0.058244892637227944,1653.6033861726357,50251.25684018647,32136.46746695103,2.4058196044477352e-08,57.92498411292695,0.0011056156270439937,0.026619937551896577,2176,2176
per_vector,crossbar_core_read_only,"adc,dac,sense,digital_bias,layernorm,softmax,residual,encoder",checkpoints\caption_transformer_epoch_10.pt,checkpoints\caption_transformer_array-128x128_cmm_crosssim.pt,checkpoints\caption_transformer_crosssim_decoder.pt,0.1,10.0,200,200,200,9800,76192,76192,1000.0,100000.0,128x128,10,0,0.0001,0.0001,same_decoder_mapped_linear_mac_only,0.9,configurable_reference,,output_proj|r15c0|neg,output_proj,output_proj,neg,15,0,1905,2032,0,128,0.009999999776482582,0.7928000688552856,0.0599396825046416,1258.0640835780878,50251.25684018647,31748.139644188064,2.5940667022702068e-08,60.79196379260743,0.0011921262418521194,0.027937483360573268,2176,2176
per_vector,crossbar_core_read_only,"adc,dac,sense,digital_bias,layernorm,softmax,residual,encoder",checkpoints\caption_transformer_epoch_10.pt,checkpoints\caption_transformer_array-128x128_cmm_crosssim.pt,checkpoints\caption_transformer_crosssim_decoder.pt,0.1,10.0,200,200,200,9800,76192,76192,1000.0,100000.0,128x128,10,0,0.0001,0.0001,same_decoder_mapped_linear_mac_only,0.9,configurable_reference,,output_proj|r15c0|pos,output_proj,output_proj,pos,15,0,1905,2032,0,128,0.009999999776482582,0.7212615013122559,0.05903629058880106,1381.122212771225,50251.25684018647,31928.30090085087,2.2142375240250606e-08,56.36902463677395,0.001017572391555635,0.025904882645576263,2176,2176
per_vector,crossbar_core_read_only,"adc,dac,sense,digital_bias,layernorm,softmax,residual,encoder",checkpoints\caption_transformer_epoch_10.pt,checkpoints\caption_transformer_array-128x128_cmm_crosssim.pt,checkpoints\caption_transformer_crosssim_decoder.pt,0.1,10.0,200,200,200,9800,76192,76192,1000.0,100000.0,128x128,10,0,0.0001,0.0001,same_decoder_mapped_linear_mac_only,0.9,configurable_reference,,output_proj|r15c1|neg,output_proj,output_proj,neg,15,1,1905,2032,128,256,0.009999999776482582,0.5709947347640991,0.05714441506256483,1738.2695003823967,50251.25684018647,32031.410061719205,2.3674074505775825e-08,56.930273120171094,0.0010879629828021956,0.02616280933831392,2176,2176
per_vector,crossbar_core_read_only,"adc,dac,sense,digital_bias,layernorm,softmax,residual,encoder",checkpoints\caption_transformer_epoch_10.pt,checkpoints\caption_transformer_array-128x128_cmm_crosssim.pt,checkpoints\caption_transformer_crosssim_decoder.pt,0.1,10.0,200,200,200,9800,76192,76192,1000.0,100000.0,128x128,10,0,0.0001,0.0001,same_decoder_mapped_linear_mac_only,0.9,configurable_reference,,output_proj|r15c1|pos,output_proj,output_proj,pos,15,1,1905,2032,128,256,0.009999999776482582,0.621950626373291,0.0600830829714578,1598.1305194232816,50251.25684018647,31789.862443669757,2.485312183281427e-08,59.60904882369374,0.0011421471430521288,0.027393864349123963,2176,2176
per_vector,crossbar_core_read_only,"adc,dac,sense,digital_bias,layernorm,softmax,residual,encoder",checkpoints\caption_transformer_epoch_10.pt,checkpoints\caption_transformer_array-128x128_cmm_crosssim.pt,checkpoints\caption_transformer_crosssim_decoder.pt,0.1,10.0,200,200,200,9800,76192,76192,1000.0,100000.0,128x128,10,0,0.0001,0.0001,same_decoder_mapped_linear_mac_only,0.9,configurable_reference,,output_proj|r16c0|neg,output_proj,output_proj,neg,16,0,2032,2159,0,128,0.009999999776482582,0.5894261002540588,0.05803766340227233,1684.8295809388494,50251.25684018647,31907.787980722736,2.5202566761375706e-08,59.07995270389035,0.0011582061930779301,0.02715071355877314,2176,2176
per_vector,crossbar_core_read_only,"adc,dac,sense,digital_bias,layernorm,softmax,residual,encoder",checkpoints\caption_transformer_epoch_10.pt,checkpoints\caption_transformer_array-128x128_cmm_crosssim.pt,checkpoints\caption_transformer_crosssim_decoder.pt,0.1,10.0,200,200,200,9800,76192,76192,1000.0,100000.0,128x128,10,0,0.0001,0.0001,same_decoder_mapped_linear_mac_only,0.9,configurable_reference,,output_proj|r16c0|pos,output_proj,output_proj,pos,16,0,2032,2159,0,128,0.009999999776482582,0.6037322282791138,0.05778285477285899,1645.5625843374296,50251.25684018647,32074.086579869378,2.182765220829176e-08,55.440374787295426,0.0010031090169251744,0.025478113413279147,2176,2176
per_vector,crossbar_core_read_only,"adc,dac,sense,digital_bias,layernorm,softmax,residual,encoder",checkpoints\caption_transformer_epoch_10.pt,checkpoints\caption_transformer_array-128x128_cmm_crosssim.pt,checkpoints\caption_transformer_crosssim_decoder.pt,0.1,10.0,200,200,200,9800,76192,76192,1000.0,100000.0,128x128,10,0,0.0001,0.0001,same_decoder_mapped_linear_mac_only,0.9,configurable_reference,,output_proj|r16c1|neg,output_proj,output_proj,neg,16,1,2032,2159,128,256,0.009999999776482582,0.6159676313400269,0.056159450820320395,1613.402977309384,50251.25684018647,32048.884828119746,2.332733453299459e-08,56.08930554021953,0.0010720282414060014,0.025776335266645002,2176,2176
per_vector,crossbar_core_read_only,"adc,dac,sense,digital_bias,layernorm,softmax,residual,encoder",checkpoints\caption_transformer_epoch_10.pt,checkpoints\caption_transformer_array-128x128_cmm_crosssim.pt,checkpoints\caption_transformer_crosssim_decoder.pt,0.1,10.0,200,200,200,9800,76192,76192,1000.0,100000.0,128x128,10,0,0.0001,0.0001,same_decoder_mapped_linear_mac_only,0.9,configurable_reference,,output_proj|r16c1|pos,output_proj,output_proj,pos,16,1,2032,2159,128,256,0.009999999776482582,0.7309824228286743,0.05889102690644639,1363.005790195354,50251.25684018647,31941.668607184583,2.4417581334531212e-08,58.59207697738278,0.001122131495153086,0.026926505963870764,2176,2176
per_vector,crossbar_core_read_only,"adc,dac,sense,digital_bias,layernorm,softmax,residual,encoder",checkpoints\caption_transformer_epoch_10.pt,checkpoints\caption_transformer_array-128x128_cmm_crosssim.pt,checkpoints\caption_transformer_crosssim_decoder.pt,0.1,10.0,200,200,200,9800,76192,76192,1000.0,100000.0,128x128,10,0,0.0001,0.0001,same_decoder_mapped_linear_mac_only,0.9,configurable_reference,,output_proj|r17c0|neg,output_proj,output_proj,neg,17,0,2159,2286,0,128,0.009999999776482582,0.5818362832069397,0.05779091744780161,1706.4324574926122,50251.25684018647,31926.93067488498,2.5068164861426035e-08,58.818857135695445,0.0011520296351758257,0.027030724786624744,2176,2176
per_vector,crossbar_core_read_only,"adc,dac,sense,digital_bias,layernorm,softmax,residual,encoder",checkpoints\caption_transformer_epoch_10.pt,checkpoints\caption_transformer_array-128x128_cmm_crosssim.pt,checkpoints\caption_transformer_crosssim_decoder.pt,0.1,10.0,200,200,200,9800,76192,76192,1000.0,100000.0,128x128,10,0,0.0001,0.0001,same_decoder_mapped_linear_mac_only,0.9,configurable_reference,,output_proj|r17c0|pos,output_proj,output_proj,pos,17,0,2159,2286,0,128,0.009999999776482582,0.6234543323516846,0.05706411901280269,1594.3374515485689,50251.25684018647,32233.959044322746,2.1563559855089834e-08,54.81855475417043,0.000990972419811114,0.025192350530409205,2176,2176
per_vector,crossbar_core_read_only,"adc,dac,sense,digital_bias,layernorm,softmax,residual,encoder",checkpoints\caption_transformer_epoch_10.pt,checkpoints\caption_transformer_array-128x128_cmm_crosssim.pt,checkpoints\caption_transformer_crosssim_decoder.pt,0.1,10.0,200,200,200,9800,76192,76192,1000.0,100000.0,128x128,10,0,0.0001,0.0001,same_decoder_mapped_linear_mac_only,0.9,configurable_reference,,output_proj|r17c1|neg,output_proj,output_proj,neg,17,1,2159,2286,128,256,0.009999999776482582,0.5204973220825195,0.055233573013280454,1903.70181893377,50251.25684018647,32279.300881123603,2.3170662465224777e-08,55.48839552613257,0.0010648282382915795,0.02550018176752416,2176,2176
per_vector,crossbar_core_read_only,"adc,dac,sense,digital_bias,layernorm,softmax,residual,encoder",checkpoints\caption_transformer_epoch_10.pt,checkpoints\caption_transformer_array-128x128_cmm_crosssim.pt,checkpoints\caption_transformer_crosssim_decoder.pt,0.1,10.0,200,200,200,9800,76192,76192,1000.0,100000.0,128x128,10,0,0.0001,0.0001,same_decoder_mapped_linear_mac_only,0.9,configurable_reference,,output_proj|r17c1|pos,output_proj,output_proj,pos,17,1,2159,2286,128,256,0.009999999776482582,0.7417001724243164,0.0586841588923648,1343.574649228464,50251.25684018647,31893.161471365023,2.425666222379384e-08,58.337377087523166,0.0011147363154317047,0.026809456382133806,2176,2176
per_vector,crossbar_core_read_only,"adc,dac,sense,digital_bias,layernorm,softmax,residual,encoder",checkpoints\caption_transformer_epoch_10.pt,checkpoints\caption_transformer_array-128x128_cmm_crosssim.pt,checkpoints\caption_transformer_crosssim_decoder.pt,0.1,10.0,200,200,200,9800,76192,76192,1000.0,100000.0,128x128,10,0,0.0001,0.0001,same_decoder_mapped_linear_mac_only,0.9,configurable_reference,,output_proj|r18c0|neg,output_proj,output_proj,neg,18,0,2286,2413,0,128,0.009999999776482582,0.6450793743133545,0.0588605776660632,1541.7143646690408,50251.25684018647,31936.039140776913,2.5559841696555927e-08,59.859792275553104,0.0011746250779667248,0.027509095714868155,2176,2176
per_vector,crossbar_core_read_only,"adc,dac,sense,digital_bias,layernorm,softmax,residual,encoder",checkpoints\caption_transformer_epoch_10.pt,checkpoints\caption_transformer_array-128x128_cmm_crosssim.pt,checkpoints\caption_transformer_crosssim_decoder.pt,0.1,10.0,200,200,200,9800,76192,76192,1000.0,100000.0,128x128,10,0,0.0001,0.0001,same_decoder_mapped_linear_mac_only,0.9,configurable_reference,,output_proj|r18c0|pos,output_proj,output_proj,pos,18,0,2286,2413,0,128,0.009999999776482582,0.6637052893638611,0.05879732448563913,1499.0970118611538,50251.25684018647,31932.26963344027,2.213771596608698e-08,56.26228213243927,0.0010173582705003195,0.025855828185863634,2176,2176
per_vector,crossbar_core_read_only,"adc,dac,sense,digital_bias,layernorm,softmax,residual,encoder",checkpoints\caption_transformer_epoch_10.pt,checkpoints\caption_transformer_array-128x128_cmm_crosssim.pt,checkpoints\caption_transformer_crosssim_decoder.pt,0.1,10.0,200,200,200,9800,76192,76192,1000.0,100000.0,128x128,10,0,0.0001,0.0001,same_decoder_mapped_linear_mac_only,0.9,configurable_reference,,output_proj|r18c1|neg,output_proj,output_proj,neg,18,1,2286,2413,128,256,0.009999999776482582,0.5163224339485168,0.05697068483008422,1918.799440866045,50251.25684018647,32147.898208819006,2.3616651627743767e-08,56.7763223515942,0.0010853240637749893,0.02609205990422528,2176,2176
per_vector,crossbar_core_read_only,"adc,dac,sense,digital_bias,layernorm,softmax,residual,encoder",checkpoints\caption_transformer_epoch_10.pt,checkpoints\caption_transformer_array-128x128_cmm_crosssim.pt,checkpoints\caption_transformer_crosssim_decoder.pt,0.1,10.0,200,200,200,9800,76192,76192,1000.0,100000.0,128x128,10,0,0.0001,0.0001,same_decoder_mapped_linear_mac_only,0.9,configurable_reference,,output_proj|r18c1|pos,output_proj,output_proj,pos,18,1,2286,2413,128,256,0.009999999776482582,0.7972951531410217,0.0604781708204005,1251.0599580322923,50251.25684018647,31750.857227289354,2.495257688039543e-08,59.92582089108339,0.001146717687518171,0.027539439747740528,2176,2176
per_vector,crossbar_core_read_only,"adc,dac,sense,digital_bias,layernorm,softmax,residual,encoder",checkpoints\caption_transformer_epoch_10.pt,checkpoints\caption_transformer_array-128x128_cmm_crosssim.pt,checkpoints\caption_transformer_crosssim_decoder.pt,0.1,10.0,200,200,200,9800,76192,76192,1000.0,100000.0,128x128,10,0,0.0001,0.0001,same_decoder_mapped_linear_mac_only,0.9,configurable_reference,,output_proj|r19c0|neg,output_proj,output_proj,neg,19,0,2413,2540,0,128,0.009999999776482582,0.6217271685600281,0.05846435506083346,1598.695728072152,50251.25684018647,31942.716610962812,2.5262978795807232e-08,59.35385910508867,0.0011609824814249644,0.02727658966226501,2176,2176
per_vector,crossbar_core_read_only,"adc,dac,sense,digital_bias,layernorm,softmax,residual,encoder",checkpoints\caption_transformer_epoch_10.pt,checkpoints\caption_transformer_array-128x128_cmm_crosssim.pt,checkpoints\caption_transformer_crosssim_decoder.pt,0.1,10.0,200,200,200,9800,76192,76192,1000.0,100000.0,128x128,10,0,0.0001,0.0001,same_decoder_mapped_linear_mac_only,0.9,configurable_reference,,output_proj|r19c0|pos,output_proj,output_proj,pos,19,0,2413,2540,0,128,0.009999999776482582,0.6785620450973511,0.05792603087068378,1466.7564964844275,50251.25684018647,32038.388262655473,2.182634789808384e-08,55.50732644184052,0.001003049076198705,0.025508881636875237,2176,2176
per_vector,crossbar_core_read_only,"adc,dac,sense,digital_bias,layernorm,softmax,residual,encoder",checkpoints\caption_transformer_epoch_10.pt,checkpoints\caption_transformer_array-128x128_cmm_crosssim.pt,checkpoints\caption_transformer_crosssim_decoder.pt,0.1,10.0,200,200,200,9800,76192,76192,1000.0,100000.0,128x128,10,0,0.0001,0.0001,same_decoder_mapped_linear_mac_only,0.9,configurable_reference,,output_proj|r19c1|neg,output_proj,output_proj,neg,19,1,2413,2540,128,256,0.009999999776482582,0.6804373860359192,0.05629715722714923,1462.7731285498476,50251.25684018647,32075.792590070545,2.340855742258334e-08,56.245080749964806,0.0010757609109643086,0.02584792313877059,2176,2176
per_vector,crossbar_core_read_only,"adc,dac,sense,digital_bias,layernorm,softmax,residual,encoder",checkpoints\caption_transformer_epoch_10.pt,checkpoints\caption_transformer_array-128x128_cmm_crosssim.pt,checkpoints\caption_transformer_crosssim_decoder.pt,0.1,10.0,200,200,200,9800,76192,76192,1000.0,100000.0,128x128,10,0,0.0001,0.0001,same_decoder_mapped_linear_mac_only,0.9,configurable_reference,,output_proj|r19c1|pos,output_proj,output_proj,pos,19,1,2413,2540,128,256,0.009999999776482582,0.9193318486213684,0.05907645848377811,1086.7928765607878,50251.25684018647,31906.45433004232,2.450307424351866e-08,58.76080687650931,0.0011260603972205227,0.027004047277807586,2176,2176
per_vector,crossbar_core_read_only,"adc,dac,sense,digital_bias,layernorm,softmax,residual,encoder",checkpoints\caption_transformer_epoch_10.pt,checkpoints\caption_transformer_array-128x128_cmm_crosssim.pt,checkpoints\caption_transformer_crosssim_decoder.pt,0.1,10.0,200,200,200,9800,76192,76192,1000.0,100000.0,128x128,10,0,0.0001,0.0001,same_decoder_mapped_linear_mac_only,0.9,configurable_reference,,output_proj|r1c0|neg,output_proj,output_proj,neg,1,0,127,254,0,128,0.009999999776482582,0.4186606705188751,0.04744827780837292,2355.8565416588754,50251.25684018647,32923.940162044215,2.019523789078114e-08,48.7278430419121,0.0009280899765983982,0.02239331022146696,2176,2176
per_vector,crossbar_core_read_only,"adc,dac,sense,digital_bias,layernorm,softmax,residual,encoder",checkpoints\caption_transformer_epoch_10.pt,checkpoints\caption_transformer_array-128x128_cmm_crosssim.pt,checkpoints\caption_transformer_crosssim_decoder.pt,0.1,10.0,200,200,200,9800,76192,76192,1000.0,100000.0,128x128,10,0,0.0001,0.0001,same_decoder_mapped_linear_mac_only,0.9,configurable_reference,,output_proj|r1c0|pos,output_proj,output_proj,pos,1,0,127,254,0,128,0.009999999776482582,0.4342222511768341,0.04701186742360418,2273.347128385821,50251.25684018647,33011.94588162828,1.8718709091688766e-08,47.02727288795537,0.000860234792816579,0.02161179820218537,2176,2176
per_vector,crossbar_core_read_only,"adc,dac,sense,digital_bias,layernorm,softmax,residual,encoder",checkpoints\caption_transformer_epoch_10.pt,checkpoints\caption_transformer_array-128x128_cmm_crosssim.pt,checkpoints\caption_transformer_crosssim_decoder.pt,0.1,10.0,200,200,200,9800,76192,76192,1000.0,100000.0,128x128,10,0,0.0001,0.0001,same_decoder_mapped_linear_mac_only,0.9,configurable_reference,,output_proj|r1c1|neg,output_proj,output_proj,neg,1,1,127,254,128,256,0.009999999776482582,0.4102489948272705,0.046088245098972254,2402.9998769081776,50251.25684018647,33125.11197372278,1.9649798538064017e-08,47.41767421992087,0.0009030238298742662,0.021791210579007753,2176,2176
per_vector,crossbar_core_read_only,"adc,dac,sense,digital_bias,layernorm,softmax,residual,encoder",checkpoints\caption_transformer_epoch_10.pt,checkpoints\caption_transformer_array-128x128_cmm_crosssim.pt,checkpoints\caption_transformer_crosssim_decoder.pt,0.1,10.0,200,200,200,9800,76192,76192,1000.0,100000.0,128x128,10,0,0.0001,0.0001,same_decoder_mapped_linear_mac_only,0.9,configurable_reference,,output_proj|r1c1|pos,output_proj,output_proj,pos,1,1,127,254,128,256,0.009999999776482582,0.4225649833679199,0.04740455121640207,2334.5976465643953,50251.25684018647,32953.236928605635,1.9905807839650662e-08,48.325293021072234,0.0009147889632192374,0.02220831480747805,2176,2176
per_vector,crossbar_core_read_only,"adc,dac,sense,digital_bias,layernorm,softmax,residual,encoder",checkpoints\caption_transformer_epoch_10.pt,checkpoints\caption_transformer_array-128x128_cmm_crosssim.pt,checkpoints\caption_transformer_crosssim_decoder.pt,0.1,10.0,200,200,200,9800,76192,76192,1000.0,100000.0,128x128,10,0,0.0001,0.0001,same_decoder_mapped_linear_mac_only,0.9,configurable_reference,,output_proj|r20c0|neg,output_proj,output_proj,neg,20,0,2540,2667,0,128,0.009999999776482582,0.5863492488861084,0.06076800312462362,1693.5209514643286,50251.25684018647,31711.173496679017,2.6191882681920073e-08,61.44580436913991,0.0012036710791323599,0.028237961566700324,2176,2176
per_vector,crossbar_core_read_only,"adc,dac,sense,digital_bias,layernorm,softmax,residual,encoder",checkpoints\caption_transformer_epoch_10.pt,checkpoints\caption_transformer_array-128x128_cmm_crosssim.pt,checkpoints\caption_transformer_crosssim_decoder.pt,0.1,10.0,200,200,200,9800,76192,76192,1000.0,100000.0,128x128,10,0,0.0001,0.0001,same_decoder_mapped_linear_mac_only,0.9,configurable_reference,,output_proj|r20c0|pos,output_proj,output_proj,pos,20,0,2540,2667,0,128,0.009999999776482582,0.6995645761489868,0.060412142687939166,1423.3478833862707,50251.25684018647,31849.290768448158,2.2664124635859415e-08,57.579078551822704,0.0010415498453979482,0.02646097359918323,2176,2176
per_vector,crossbar_core_read_only,"adc,dac,sense,digital_bias,layernorm,softmax,residual,encoder",checkpoints\caption_transformer_epoch_10.pt,checkpoints\caption_transformer_array-128x128_cmm_crosssim.pt,checkpoints\caption_transformer_crosssim_decoder.pt,0.1,10.0,200,200,200,9800,76192,76192,1000.0,100000.0,128x128,10,0,0.0001,0.0001,same_decoder_mapped_linear_mac_only,0.9,configurable_reference,,output_proj|r20c1|neg,output_proj,output_proj,neg,20,1,2540,2667,128,256,0.009999999776482582,0.5717004537582397,0.05831267050704387,1736.160997947188,50251.25684018647,31897.27328561531,2.4189272427793037e-08,58.01759663116843,0.0011116393578949016,0.026662498451823727,2176,2176
per_vector,crossbar_core_read_only,"adc,dac,sense,digital_bias,layernorm,softmax,residual,encoder",checkpoints\caption_transformer_epoch_10.pt,checkpoints\caption_transformer_array-128x128_cmm_crosssim.pt,checkpoints\caption_transformer_crosssim_decoder.pt,0.1,10.0,200,200,200,9800,76192,76192,1000.0,100000.0,128x128,10,0,0.0001,0.0001,same_decoder_mapped_linear_mac_only,0.9,configurable_reference,,output_proj|r20c1|pos,output_proj,output_proj,pos,20,1,2540,2667,128,256,0.009999999776482582,0.692448079586029,0.06173167898634533,1437.7657375529081,50251.25684018647,31744.762688144543,2.5374168134836157e-08,60.96949888280864,0.0011660922856082754,0.028019071177761323,2176,2176
per_vector,crossbar_core_read_only,"adc,dac,sense,digital_bias,layernorm,softmax,residual,encoder",checkpoints\caption_transformer_epoch_10.pt,checkpoints\caption_transformer_array-128x128_cmm_crosssim.pt,checkpoints\caption_transformer_crosssim_decoder.pt,0.1,10.0,200,200,200,9800,76192,76192,1000.0,100000.0,128x128,10,0,0.0001,0.0001,same_decoder_mapped_linear_mac_only,0.9,configurable_reference,,output_proj|r21c0|neg,output_proj,output_proj,neg,21,0,2667,2794,0,128,0.009999999776482582,0.6078695058822632,0.060766485649471326,1634.5456360386465,50251.25684018647,31696.798061538168,2.6430577282082106e-08,61.69699627025266,0.0012146405000956807,0.028353399021255818,2176,2176
per_vector,crossbar_core_read_only,"adc,dac,sense,digital_bias,layernorm,softmax,residual,encoder",checkpoints\caption_transformer_epoch_10.pt,checkpoints\caption_transformer_array-128x128_cmm_crosssim.pt,checkpoints\caption_transformer_crosssim_decoder.pt,0.1,10.0,200,200,200,9800,76192,76192,1000.0,100000.0,128x128,10,0,0.0001,0.0001,same_decoder_mapped_linear_mac_only,0.9,configurable_reference,,output_proj|r21c0|pos,output_proj,output_proj,pos,21,0,2667,2794,0,128,0.009999999776482582,0.6646576523780823,0.060082616922195804,1496.9811671477553,50251.25684018647,31861.606308064973,2.248534834358729e-08,57.229040098399864,0.0010333340231427931,0.026300110339338174,2176,2176
per_vector,crossbar_core_read_only,"adc,dac,sense,digital_bias,layernorm,softmax,residual,encoder",checkpoints\caption_transformer_epoch_10.pt,checkpoints\caption_transformer_array-128x128_cmm_crosssim.pt,checkpoints\caption_transformer_crosssim_decoder.pt,0.1,10.0,200,200,200,9800,76192,76192,1000.0,100000.0,128x128,10,0,0.0001,0.0001,same_decoder_mapped_linear_mac_only,0.9,configurable_reference,,output_proj|r21c1|neg,output_proj,output_proj,neg,21,1,2667,2794,128,256,0.009999999776482582,0.634721040725708,0.05850376616799049,1566.4802542127281,50251.25684018647,31807.88937131079,2.4087650706007058e-08,58.01781094695336,0.0011069692420040038,0.026662596942533714,2176,2176
per_vector,crossbar_core_read_only,"adc,dac,sense,digital_bias,layernorm,softmax,residual,encoder",checkpoints\caption_transformer_epoch_10.pt,checkpoints\caption_transformer_array-128x128_cmm_crosssim.pt,checkpoints\caption_transformer_crosssim_decoder.pt,0.1,10.0,200,200,200,9800,76192,76192,1000.0,100000.0,128x128,10,0,0.0001,0.0001,same_decoder_mapped_linear_mac_only,0.9,configurable_reference,,output_proj|r21c1|pos,output_proj,output_proj,pos,21,1,2667,2794,128,256,0.009999999776482582,0.618747889995575,0.06138088921596953,1606.2698208518268,50251.25684018647,31849.643999515873,2.5173719568127468e-08,60.600527259124895,0.0011568804948587986,0.027849507012465486,2176,2176
per_vector,crossbar_core_read_only,"adc,dac,sense,digital_bias,layernorm,softmax,residual,encoder",checkpoints\caption_transformer_epoch_10.pt,checkpoints\caption_transformer_array-128x128_cmm_crosssim.pt,checkpoints\caption_transformer_crosssim_decoder.pt,0.1,10.0,200,200,200,9800,76192,76192,1000.0,100000.0,128x128,10,0,0.0001,0.0001,same_decoder_mapped_linear_mac_only,0.9,configurable_reference,,output_proj|r22c0|neg,output_proj,output_proj,neg,22,0,2794,2921,0,128,0.009999999776482582,0.6248309016227722,0.060104993438564965,1590.8808353303236,50251.25684018647,31797.096969738315,2.606272108285161e-08,60.99832291513461,0.001197735343881049,0.02803231751614642,2176,2176
per_vector,crossbar_core_read_only,"adc,dac,sense,digital_bias,layernorm,softmax,residual,encoder",checkpoints\caption_transformer_epoch_10.pt,checkpoints\caption_transformer_array-128x128_cmm_crosssim.pt,checkpoints\caption_transformer_crosssim_decoder.pt,0.1,10.0,200,200,200,9800,76192,76192,1000.0,100000.0,128x128,10,0,0.0001,0.0001,same_decoder_mapped_linear_mac_only,0.9,configurable_reference,,output_proj|r22c0|pos,output_proj,output_proj,pos,22,0,2794,2921,0,128,0.009999999776482582,0.6634389758110046,0.05949516970513931,1499.6897455661388,50251.25684018647,31866.113339396135,2.229983320512573e-08,56.74973957351865,0.001024808511264969,0.026079843554006735,2176,2176
per_vector,crossbar_core_read_only,"adc,dac,sense,digital_bias,layernorm,softmax,residual,encoder",checkpoints\caption_transformer_epoch_10.pt,checkpoints\caption_transformer_array-128x128_cmm_crosssim.pt,checkpoints\caption_transformer_crosssim_decoder.pt,0.1,10.0,200,200,200,9800,76192,76192,1000.0,100000.0,128x128,10,0,0.0001,0.0001,same_decoder_mapped_linear_mac_only,0.9,configurable_reference,,output_proj|r22c1|neg,output_proj,output_proj,neg,22,1,2794,2921,128,256,0.009999999776482582,0.7085818648338318,0.058462802485602275,1405.489187692957,50251.25684018647,31846.588906495672,2.4174453065445323e-08,58.094270131218,0.001110958321022303,0.026697734435302392,2176,2176
per_vector,crossbar_core_read_only,"adc,dac,sense,digital_bias,layernorm,softmax,residual,encoder",checkpoints\caption_transformer_epoch_10.pt,checkpoints\caption_transformer_array-128x128_cmm_crosssim.pt,checkpoints\caption_transformer_crosssim_decoder.pt,0.1,10.0,200,200,200,9800,76192,76192,1000.0,100000.0,128x128,10,0,0.0001,0.0001,same_decoder_mapped_linear_mac_only,0.9,configurable_reference,,output_proj|r22c1|pos,output_proj,output_proj,pos,22,1,2794,2921,128,256,0.009999999776482582,0.6950197815895081,0.06131927602132416,1432.52194801873,50251.25684018647,31760.483659228634,2.5301030546133376e-08,60.70567381525004,0.0011627311831862764,0.027897828040096523,2176,2176
per_vector,crossbar_core_read_only,"adc,dac,sense,digital_bias,layernorm,softmax,residual,encoder",checkpoints\caption_transformer_epoch_10.pt,checkpoints\caption_transformer_array-128x128_cmm_crosssim.pt,checkpoints\caption_transformer_crosssim_decoder.pt,0.1,10.0,200,200,200,9800,76192,76192,1000.0,100000.0,128x128,10,0,0.0001,0.0001,same_decoder_mapped_linear_mac_only,0.9,configurable_reference,,output_proj|r23c0|neg,output_proj,output_proj,neg,23,0,2921,3048,0,128,0.009999999776482582,0.6065991520881653,0.06153559467316867,1637.912671395013,50251.25684018647,31555.646849699584,2.67324270019522e-08,62.40089963637175,0.0012285122703103025,0.0286768840240679,2176,2176
per_vector,crossbar_core_read_only,"adc,dac,sense,digital_bias,layernorm,softmax,residual,encoder",checkpoints\caption_transformer_epoch_10.pt,checkpoints\caption_transformer_array-128x128_cmm_crosssim.pt,checkpoints\caption_transformer_crosssim_decoder.pt,0.1,10.0,200,200,200,9800,76192,76192,1000.0,100000.0,128x128,10,0,0.0001,0.0001,same_decoder_mapped_linear_mac_only,0.9,configurable_reference,,output_proj|r23c0|pos,output_proj,output_proj,pos,23,0,2921,3048,0,128,0.009999999776482582,0.7113065123558044,0.060231831911243185,1400.1808667880607,50251.25684018647,32038.46843325572,2.257625954364694e-08,57.39686729021198,0.001037511927557308,0.026377236806163593,2176,2176
per_vector,crossbar_core_read_only,"adc,dac,sense,digital_bias,layernorm,softmax,residual,encoder",checkpoints\caption_transformer_epoch_10.pt,checkpoints\caption_transformer_array-128x128_cmm_crosssim.pt,checkpoints\caption_transformer_crosssim_decoder.pt,0.1,10.0,200,200,200,9800,76192,76192,1000.0,100000.0,128x128,10,0,0.0001,0.0001,same_decoder_mapped_linear_mac_only,0.9,configurable_reference,,output_proj|r23c1|neg,output_proj,output_proj,neg,23,1,2921,3048,128,256,0.009999999776482582,0.5727485418319702,0.058777026945769084,1733.0390093825754,50251.25684018647,31830.337626363842,2.4230432915649407e-08,58.297421419650796,0.0011135309244324184,0.02679109440241305,2176,2176
per_vector,crossbar_core_read_only,"adc,dac,sense,digital_bias,layernorm,softmax,residual,encoder",checkpoints\caption_transformer_epoch_10.pt,checkpoints\caption_transformer_array-128x128_cmm_crosssim.pt,checkpoints\caption_transformer_crosssim_decoder.pt,0.1,10.0,200,200,200,9800,76192,76192,1000.0,100000.0,128x128,10,0,0.0001,0.0001,same_decoder_mapped_linear_mac_only,0.9,configurable_reference,,output_proj|r23c1|pos,output_proj,output_proj,pos,23,1,2921,3048,128,256,0.009999999776482582,0.7306190729141235,0.062022579256601,1363.6743936918106,50251.25684018647,31768.70328782151,2.5567584327903296e-08,61.31685359405556,0.0011749808974220244,0.028178701100209355,2176,2176
per_vector,crossbar_core_read_only,"adc,dac,sense,digital_bias,layernorm,softmax,residual,encoder",checkpoints\caption_transformer_epoch_10.pt,checkpoints\caption_transformer_array-128x128_cmm_crosssim.pt,checkpoints\caption_transformer_crosssim_decoder.pt,0.1,10.0,200,200,200,9800,76192,76192,1000.0,100000.0,128x128,10,0,0.0001,0.0001,same_decoder_mapped_linear_mac_only,0.9,configurable_reference,,output_proj|r24c0|neg,output_proj,output_proj,neg,24,0,3048,3175,0,128,0.009999999776482582,0.632232129573822,0.061929188252508725,1572.5500487369418,50251.25684018647,31698.986078802907,2.6792317958882144e-08,62.63802539262148,0.0012312646120809776,0.028785857257638547,2176,2176
per_vector,crossbar_core_read_only,"adc,dac,sense,digital_bias,layernorm,softmax,residual,encoder",checkpoints\caption_transformer_epoch_10.pt,checkpoints\caption_transformer_array-128x128_cmm_crosssim.pt,checkpoints\caption_transformer_crosssim_decoder.pt,0.1,10.0,200,200,200,9800,76192,76192,1000.0,100000.0,128x128,10,0,0.0001,0.0001,same_decoder_mapped_linear_mac_only,0.9,configurable_reference,,output_proj|r24c0|pos,output_proj,output_proj,pos,24,0,3048,3175,0,128,0.009999999776482582,0.6203147768974304,0.062169392512138204,1602.2774666071439,50251.25684018647,31704.93332906135,2.3179755130388087e-08,58.95839569484985,0.0010652460997421002,0.02709485096270673,2176,2176
per_vector,crossbar_core_read_only,"adc,dac,sense,digital_bias,layernorm,softmax,residual,encoder",checkpoints\caption_transformer_epoch_10.pt,checkpoints\caption_transformer_array-128x128_cmm_crosssim.pt,checkpoints\caption_transformer_crosssim_decoder.pt,0.1,10.0,200,200,200,9800,76192,76192,1000.0,100000.0,128x128,10,0,0.0001,0.0001,same_decoder_mapped_linear_mac_only,0.9,configurable_reference,,output_proj|r24c1|neg,output_proj,output_proj,neg,24,1,3048,3175,128,256,0.009999999776482582,0.5710311532020569,0.06017753482649816,1738.1605663671226,50251.25684018647,31797.36606928203,2.4905159539760567e-08,59.679059800932535,0.0011445385817904676,0.027426038511457966,2176,2176
per_vector,crossbar_core_read_only,"adc,dac,sense,digital_bias,layernorm,softmax,residual,encoder",checkpoints\caption_transformer_epoch_10.pt,checkpoints\caption_transformer_array-128x128_cmm_crosssim.pt,checkpoints\caption_transformer_crosssim_decoder.pt,0.1,10.0,200,200,200,9800,76192,76192,1000.0,100000.0,128x128,10,0,0.0001,0.0001,same_decoder_mapped_linear_mac_only,0.9,configurable_reference,,output_proj|r24c1|pos,output_proj,output_proj,pos,24,1,3048,3175,128,256,0.009999999776482582,0.710833728313446,0.06297987789982622,1401.0990957690763,50251.25684018647,31606.340503573585,2.5989617120323485e-08,62.22805845856573,0.0011943757867795728,0.028597453335737925,2176,2176
per_vector,crossbar_core_read_only,"adc,dac,sense,digital_bias,layernorm,softmax,residual,encoder",checkpoints\caption_transformer_epoch_10.pt,checkpoints\caption_transformer_array-128x128_cmm_crosssim.pt,checkpoints\caption_transformer_crosssim_decoder.pt,0.1,10.0,200,200,200,9800,76192,76192,1000.0,100000.0,128x128,10,0,0.0001,0.0001,same_decoder_mapped_linear_mac_only,0.9,configurable_reference,,output_proj|r25c0|neg,output_proj,output_proj,neg,25,0,3175,3302,0,128,0.009999999776482582,0.6620595455169678,0.06153107000887027,1502.7674588437178,50251.25684018647,31744.017837354295,2.651175826392926e-08,62.1423769217882,0.0012183712437467522,0.028558077629498253,2176,2176
per_vector,crossbar_core_read_only,"adc,dac,sense,digital_bias,layernorm,softmax,residual,encoder",checkpoints\caption_transformer_epoch_10.pt,checkpoints\caption_transformer_array-128x128_cmm_crosssim.pt,checkpoints\caption_transformer_crosssim_decoder.pt,0.1,10.0,200,200,200,9800,76192,76192,1000.0,100000.0,128x128,10,0,0.0001,0.0001,same_decoder_mapped_linear_mac_only,0.9,configurable_reference,,output_proj|r25c0|pos,output_proj,output_proj,pos,25,0,3175,3302,0,128,0.009999999776482582,0.6246987581253052,0.061587893495331135,1591.2120020511643,50251.25684018647,31722.23932378858,2.2955186781582975e-08,58.45158607618826,0.0010549258631242144,0.026861942130601224,2176,2176
per_vector,crossbar_core_read_only,"adc,dac,sense,digital_bias,layernorm,softmax,residual,encoder",checkpoints\caption_transformer_epoch_10.pt,checkpoints\caption_transformer_array-128x128_cmm_crosssim.pt,checkpoints\caption_transformer_crosssim_decoder.pt,0.1,10.0,200,200,200,9800,76192,76192,1000.0,100000.0,128x128,10,0,0.0001,0.0001,same_decoder_mapped_linear_mac_only,0.9,configurable_reference,,output_proj|r25c1|neg,output_proj,output_proj,neg,25,1,3175,3302,128,256,0.009999999776482582,0.5828344821929932,0.05925387157093803,1703.5597012299577,50251.25684018647,31799.995731903964,2.4485196566570416e-08,58.79102308323623,0.0011252388128019475,0.027017933402222534,2176,2176
per_vector,crossbar_core_read_only,"adc,dac,sense,digital_bias,layernorm,softmax,residual,encoder",checkpoints\caption_transformer_epoch_10.pt,checkpoints\caption_transformer_array-128x128_cmm_crosssim.pt,checkpoints\caption_transformer_crosssim_decoder.pt,0.1,10.0,200,200,200,9800,76192,76192,1000.0,100000.0,128x128,10,0,0.0001,0.0001,same_decoder_mapped_linear_mac_only,0.9,configurable_reference,,output_proj|r25c1|pos,output_proj,output_proj,pos,25,1,3175,3302,128,256,0.009999999776482582,0.694520115852356,0.0617644009269741,1433.5377877498688,50251.25684018647,31808.31838355474,2.5524634019314463e-08,61.14549943166591,0.001173007078093498,0.0280999537829347,2176,2176
per_vector,crossbar_core_read_only,"adc,dac,sense,digital_bias,layernorm,softmax,residual,encoder",checkpoints\caption_transformer_epoch_10.pt,checkpoints\caption_transformer_array-128x128_cmm_crosssim.pt,checkpoints\caption_transformer_crosssim_decoder.pt,0.1,10.0,200,200,200,9800,76192,76192,1000.0,100000.0,128x128,10,0,0.0001,0.0001,same_decoder_mapped_linear_mac_only,0.9,configurable_reference,,output_proj|r26c0|neg,output_proj,output_proj,neg,26,0,3302,3429,0,128,0.009999999776482582,0.6353043913841248,0.06140178587039251,1565.0643886411212,50251.25684018647,31778.732228749057,2.6596308510069206e-08,62.1576589243744,0.0012222568249112688,0.028565100608627943,2176,2176
per_vector,crossbar_core_read_only,"adc,dac,sense,digital_bias,layernorm,softmax,residual,encoder",checkpoints\caption_transformer_epoch_10.pt,checkpoints\caption_transformer_array-128x128_cmm_crosssim.pt,checkpoints\caption_transformer_crosssim_decoder.pt,0.1,10.0,200,200,200,9800,76192,76192,1000.0,100000.0,128x128,10,0,0.0001,0.0001,same_decoder_mapped_linear_mac_only,0.9,configurable_reference,,output_proj|r26c0|pos,output_proj,output_proj,pos,26,0,3302,3429,0,128,0.009999999776482582,0.7129138112068176,0.060905454346832665,1397.0681932548569,50251.25684018647,31766.940884350595,2.279802017877503e-08,57.947860146461075,0.0010477031332157638,0.026630450434954538,2176,2176
per_vector,crossbar_core_read_only,"adc,dac,sense,digital_bias,layernorm,softmax,residual,encoder",checkpoints\caption_transformer_epoch_10.pt,checkpoints\caption_transformer_array-128x128_cmm_crosssim.pt,checkpoints\caption_transformer_crosssim_decoder.pt,0.1,10.0,200,200,200,9800,76192,76192,1000.0,100000.0,128x128,10,0,0.0001,0.0001,same_decoder_mapped_linear_mac_only,0.9,configurable_reference,,output_proj|r26c1|neg,output_proj,output_proj,neg,26,1,3302,3429,128,256,0.009999999776482582,0.8375871181488037,0.05935508149708566,1191.5950883805856,50251.25684018647,31696.624183040494,2.4624708042403558e-08,58.987085689825406,0.0011316501857722217,0.027108035703044764,2176,2176
per_vector,crossbar_core_read_only,"adc,dac,sense,digital_bias,layernorm,softmax,residual,encoder",checkpoints\caption_transformer_epoch_10.pt,checkpoints\caption_transformer_array-128x128_cmm_crosssim.pt,checkpoints\caption_transformer_crosssim_decoder.pt,0.1,10.0,200,200,200,9800,76192,76192,1000.0,100000.0,128x128,10,0,0.0001,0.0001,same_decoder_mapped_linear_mac_only,0.9,configurable_reference,,output_proj|r26c1|pos,output_proj,output_proj,pos,26,1,3302,3429,128,256,0.009999999776482582,0.6504261493682861,0.0619942420700796,1529.2346357303168,50251.25684018647,31891.753175654798,2.5525611871070116e-08,61.24547694471256,0.001173052016133739,0.028145899331209815,2176,2176
per_vector,crossbar_core_read_only,"adc,dac,sense,digital_bias,layernorm,softmax,residual,encoder",checkpoints\caption_transformer_epoch_10.pt,checkpoints\caption_transformer_array-128x128_cmm_crosssim.pt,checkpoints\caption_transformer_crosssim_decoder.pt,0.1,10.0,200,200,200,9800,76192,76192,1000.0,100000.0,128x128,10,0,0.0001,0.0001,same_decoder_mapped_linear_mac_only,0.9,configurable_reference,,output_proj|r27c0|neg,output_proj,output_proj,neg,27,0,3429,3556,0,128,0.009999999776482582,0.6912980675697327,0.06261503440866478,1440.1230943380012,50251.25684018647,31647.24317846728,2.7006406769465334e-08,63.202952467003286,0.0012411032522732218,0.029045474479321362,2176,2176
per_vector,crossbar_core_read_only,"adc,dac,sense,digital_bias,layernorm,softmax,residual,encoder",checkpoints\caption_transformer_epoch_10.pt,checkpoints\caption_transformer_array-128x128_cmm_crosssim.pt,checkpoints\caption_transformer_crosssim_decoder.pt,0.1,10.0,200,200,200,9800,76192,76192,1000.0,100000.0,128x128,10,0,0.0001,0.0001,same_decoder_mapped_linear_mac_only,0.9,configurable_reference,,output_proj|r27c0|pos,output_proj,output_proj,pos,27,0,3429,3556,0,128,0.009999999776482582,0.7412872314453125,0.061725399219389736,1344.3130385195652,50251.25684018647,31768.66745355882,2.301200147619252e-08,58.55625362166032,0.0010575368325456114,0.026910043024660074,2176,2176
per_vector,crossbar_core_read_only,"adc,dac,sense,digital_bias,layernorm,softmax,residual,encoder",checkpoints\caption_transformer_epoch_10.pt,checkpoints\caption_transformer_array-128x128_cmm_crosssim.pt,checkpoints\caption_transformer_crosssim_decoder.pt,0.1,10.0,200,200,200,9800,76192,76192,1000.0,100000.0,128x128,10,0,0.0001,0.0001,same_decoder_mapped_linear_mac_only,0.9,configurable_reference,,output_proj|r27c1|neg,output_proj,output_proj,neg,27,1,3429,3556,128,256,0.009999999776482582,0.6088035702705383,0.06013647526245716,1632.0787438584052,50251.25684018647,31751.861851598474,2.4853510276269555e-08,59.58838534631055,0.001142164994313857,0.027384368265767716,2176,2176
per_vector,crossbar_core_read_only,"adc,dac,sense,digital_bias,layernorm,softmax,residual,encoder",checkpoints\caption_transformer_epoch_10.pt,checkpoints\caption_transformer_array-128x128_cmm_crosssim.pt,checkpoints\caption_transformer_crosssim_decoder.pt,0.1,10.0,200,200,200,9800,76192,76192,1000.0,100000.0,128x128,10,0,0.0001,0.0001,same_decoder_mapped_linear_mac_only,0.9,configurable_reference,,output_proj|r27c1|pos,output_proj,output_proj,pos,27,1,3429,3556,128,256,0.009999999776482582,0.6642206907272339,0.06371215404805133,1497.951213582984,50251.25684018647,31545.719925797308,2.6136907360708585e-08,62.728234392008716,0.0012011446397384485,0.02882731359926871,2176,2176
per_vector,crossbar_core_read_only,"adc,dac,sense,digital_bias,layernorm,softmax,residual,encoder",checkpoints\caption_transformer_epoch_10.pt,checkpoints\caption_transformer_array-128x128_cmm_crosssim.pt,checkpoints\caption_transformer_crosssim_decoder.pt,0.1,10.0,200,200,200,9800,76192,76192,1000.0,100000.0,128x128,10,0,0.0001,0.0001,same_decoder_mapped_linear_mac_only,0.9,configurable_reference,,output_proj|r28c0|neg,output_proj,output_proj,neg,28,0,3556,3683,0,128,0.009999999776482582,0.6268540620803833,0.06427953354541101,1585.8277203786067,50251.25684018647,31486.264737001708,2.7695322601129142e-08,64.71163662936009,0.0012727629871842412,0.02973880359805151,2176,2176
per_vector,crossbar_core_read_only,"adc,dac,sense,digital_bias,layernorm,softmax,residual,encoder",checkpoints\caption_transformer_epoch_10.pt,checkpoints\caption_transformer_array-128x128_cmm_crosssim.pt,checkpoints\caption_transformer_crosssim_decoder.pt,0.1,10.0,200,200,200,9800,76192,76192,1000.0,100000.0,128x128,10,0,0.0001,0.0001,same_decoder_mapped_linear_mac_only,0.9,configurable_reference,,output_proj|r28c0|pos,output_proj,output_proj,pos,28,0,3556,3683,0,128,0.009999999776482582,0.6423123478889465,0.06297341926055676,1548.2531093677571,50251.25684018647,31588.67909113485,2.3421836612908988e-08,59.61360987071641,0.0010763711678726542,0.02739596041852776,2176,2176
per_vector,crossbar_core_read_only,"adc,dac,sense,digital_bias,layernorm,softmax,residual,encoder",checkpoints\caption_transformer_epoch_10.pt,checkpoints\caption_transformer_array-128x128_cmm_crosssim.pt,checkpoints\caption_transformer_crosssim_decoder.pt,0.1,10.0,200,200,200,9800,76192,76192,1000.0,100000.0,128x128,10,0,0.0001,0.0001,same_decoder_mapped_linear_mac_only,0.9,configurable_reference,,output_proj|r28c1|neg,output_proj,output_proj,neg,28,1,3556,3683,128,256,0.009999999776482582,0.7976955771446228,0.06178361522777448,1250.4398087954053,50251.25684018647,31621.655224311828,2.547610564527632e-08,61.0297199212202,0.0011707769138454205,0.02804674628732546,2176,2176
per_vector,crossbar_core_read_only,"adc,dac,sense,digital_bias,layernorm,softmax,residual,encoder",checkpoints\caption_transformer_epoch_10.pt,checkpoints\caption_transformer_array-128x128_cmm_crosssim.pt,checkpoints\caption_transformer_crosssim_decoder.pt,0.1,10.0,200,200,200,9800,76192,76192,1000.0,100000.0,128x128,10,0,0.0001,0.0001,same_decoder_mapped_linear_mac_only,0.9,configurable_reference,,output_proj|r28c1|pos,output_proj,output_proj,pos,28,1,3556,3683,128,256,0.009999999776482582,0.8255879878997803,0.06506498084221618,1208.7044492837213,50251.25684018647,31378.0596378804,2.660477096021475e-08,63.86756047846378,0.0012226457242745757,0.029350900955176368,2176,2176
per_vector,crossbar_core_read_only,"adc,dac,sense,digital_bias,layernorm,softmax,residual,encoder",checkpoints\caption_transformer_epoch_10.pt,checkpoints\caption_transformer_array-128x128_cmm_crosssim.pt,checkpoints\caption_transformer_crosssim_decoder.pt,0.1,10.0,200,200,200,9800,76192,76192,1000.0,100000.0,128x128,10,0,0.0001,0.0001,same_decoder_mapped_linear_mac_only,0.9,configurable_reference,,output_proj|r29c0|neg,output_proj,output_proj,neg,29,0,3683,3810,0,128,0.009999999776482582,0.596849799156189,0.06375400093172111,1664.222198397257,50251.25684018647,31557.859329716473,2.759370404963999e-08,64.36075512982914,0.0012680930169871353,0.029577552908928835,2176,2176
per_vector,crossbar_core_read_only,"adc,dac,sense,digital_bias,layernorm,softmax,residual,encoder",checkpoints\caption_transformer_epoch_10.pt,checkpoints\caption_transformer_array-128x128_cmm_crosssim.pt,checkpoints\caption_transformer_crosssim_decoder.pt,0.1,10.0,200,200,200,9800,76192,76192,1000.0,100000.0,128x128,10,0,0.0001,0.0001,same_decoder_mapped_linear_mac_only,0.9,configurable_reference,,output_proj|r29c0|pos,output_proj,output_proj,pos,29,0,3683,3810,0,128,0.009999999776482582,0.6813383102416992,0.06271011691896142,1460.8671800735272,50251.25684018647,31632.396418553977,2.3277212030983e-08,59.32871408073952,0.0010697248176003225,0.0272650340444575,2176,2176
per_vector,crossbar_core_read_only,"adc,dac,sense,digital_bias,layernorm,softmax,residual,encoder",checkpoints\caption_transformer_epoch_10.pt,checkpoints\caption_transformer_array-128x128_cmm_crosssim.pt,checkpoints\caption_transformer_crosssim_decoder.pt,0.1,10.0,200,200,200,9800,76192,76192,1000.0,100000.0,128x128,10,0,0.0001,0.0001,same_decoder_mapped_linear_mac_only,0.9,configurable_reference,,output_proj|r29c1|neg,output_proj,output_proj,neg,29,1,3683,3810,128,256,0.009999999776482582,0.6054725646972656,0.06094598102856081,1640.9102850654715,50251.25684018647,31606.27100331524,2.5125771541741308e-08,60.27327825048491,0.0011546770009991407,0.027699116843053727,2176,2176
per_vector,crossbar_core_read_only,"adc,dac,sense,digital_bias,layernorm,softmax,residual,encoder",checkpoints\caption_transformer_epoch_10.pt,checkpoints\caption_transformer_array-128x128_cmm_crosssim.pt,checkpoints\caption_transformer_crosssim_decoder.pt,0.1,10.0,200,200,200,9800,76192,76192,1000.0,100000.0,128x128,10,0,0.0001,0.0001,same_decoder_mapped_linear_mac_only,0.9,configurable_reference,,output_proj|r29c1|pos,output_proj,output_proj,pos,29,1,3683,3810,128,256,0.009999999776482582,0.6602461338043213,0.06430773795928392,1506.832719859637,50251.25684018647,31628.990891792033,2.6404804771173038e-08,63.31033936077155,0.0012134561016164053,0.029094825073883984,2176,2176
per_vector,crossbar_core_read_only,"adc,dac,sense,digital_bias,layernorm,softmax,residual,encoder",checkpoints\caption_transformer_epoch_10.pt,checkpoints\caption_transformer_array-128x128_cmm_crosssim.pt,checkpoints\caption_transformer_crosssim_decoder.pt,0.1,10.0,200,200,200,9800,76192,76192,1000.0,100000.0,128x128,10,0,0.0001,0.0001,same_decoder_mapped_linear_mac_only,0.9,configurable_reference,,output_proj|r2c0|neg,output_proj,output_proj,neg,2,0,254,381,0,128,0.009999999776482582,0.5991935133934021,0.048919970879327104,1657.8205960360542,50251.25684018647,32821.31285056714,2.0963868983806794e-08,50.2564165350722,0.000963413096682298,0.023095779657661856,2176,2176
per_vector,crossbar_core_read_only,"adc,dac,sense,digital_bias,layernorm,softmax,residual,encoder",checkpoints\caption_transformer_epoch_10.pt,checkpoints\caption_transformer_array-128x128_cmm_crosssim.pt,checkpoints\caption_transformer_crosssim_decoder.pt,0.1,10.0,200,200,200,9800,76192,76192,1000.0,100000.0,128x128,10,0,0.0001,0.0001,same_decoder_mapped_linear_mac_only,0.9,configurable_reference,,output_proj|r2c0|pos,output_proj,output_proj,pos,2,0,254,381,0,128,0.009999999776482582,0.6074913740158081,0.0475410911729871,1635.5464155301963,50251.25684018647,32899.349544381,1.876012940602558e-08,47.304795788664826,0.000862138299909266,0.021739336299937878,2176,2176
per_vector,crossbar_core_read_only,"adc,dac,sense,digital_bias,layernorm,softmax,residual,encoder",checkpoints\caption_transformer_epoch_10.pt,checkpoints\caption_transformer_array-128x128_cmm_crosssim.pt,checkpoints\caption_transformer_crosssim_decoder.pt,0.1,10.0,200,200,200,9800,76192,76192,1000.0,100000.0,128x128,10,0,0.0001,0.0001,same_decoder_mapped_linear_mac_only,0.9,configurable_reference,,output_proj|r2c1|neg,output_proj,output_proj,neg,2,1,254,381,128,256,0.009999999776482582,0.5198713541030884,0.04658277699112889,1905.9503444447691,50251.25684018647,33228.4923988591,1.9712419841091216e-08,47.714521269560876,0.0009059016471089716,0.02192762925990849,2176,2176
per_vector,crossbar_core_read_only,"adc,dac,sense,digital_bias,layernorm,softmax,residual,encoder",checkpoints\caption_transformer_epoch_10.pt,checkpoints\caption_transformer_array-128x128_cmm_crosssim.pt,checkpoints\caption_transformer_crosssim_decoder.pt,0.1,10.0,200,200,200,9800,76192,76192,1000.0,100000.0,128x128,10,0,0.0001,0.0001,same_decoder_mapped_linear_mac_only,0.9,configurable_reference,,output_proj|r2c1|pos,output_proj,output_proj,pos,2,1,254,381,128,256,0.009999999776482582,0.6059232354164124,0.04856930207088727,1639.7098287139452,50251.25684018647,32694.47564101762,2.043943729616976e-08,49.4690649924511,0.0009393123757430984,0.022733945309030838,2176,2176
per_vector,crossbar_core_read_only,"adc,dac,sense,digital_bias,layernorm,softmax,residual,encoder",checkpoints\caption_transformer_epoch_10.pt,checkpoints\caption_transformer_array-128x128_cmm_crosssim.pt,checkpoints\caption_transformer_crosssim_decoder.pt,0.1,10.0,200,200,200,9800,76192,76192,1000.0,100000.0,128x128,10,0,0.0001,0.0001,same_decoder_mapped_linear_mac_only,0.9,configurable_reference,,output_proj|r30c0|neg,output_proj,output_proj,neg,30,0,3810,3937,0,128,0.009999999776482582,0.6587470173835754,0.06457176632543486,1510.2100456209973,50251.25684018647,31591.56879247603,2.7911219159815885e-08,65.06006280948488,0.0012826847040356573,0.029898925923476507,2176,2176
per_vector,crossbar_core_read_only,"adc,dac,sense,digital_bias,layernorm,softmax,residual,encoder",checkpoints\caption_transformer_epoch_10.pt,checkpoints\caption_transformer_array-128x128_cmm_crosssim.pt,checkpoints\caption_transformer_crosssim_decoder.pt,0.1,10.0,200,200,200,9800,76192,76192,1000.0,100000.0,128x128,10,0,0.0001,0.0001,same_decoder_mapped_linear_mac_only,0.9,configurable_reference,,output_proj|r30c0|pos,output_proj,output_proj,pos,30,0,3810,3937,0,128,0.009999999776482582,0.6461902260780334,0.06446320772580995,1539.104827883826,50251.25684018647,31429.78071771514,2.382645263702615e-08,60.73639991997298,0.001094965654275099,0.027911948492634644,2176,2176
per_vector,crossbar_core_read_only,"adc,dac,sense,digital_bias,layernorm,softmax,residual,encoder",checkpoints\caption_transformer_epoch_10.pt,checkpoints\caption_transformer_array-128x128_cmm_crosssim.pt,checkpoints\caption_transformer_crosssim_decoder.pt,0.1,10.0,200,200,200,9800,76192,76192,1000.0,100000.0,128x128,10,0,0.0001,0.0001,same_decoder_mapped_linear_mac_only,0.9,configurable_reference,,output_proj|r30c1|neg,output_proj,output_proj,neg,30,1,3810,3937,128,256,0.009999999776482582,0.7314552664756775,0.061848898728879526,1362.1366874056134,50251.25684018647,31505.94111499532,2.5455396149707775e-08,61.04802117874643,0.0011698251907034819,0.028055156791703322,2176,2176
per_vector,crossbar_core_read_only,"adc,dac,sense,digital_bias,layernorm,softmax,residual,encoder",checkpoints\caption_transformer_epoch_10.pt,checkpoints\caption_transformer_array-128x128_cmm_crosssim.pt,checkpoints\caption_transformer_crosssim_decoder.pt,0.1,10.0,200,200,200,9800,76192,76192,1000.0,100000.0,128x128,10,0,0.0001,0.0001,same_decoder_mapped_linear_mac_only,0.9,configurable_reference,,output_proj|r30c1|pos,output_proj,output_proj,pos,30,1,3810,3937,128,256,0.009999999776482582,0.667571485042572,0.06531953004610039,1490.5444995033988,50251.25684018647,31570.570479662136,2.6923204078225764e-08,64.31014551606047,0.0012372795991831712,0.029554294814366028,2176,2176
per_vector,crossbar_core_read_only,"adc,dac,sense,digital_bias,layernorm,softmax,residual,encoder",checkpoints\caption_transformer_epoch_10.pt,checkpoints\caption_transformer_array-128x128_cmm_crosssim.pt,checkpoints\caption_transformer_crosssim_decoder.pt,0.1,10.0,200,200,200,9800,76192,76192,1000.0,100000.0,128x128,10,0,0.0001,0.0001,same_decoder_mapped_linear_mac_only,0.9,configurable_reference,,output_proj|r31c0|neg,output_proj,output_proj,neg,31,0,3937,4064,0,128,0.009999999776482582,0.7068464159965515,0.06341120731644699,1408.8913263823565,50251.25684018647,31602.21295025417,2.7498328284949845e-08,64.0946885480169,0.0012637099395657095,0.02945527966361071,2176,2176
per_vector,crossbar_core_read_only,"adc,dac,sense,digital_bias,layernorm,softmax,residual,encoder",checkpoints\caption_transformer_epoch_10.pt,checkpoints\caption_transformer_array-128x128_cmm_crosssim.pt,checkpoints\caption_transformer_crosssim_decoder.pt,0.1,10.0,200,200,200,9800,76192,76192,1000.0,100000.0,128x128,10,0,0.0001,0.0001,same_decoder_mapped_linear_mac_only,0.9,configurable_reference,,output_proj|r31c0|pos,output_proj,output_proj,pos,31,0,3937,4064,0,128,0.009999999776482582,0.7212487459182739,0.06288947564273373,1381.1463007781135,50251.25684018647,31525.428202832874,2.3359953933343805e-08,59.489413822568984,0.0010735272947308735,0.027338885028754128,2176,2176
per_vector,crossbar_core_read_only,"adc,dac,sense,digital_bias,layernorm,softmax,residual,encoder",checkpoints\caption_transformer_epoch_10.pt,checkpoints\caption_transformer_array-128x128_cmm_crosssim.pt,checkpoints\caption_transformer_crosssim_decoder.pt,0.1,10.0,200,200,200,9800,76192,76192,1000.0,100000.0,128x128,10,0,0.0001,0.0001,same_decoder_mapped_linear_mac_only,0.9,configurable_reference,,output_proj|r31c1|neg,output_proj,output_proj,neg,31,1,3937,4064,128,256,0.009999999776482582,0.8846189975738525,0.06028266811267176,1128.9576643379103,50251.25684018647,31644.276920665598,2.4958568483572655e-08,59.78310743293592,0.0011469930369288868,0.027473854518812464,2176,2176
per_vector,crossbar_core_read_only,"adc,dac,sense,digital_bias,layernorm,softmax,residual,encoder",checkpoints\caption_transformer_epoch_10.pt,checkpoints\caption_transformer_array-128x128_cmm_crosssim.pt,checkpoints\caption_transformer_crosssim_decoder.pt,0.1,10.0,200,200,200,9800,76192,76192,1000.0,100000.0,128x128,10,0,0.0001,0.0001,same_decoder_mapped_linear_mac_only,0.9,configurable_reference,,output_proj|r31c1|pos,output_proj,output_proj,pos,31,1,3937,4064,128,256,0.009999999776482582,0.6109583973884583,0.06411092185498285,1626.4160850315093,50251.25684018647,31547.86559872967,2.6283149192245217e-08,63.06043922180759,0.0012078653121436276,0.02897998126002187,2176,2176
per_vector,crossbar_core_read_only,"adc,dac,sense,digital_bias,layernorm,softmax,residual,encoder",checkpoints\caption_transformer_epoch_10.pt,checkpoints\caption_transformer_array-128x128_cmm_crosssim.pt,checkpoints\caption_transformer_crosssim_decoder.pt,0.1,10.0,200,200,200,9800,76192,76192,1000.0,100000.0,128x128,10,0,0.0001,0.0001,same_decoder_mapped_linear_mac_only,0.9,configurable_reference,,output_proj|r32c0|neg,output_proj,output_proj,neg,32,0,4064,4191,0,128,0.009999999776482582,0.6322759985923767,0.06409523985153852,1572.442656619334,50251.25684018647,31616.560496160768,2.7841389836971912e-08,64.77225176547469,0.0012794756358902534,0.029766659818692413,2176,2176
per_vector,crossbar_core_read_only,"adc,dac,sense,digital_bias,layernorm,softmax,residual,encoder",checkpoints\caption_transformer_epoch_10.pt,checkpoints\caption_transformer_array-128x128_cmm_crosssim.pt,checkpoints\caption_transformer_crosssim_decoder.pt,0.1,10.0,200,200,200,9800,76192,76192,1000.0,100000.0,128x128,10,0,0.0001,0.0001,same_decoder_mapped_linear_mac_only,0.9,configurable_reference,,output_proj|r32c0|pos,output_proj,output_proj,pos,32,0,4064,4191,0,128,0.009999999776482582,0.7079037427902222,0.06413778210013892,1406.8166067614127,50251.25684018647,31381.87227731248,2.374422102160129e-08,60.5133588355523,0.0010911866278309435,0.027809447994279552,2176,2176
per_vector,crossbar_core_read_only,"adc,dac,sense,digital_bias,layernorm,softmax,residual,encoder",checkpoints\caption_transformer_epoch_10.pt,checkpoints\caption_transformer_array-128x128_cmm_crosssim.pt,checkpoints\caption_transformer_crosssim_decoder.pt,0.1,10.0,200,200,200,9800,76192,76192,1000.0,100000.0,128x128,10,0,0.0001,0.0001,same_decoder_mapped_linear_mac_only,0.9,configurable_reference,,output_proj|r32c1|neg,output_proj,output_proj,neg,32,1,4064,4191,128,256,0.009999999776482582,0.579625129699707,0.06177490381349802,1712.8306546532733,50251.25684018647,31519.81902234358,2.5509690963894462e-08,61.06526640980902,0.0011723203567966215,0.02806308198980194,2176,2176
per_vector,crossbar_core_read_only,"adc,dac,sense,digital_bias,layernorm,softmax,residual,encoder",checkpoints\caption_transformer_epoch_10.pt,checkpoints\caption_transformer_array-128x128_cmm_crosssim.pt,checkpoints\caption_transformer_crosssim_decoder.pt,0.1,10.0,200,200,200,9800,76192,76192,1000.0,100000.0,128x128,10,0,0.0001,0.0001,same_decoder_mapped_linear_mac_only,0.9,configurable_reference,,output_proj|r32c1|pos,output_proj,output_proj,pos,32,1,4064,4191,128,256,0.009999999776482582,0.684537410736084,0.06538682283870748,1454.139275630275,50251.25684018647,31457.38790756728,2.6868919252144915e-08,64.30995195465636,0.0012347848921022478,0.02955420586151487,2176,2176
per_vector,crossbar_core_read_only,"adc,dac,sense,digital_bias,layernorm,softmax,residual,encoder",checkpoints\caption_transformer_epoch_10.pt,checkpoints\caption_transformer_array-128x128_cmm_crosssim.pt,checkpoints\caption_transformer_crosssim_decoder.pt,0.1,10.0,200,200,200,9800,76192,76192,1000.0,100000.0,128x128,10,0,0.0001,0.0001,same_decoder_mapped_linear_mac_only,0.9,configurable_reference,,output_proj|r33c0|neg,output_proj,output_proj,neg,33,0,4191,4318,0,128,0.009999999776482582,0.6329293847084045,0.06295665285262915,1570.8448904664765,50251.25684018647,31569.749405930364,2.733835537834186e-08,63.709696379689014,0.0012563582434899725,0.029278353115665907,2176,2176
per_vector,crossbar_core_read_only,"adc,dac,sense,digital_bias,layernorm,softmax,residual,encoder",checkpoints\caption_transformer_epoch_10.pt,checkpoints\caption_transformer_array-128x128_cmm_crosssim.pt,checkpoints\caption_transformer_crosssim_decoder.pt,0.1,10.0,200,200,200,9800,76192,76192,1000.0,100000.0,128x128,10,0,0.0001,0.0001,same_decoder_mapped_linear_mac_only,0.9,configurable_reference,,output_proj|r33c0|pos,output_proj,output_proj,pos,33,0,4191,4318,0,128,0.009999999776482582,0.6585670113563538,0.06276730274014802,1510.616595511016,50251.25684018647,31621.109866713323,2.333256941474581e-08,59.40549525991849,0.0010722688150158945,0.027300319512830188,2176,2176
per_vector,crossbar_core_read_only,"adc,dac,sense,digital_bias,layernorm,softmax,residual,encoder",checkpoints\caption_transformer_epoch_10.pt,checkpoints\caption_transformer_array-128x128_cmm_crosssim.pt,checkpoints\caption_transformer_crosssim_decoder.pt,0.1,10.0,200,200,200,9800,76192,76192,1000.0,100000.0,128x128,10,0,0.0001,0.0001,same_decoder_mapped_linear_mac_only,0.9,configurable_reference,,output_proj|r33c1|neg,output_proj,output_proj,neg,33,1,4191,4318,128,256,0.009999999776482582,0.6911528706550598,0.06086715324177988,1440.4212765453087,50251.25684018647,31637.95681385665,2.5193237586413938e-08,60.311938359897255,0.0011577774626109337,0.027716883437452784,2176,2176
per_vector,crossbar_core_read_only,"adc,dac,sense,digital_bias,layernorm,softmax,residual,encoder",checkpoints\caption_transformer_epoch_10.pt,checkpoints\caption_transformer_array-128x128_cmm_crosssim.pt,checkpoints\caption_transformer_crosssim_decoder.pt,0.1,10.0,200,200,200,9800,76192,76192,1000.0,100000.0,128x128,10,0,0.0001,0.0001,same_decoder_mapped_linear_mac_only,0.9,configurable_reference,,output_proj|r33c1|pos,output_proj,output_proj,pos,33,1,4191,4318,128,256,0.009999999776482582,0.7468953132629395,0.0635230847175818,1334.3539181436322,50251.25684018647,31686.719041919467,2.6102519402880102e-08,62.58363132731752,0.0011995643107941226,0.02876085998498048,2176,2176
per_vector,crossbar_core_read_only,"adc,dac,sense,digital_bias,layernorm,softmax,residual,encoder",checkpoints\caption_transformer_epoch_10.pt,checkpoints\caption_transformer_array-128x128_cmm_crosssim.pt,checkpoints\caption_transformer_crosssim_decoder.pt,0.1,10.0,200,200,200,9800,76192,76192,1000.0,100000.0,128x128,10,0,0.0001,0.0001,same_decoder_mapped_linear_mac_only,0.9,configurable_reference,,output_proj|r34c0|neg,output_proj,output_proj,neg,34,0,4318,4445,0,128,0.009999999776482582,0.7216650247573853,0.06453208453191525,1380.360609790362,50251.25684018647,31503.797310342645,2.8005189411855565e-08,65.16911194738283,0.001287003189883069,0.029949040416995785,2176,2176
per_vector,crossbar_core_read_only,"adc,dac,sense,digital_bias,layernorm,softmax,residual,encoder",checkpoints\caption_transformer_epoch_10.pt,checkpoints\caption_transformer_array-128x128_cmm_crosssim.pt,checkpoints\caption_transformer_crosssim_decoder.pt,0.1,10.0,200,200,200,9800,76192,76192,1000.0,100000.0,128x128,10,0,0.0001,0.0001,same_decoder_mapped_linear_mac_only,0.9,configurable_reference,,output_proj|r34c0|pos,output_proj,output_proj,pos,34,0,4318,4445,0,128,0.009999999776482582,0.8401952981948853,0.06382349223478498,1187.9400160226312,50251.25684018647,31467.286359229485,2.368416138810133e-08,60.28646993290214,0.0010884265343796575,0.027705179197105766,2176,2176
per_vector,crossbar_core_read_only,"adc,dac,sense,digital_bias,layernorm,softmax,residual,encoder",checkpoints\caption_transformer_epoch_10.pt,checkpoints\caption_transformer_array-128x128_cmm_crosssim.pt,checkpoints\caption_transformer_crosssim_decoder.pt,0.1,10.0,200,200,200,9800,76192,76192,1000.0,100000.0,128x128,10,0,0.0001,0.0001,same_decoder_mapped_linear_mac_only,0.9,configurable_reference,,output_proj|r34c1|neg,output_proj,output_proj,neg,34,1,4318,4445,128,256,0.009999999776482582,0.6136993765830994,0.06167958210609481,1619.2696119832992,50251.25684018647,31613.2557778974,2.5495529197664298e-08,61.02261543353206,0.0011716695403338384,0.02804348135732172,2176,2176
per_vector,crossbar_core_read_only,"adc,dac,sense,digital_bias,layernorm,softmax,residual,encoder",checkpoints\caption_transformer_epoch_10.pt,checkpoints\caption_transformer_array-128x128_cmm_crosssim.pt,checkpoints\caption_transformer_crosssim_decoder.pt,0.1,10.0,200,200,200,9800,76192,76192,1000.0,100000.0,128x128,10,0,0.0001,0.0001,same_decoder_mapped_linear_mac_only,0.9,configurable_reference,,output_proj|r34c1|pos,output_proj,output_proj,pos,34,1,4318,4445,128,256,0.009999999776482582,0.7302016019821167,0.06611338623122892,1364.4433960035633,50251.25684018647,31373.68964998983,2.7042770498045634e-08,64.8378108786639,0.0012427743795057722,0.02979678808762128,2176,2176
per_vector,crossbar_core_read_only,"adc,dac,sense,digital_bias,layernorm,softmax,residual,encoder",checkpoints\caption_transformer_epoch_10.pt,checkpoints\caption_transformer_array-128x128_cmm_crosssim.pt,checkpoints\caption_transformer_crosssim_decoder.pt,0.1,10.0,200,200,200,9800,76192,76192,1000.0,100000.0,128x128,10,0,0.0001,0.0001,same_decoder_mapped_linear_mac_only,0.9,configurable_reference,,output_proj|r35c0|neg,output_proj,output_proj,neg,35,0,4445,4572,0,128,0.009999999776482582,0.7272654175758362,0.06522605560825841,1369.8765934915752,50251.25684018647,31575.658430180498,2.8107265966765303e-08,65.59071435497856,0.0012916942080314904,0.030142791523427647,2176,2176
per_vector,crossbar_core_read_only,"adc,dac,sense,digital_bias,layernorm,softmax,residual,encoder",checkpoints\caption_transformer_epoch_10.pt,checkpoints\caption_transformer_array-128x128_cmm_crosssim.pt,checkpoints\caption_transformer_crosssim_decoder.pt,0.1,10.0,200,200,200,9800,76192,76192,1000.0,100000.0,128x128,10,0,0.0001,0.0001,same_decoder_mapped_linear_mac_only,0.9,configurable_reference,,output_proj|r35c0|pos,output_proj,output_proj,pos,35,0,4445,4572,0,128,0.009999999776482582,0.6294625401496887,0.06498162121532391,1579.3598770678325,50251.25684018647,31327.306176876093,2.399472408115444e-08,61.16896859914762,0.0011026987169648185,0.02811073924593181,2176,2176
per_vector,crossbar_core_read_only,"adc,dac,sense,digital_bias,layernorm,softmax,residual,encoder",checkpoints\caption_transformer_epoch_10.pt,checkpoints\caption_transformer_array-128x128_cmm_crosssim.pt,checkpoints\caption_transformer_crosssim_decoder.pt,0.1,10.0,200,200,200,9800,76192,76192,1000.0,100000.0,128x128,10,0,0.0001,0.0001,same_decoder_mapped_linear_mac_only,0.9,configurable_reference,,output_proj|r35c1|neg,output_proj,output_proj,neg,35,1,4445,4572,128,256,0.009999999776482582,0.7486355900764465,0.06256139415469136,1331.293376205607,50251.25684018647,31523.106628265283,2.567752381855763e-08,61.62715645579505,0.0011800332637204784,0.02832130351828817,2176,2176
per_vector,crossbar_core_read_only,"adc,dac,sense,digital_bias,layernorm,softmax,residual,encoder",checkpoints\caption_transformer_epoch_10.pt,checkpoints\caption_transformer_array-128x128_cmm_crosssim.pt,checkpoints\caption_transformer_crosssim_decoder.pt,0.1,10.0,200,200,200,9800,76192,76192,1000.0,100000.0,128x128,10,0,0.0001,0.0001,same_decoder_mapped_linear_mac_only,0.9,configurable_reference,,output_proj|r35c1|pos,output_proj,output_proj,pos,35,1,4445,4572,128,256,0.009999999776482582,0.8349952697753906,0.06628735580014782,1195.2496232130404,50251.25684018647,31424.940292169158,2.7103653672339467e-08,64.97914238186233,0.0012455723195008903,0.02986173822695879,2176,2176
per_vector,crossbar_core_read_only,"adc,dac,sense,digital_bias,layernorm,softmax,residual,encoder",checkpoints\caption_transformer_epoch_10.pt,checkpoints\caption_transformer_array-128x128_cmm_crosssim.pt,checkpoints\caption_transformer_crosssim_decoder.pt,0.1,10.0,200,200,200,9800,76192,76192,1000.0,100000.0,128x128,10,0,0.0001,0.0001,same_decoder_mapped_linear_mac_only,0.9,configurable_reference,,output_proj|r36c0|neg,output_proj,output_proj,neg,36,0,4572,4699,0,128,0.009999999776482582,0.5889286398887634,0.06549524088350298,1686.2287369552648,50251.25684018647,31498.651461358404,2.825079005765345e-08,65.8592017164657,0.0012982899842671604,0.030266177259405197,2176,2176
per_vector,crossbar_core_read_only,"adc,dac,sense,digital_bias,layernorm,softmax,residual,encoder",checkpoints\caption_transformer_epoch_10.pt,checkpoints\caption_transformer_array-128x128_cmm_crosssim.pt,checkpoints\caption_transformer_crosssim_decoder.pt,0.1,10.0,200,200,200,9800,76192,76192,1000.0,100000.0,128x128,10,0,0.0001,0.0001,same_decoder_mapped_linear_mac_only,0.9,configurable_reference,,output_proj|r36c0|pos,output_proj,output_proj,pos,36,0,4572,4699,0,128,0.009999999776482582,0.7449803352355957,0.06476550281714001,1337.7380017920052,50251.25684018647,31501.54174895848,2.391767890852841e-08,60.98692209012405,0.001099158038075753,0.0280270781664173,2176,2176
per_vector,crossbar_core_read_only,"adc,dac,sense,digital_bias,layernorm,softmax,residual,encoder",checkpoints\caption_transformer_epoch_10.pt,checkpoints\caption_transformer_array-128x128_cmm_crosssim.pt,checkpoints\caption_transformer_crosssim_decoder.pt,0.1,10.0,200,200,200,9800,76192,76192,1000.0,100000.0,128x128,10,0,0.0001,0.0001,same_decoder_mapped_linear_mac_only,0.9,configurable_reference,,output_proj|r36c1|neg,output_proj,output_proj,neg,36,1,4572,4699,128,256,0.009999999776482582,0.7540547847747803,0.06201926570695753,1321.8521888788357,50251.25684018647,31665.875549562534,2.5678575796644828e-08,61.36573292945316,0.0011800816083016952,0.02820116403007958,2176,2176
per_vector,crossbar_core_read_only,"adc,dac,sense,digital_bias,layernorm,softmax,residual,encoder",checkpoints\caption_transformer_epoch_10.pt,checkpoints\caption_transformer_array-128x128_cmm_crosssim.pt,checkpoints\caption_transformer_crosssim_decoder.pt,0.1,10.0,200,200,200,9800,76192,76192,1000.0,100000.0,128x128,10,0,0.0001,0.0001,same_decoder_mapped_linear_mac_only,0.9,configurable_reference,,output_proj|r36c1|pos,output_proj,output_proj,pos,36,1,4572,4699,128,256,0.009999999776482582,0.6450086832046509,0.06612479322893347,1541.880726881135,50251.25684018647,31330.678103852202,2.7051662085332377e-08,64.83125894111947,0.0012431830002450552,0.029793777086911524,2176,2176
per_vector,crossbar_core_read_only,"adc,dac,sense,digital_bias,layernorm,softmax,residual,encoder",checkpoints\caption_transformer_epoch_10.pt,checkpoints\caption_transformer_array-128x128_cmm_crosssim.pt,checkpoints\caption_transformer_crosssim_decoder.pt,0.1,10.0,200,200,200,9800,76192,76192,1000.0,100000.0,128x128,10,0,0.0001,0.0001,same_decoder_mapped_linear_mac_only,0.9,configurable_reference,,output_proj|r37c0|neg,output_proj,output_proj,neg,37,0,4699,4826,0,128,0.009999999776482582,0.5996130704879761,0.06539781838083708,1656.6798147834286,50251.25684018647,31419.079314699913,2.8188736132933517e-08,65.785100372035,0.0012954382414031957,0.030232123332736675,2176,2176
per_vector,crossbar_core_read_only,"adc,dac,sense,digital_bias,layernorm,softmax,residual,encoder",checkpoints\caption_transformer_epoch_10.pt,checkpoints\caption_transformer_array-128x128_cmm_crosssim.pt,checkpoints\caption_transformer_crosssim_decoder.pt,0.1,10.0,200,200,200,9800,76192,76192,1000.0,100000.0,128x128,10,0,0.0001,0.0001,same_decoder_mapped_linear_mac_only,0.9,configurable_reference,,output_proj|r37c0|pos,output_proj,output_proj,pos,37,0,4699,4826,0,128,0.009999999776482582,0.6100590825080872,0.06621175778614481,1628.7746053625906,50251.25684018647,31396.62136863112,2.436866040558228e-08,62.13828064402691,0.0011198832906977145,0.028556195148909426,2176,2176
per_vector,crossbar_core_read_only,"adc,dac,sense,digital_bias,layernorm,softmax,residual,encoder",checkpoints\caption_transformer_epoch_10.pt,checkpoints\caption_transformer_array-128x128_cmm_crosssim.pt,checkpoints\caption_transformer_crosssim_decoder.pt,0.1,10.0,200,200,200,9800,76192,76192,1000.0,100000.0,128x128,10,0,0.0001,0.0001,same_decoder_mapped_linear_mac_only,0.9,configurable_reference,,output_proj|r37c1|neg,output_proj,output_proj,neg,37,1,4699,4826,128,256,0.009999999776482582,0.5979521870613098,0.06212511888726277,1661.2049978767948,50251.25684018647,31566.76316737844,2.5525554287538516e-08,61.269537271004104,0.0011730493698317308,0.02815695646645409,2176,2176
per_vector,crossbar_core_read_only,"adc,dac,sense,digital_bias,layernorm,softmax,residual,encoder",checkpoints\caption_transformer_epoch_10.pt,checkpoints\caption_transformer_array-128x128_cmm_crosssim.pt,checkpoints\caption_transformer_crosssim_decoder.pt,0.1,10.0,200,200,200,9800,76192,76192,1000.0,100000.0,128x128,10,0,0.0001,0.0001,same_decoder_mapped_linear_mac_only,0.9,configurable_reference,,output_proj|r37c1|pos,output_proj,output_proj,pos,37,1,4699,4826,128,256,0.009999999776482582,0.7762543559074402,0.06738731041381055,1284.535025466025,50251.25684018647,31283.41847959338,2.767749570597698e-08,66.08577058302974,0.0012719437364879127,0.030370298981171755,2176,2176
per_vector,crossbar_core_read_only,"adc,dac,sense,digital_bias,layernorm,softmax,residual,encoder",checkpoints\caption_transformer_epoch_10.pt,checkpoints\caption_transformer_array-128x128_cmm_crosssim.pt,checkpoints\caption_transformer_crosssim_decoder.pt,0.1,10.0,200,200,200,9800,76192,76192,1000.0,100000.0,128x128,10,0,0.0001,0.0001,same_decoder_mapped_linear_mac_only,0.9,configurable_reference,,output_proj|r38c0|neg,output_proj,output_proj,neg,38,0,4826,4953,0,128,0.009999999776482582,0.6376991271972656,0.06742756229230179,1559.2787835979032,50251.25684018647,31417.967649047445,2.9204503156346248e-08,67.80446551273351,0.0013421187112291494,0.031160140401072386,2176,2176
per_vector,crossbar_core_read_only,"adc,dac,sense,digital_bias,layernorm,softmax,residual,encoder",checkpoints\caption_transformer_epoch_10.pt,checkpoints\caption_transformer_array-128x128_cmm_crosssim.pt,checkpoints\caption_transformer_crosssim_decoder.pt,0.1,10.0,200,200,200,9800,76192,76192,1000.0,100000.0,128x128,10,0,0.0001,0.0001,same_decoder_mapped_linear_mac_only,0.9,configurable_reference,,output_proj|r38c0|pos,output_proj,output_proj,pos,38,0,4826,4953,0,128,0.009999999776482582,0.6895220875740051,0.0674469937368385,1443.7788195640965,50251.25684018647,31243.759690471903,2.4709140372813318e-08,63.075860668358345,0.0011355303480153193,0.028987068321855856,2176,2176
per_vector,crossbar_core_read_only,"adc,dac,sense,digital_bias,layernorm,softmax,residual,encoder",checkpoints\caption_transformer_epoch_10.pt,checkpoints\caption_transformer_array-128x128_cmm_crosssim.pt,checkpoints\caption_transformer_crosssim_decoder.pt,0.1,10.0,200,200,200,9800,76192,76192,1000.0,100000.0,128x128,10,0,0.0001,0.0001,same_decoder_mapped_linear_mac_only,0.9,configurable_reference,,output_proj|r38c1|neg,output_proj,output_proj,neg,38,1,4826,4953,128,256,0.009999999776482582,0.6315751671791077,0.06483589598242612,1574.1600605815538,50251.25684018647,31133.121095234535,2.6683921337679406e-08,63.771868486784406,0.0012262831497095313,0.02930692485605901,2176,2176
per_vector,crossbar_core_read_only,"adc,dac,sense,digital_bias,layernorm,softmax,residual,encoder",checkpoints\caption_transformer_epoch_10.pt,checkpoints\caption_transformer_array-128x128_cmm_crosssim.pt,checkpoints\caption_transformer_crosssim_decoder.pt,0.1,10.0,200,200,200,9800,76192,76192,1000.0,100000.0,128x128,10,0,0.0001,0.0001,same_decoder_mapped_linear_mac_only,0.9,configurable_reference,,output_proj|r38c1|pos,output_proj,output_proj,pos,38,1,4826,4953,128,256,0.009999999776482582,0.7925896644592285,0.06750440874920038,1258.393852220101,50251.25684018647,31554.929049623483,2.75182582805562e-08,66.01283404449259,0.0012646258400990924,0.030336780351329317,2176,2176
per_vector,crossbar_core_read_only,"adc,dac,sense,digital_bias,layernorm,softmax,residual,encoder",checkpoints\caption_transformer_epoch_10.pt,checkpoints\caption_transformer_array-128x128_cmm_crosssim.pt,checkpoints\caption_transformer_crosssim_decoder.pt,0.1,10.0,200,200,200,9800,76192,76192,1000.0,100000.0,128x128,10,0,0.0001,0.0001,same_decoder_mapped_linear_mac_only,0.9,configurable_reference,,output_proj|r39c0|neg,output_proj,output_proj,neg,39,0,4953,5080,0,128,0.009999999776482582,0.6993757486343384,0.06640933190051221,1423.7267079777612,50251.25684018647,31504.20622445118,2.8704141670428846e-08,66.82121559487142,0.001319124157648384,0.030708279225584292,2176,2176
per_vector,crossbar_core_read_only,"adc,dac,sense,digital_bias,layernorm,softmax,residual,encoder",checkpoints\caption_transformer_epoch_10.pt,checkpoints\caption_transformer_array-128x128_cmm_crosssim.pt,checkpoints\caption_transformer_crosssim_decoder.pt,0.1,10.0,200,200,200,9800,76192,76192,1000.0,100000.0,128x128,10,0,0.0001,0.0001,same_decoder_mapped_linear_mac_only,0.9,configurable_reference,,output_proj|r39c0|pos,output_proj,output_proj,pos,39,0,4953,5080,0,128,0.009999999776482582,0.6454812288284302,0.06680261080654468,1540.7693346764481,50251.25684018647,31252.72793116768,2.457931923155189e-08,62.652228744333534,0.0011295643029205827,0.028792384533241514,2176,2176
per_vector,crossbar_core_read_only,"adc,dac,sense,digital_bias,layernorm,softmax,residual,encoder",checkpoints\caption_transformer_epoch_10.pt,checkpoints\caption_transformer_array-128x128_cmm_crosssim.pt,checkpoints\caption_transformer_crosssim_decoder.pt,0.1,10.0,200,200,200,9800,76192,76192,1000.0,100000.0,128x128,10,0,0.0001,0.0001,same_decoder_mapped_linear_mac_only,0.9,configurable_reference,,output_proj|r39c1|neg,output_proj,output_proj,neg,39,1,4953,5080,128,256,0.009999999776482582,0.6023678183555603,0.06312909509463457,1649.2284393419302,50251.25684018647,31382.498379096243,2.586018670065991e-08,62.10122734235359,0.001188427697640623,0.028539166977184553,2176,2176
per_vector,crossbar_core_read_only,"adc,dac,sense,digital_bias,layernorm,softmax,residual,encoder",checkpoints\caption_transformer_epoch_10.pt,checkpoints\caption_transformer_array-128x128_cmm_crosssim.pt,checkpoints\caption_transformer_crosssim_decoder.pt,0.1,10.0,200,200,200,9800,76192,76192,1000.0,100000.0,128x128,10,0,0.0001,0.0001,same_decoder_mapped_linear_mac_only,0.9,configurable_reference,,output_proj|r39c1|pos,output_proj,output_proj,pos,39,1,4953,5080,128,256,0.009999999776482582,0.932178795337677,0.06765949882709699,1071.9756533790387,50251.25684018647,31446.66566713256,2.7551644303406212e-08,66.09597053504332,0.0012661601242374139,0.030374986459119173,2176,2176
per_vector,crossbar_core_read_only,"adc,dac,sense,digital_bias,layernorm,softmax,residual,encoder",checkpoints\caption_transformer_epoch_10.pt,checkpoints\caption_transformer_array-128x128_cmm_crosssim.pt,checkpoints\caption_transformer_crosssim_decoder.pt,0.1,10.0,200,200,200,9800,76192,76192,1000.0,100000.0,128x128,10,0,0.0001,0.0001,same_decoder_mapped_linear_mac_only,0.9,configurable_reference,,output_proj|r3c0|neg,output_proj,output_proj,neg,3,0,381,508,0,128,0.009999999776482582,0.44557538628578186,0.050517506585442684,2216.706895749776,50251.25684018647,32575.6970975247,2.1652690639513696e-08,51.7438452046444,0.0009950685036541214,0.023779340627134375,2176,2176
per_vector,crossbar_core_read_only,"adc,dac,sense,digital_bias,layernorm,softmax,residual,encoder",checkpoints\caption_transformer_epoch_10.pt,checkpoints\caption_transformer_array-128x128_cmm_crosssim.pt,checkpoints\caption_transformer_crosssim_decoder.pt,0.1,10.0,200,200,200,9800,76192,76192,1000.0,100000.0,128x128,10,0,0.0001,0.0001,same_decoder_mapped_linear_mac_only,0.9,configurable_reference,,output_proj|r3c0|pos,output_proj,output_proj,pos,3,0,381,508,0,128,0.009999999776482582,0.5944218039512634,0.049809665930999156,1670.9063522847723,50251.25684018647,32794.80223639128,1.9378326843963036e-08,49.03066417269444,0.0008905481086380085,0.022532474344069138,2176,2176
per_vector,crossbar_core_read_only,"adc,dac,sense,digital_bias,layernorm,softmax,residual,encoder",checkpoints\caption_transformer_epoch_10.pt,checkpoints\caption_transformer_array-128x128_cmm_crosssim.pt,checkpoints\caption_transformer_crosssim_decoder.pt,0.1,10.0,200,200,200,9800,76192,76192,1000.0,100000.0,128x128,10,0,0.0001,0.0001,same_decoder_mapped_linear_mac_only,0.9,configurable_reference,,output_proj|r3c1|neg,output_proj,output_proj,neg,3,1,381,508,128,256,0.009999999776482582,0.5144073963165283,0.048051539353105535,1925.8051877569194,50251.25684018647,33142.02586858337,2.035707464606245e-08,49.10064745812559,0.0009355273274844869,0.0225646357803886,2176,2176
per_vector,crossbar_core_read_only,"adc,dac,sense,digital_bias,layernorm,softmax,residual,encoder",checkpoints\caption_transformer_epoch_10.pt,checkpoints\caption_transformer_array-128x128_cmm_crosssim.pt,checkpoints\caption_transformer_crosssim_decoder.pt,0.1,10.0,200,200,200,9800,76192,76192,1000.0,100000.0,128x128,10,0,0.0001,0.0001,same_decoder_mapped_linear_mac_only,0.9,configurable_reference,,output_proj|r3c1|pos,output_proj,output_proj,pos,3,1,381,508,128,256,0.009999999776482582,0.6212925314903259,0.051282546553333606,1599.7962341445507,50251.25684018647,32438.81907348953,2.1509945013465347e-08,51.8982199800708,0.0009885085024570457,0.023850284917311948,2176,2176
per_vector,crossbar_core_read_only,"adc,dac,sense,digital_bias,layernorm,softmax,residual,encoder",checkpoints\caption_transformer_epoch_10.pt,checkpoints\caption_transformer_array-128x128_cmm_crosssim.pt,checkpoints\caption_transformer_crosssim_decoder.pt,0.1,10.0,200,200,200,9800,76192,76192,1000.0,100000.0,128x128,10,0,0.0001,0.0001,same_decoder_mapped_linear_mac_only,0.9,configurable_reference,,output_proj|r40c0|neg,output_proj,output_proj,neg,40,0,5080,5207,0,128,0.009999999776482582,0.6936865448951721,0.06637830716127202,1435.2356800433754,50251.25684018647,31463.085308428024,2.8733808291453184e-08,66.80021535734119,0.0013204875133939833,0.03069862838113106,2176,2176
per_vector,crossbar_core_read_only,"adc,dac,sense,digital_bias,layernorm,softmax,residual,encoder",checkpoints\caption_transformer_epoch_10.pt,checkpoints\caption_transformer_array-128x128_cmm_crosssim.pt,checkpoints\caption_transformer_crosssim_decoder.pt,0.1,10.0,200,200,200,9800,76192,76192,1000.0,100000.0,128x128,10,0,0.0001,0.0001,same_decoder_mapped_linear_mac_only,0.9,configurable_reference,,output_proj|r40c0|pos,output_proj,output_proj,pos,40,0,5080,5207,0,128,0.009999999776482582,0.675142228603363,0.06656722098424633,1474.0765804721595,50251.25684018647,31280.85265469728,2.4498882524605957e-08,62.46640226297273,0.0011258677630793137,0.02870698633408673,2176,2176
per_vector,crossbar_core_read_only,"adc,dac,sense,digital_bias,layernorm,softmax,residual,encoder",checkpoints\caption_transformer_epoch_10.pt,checkpoints\caption_transformer_array-128x128_cmm_crosssim.pt,checkpoints\caption_transformer_crosssim_decoder.pt,0.1,10.0,200,200,200,9800,76192,76192,1000.0,100000.0,128x128,10,0,0.0001,0.0001,same_decoder_mapped_linear_mac_only,0.9,configurable_reference,,output_proj|r40c1|neg,output_proj,output_proj,neg,40,1,5080,5207,128,256,0.009999999776482582,0.6026954650878906,0.06486063634960244,1648.3466387263995,50251.25684018647,31277.335961052406,2.6511856260280982e-08,63.62059484877119,0.001218375747255562,0.029237405720942643,2176,2176
per_vector,crossbar_core_read_only,"adc,dac,sense,digital_bias,layernorm,softmax,residual,encoder",checkpoints\caption_transformer_epoch_10.pt,checkpoints\caption_transformer_array-128x128_cmm_crosssim.pt,checkpoints\caption_transformer_crosssim_decoder.pt,0.1,10.0,200,200,200,9800,76192,76192,1000.0,100000.0,128x128,10,0,0.0001,0.0001,same_decoder_mapped_linear_mac_only,0.9,configurable_reference,,output_proj|r40c1|pos,output_proj,output_proj,pos,40,1,5080,5207,128,256,0.009999999776482582,0.7954734563827515,0.06817490931526542,1253.8890594558973,50251.25684018647,31271.49828199518,2.781776908577786e-08,66.60771597584605,0.001278390123427294,0.030610163591841016,2176,2176
per_vector,crossbar_core_read_only,"adc,dac,sense,digital_bias,layernorm,softmax,residual,encoder",checkpoints\caption_transformer_epoch_10.pt,checkpoints\caption_transformer_array-128x128_cmm_crosssim.pt,checkpoints\caption_transformer_crosssim_decoder.pt,0.1,10.0,200,200,200,9800,76192,76192,1000.0,100000.0,128x128,10,0,0.0001,0.0001,same_decoder_mapped_linear_mac_only,0.9,configurable_reference,,output_proj|r41c0|neg,output_proj,output_proj,neg,41,0,5207,5334,0,128,0.009999999776482582,0.708792507648468,0.0663946180501389,1405.0773656482081,50251.25684018647,31461.21000215438,2.8622153705811074e-08,66.70311522879142,0.0013153563283920533,0.030654005160290175,2176,2176
per_vector,crossbar_core_read_only,"adc,dac,sense,digital_bias,layernorm,softmax,residual,encoder",checkpoints\caption_transformer_epoch_10.pt,checkpoints\caption_transformer_array-128x128_cmm_crosssim.pt,checkpoints\caption_transformer_crosssim_decoder.pt,0.1,10.0,200,200,200,9800,76192,76192,1000.0,100000.0,128x128,10,0,0.0001,0.0001,same_decoder_mapped_linear_mac_only,0.9,configurable_reference,,output_proj|r41c0|pos,output_proj,output_proj,pos,41,0,5207,5334,0,128,0.009999999776482582,0.6256129145622253,0.06647378908417337,1588.9238396596445,50251.25684018647,31232.385033286122,2.4499158171293167e-08,62.415353185623175,0.0011258804306660385,0.02868352628015771,2176,2176
per_vector,crossbar_core_read_only,"adc,dac,sense,digital_bias,layernorm,softmax,residual,encoder",checkpoints\caption_transformer_epoch_10.pt,checkpoints\caption_transformer_array-128x128_cmm_crosssim.pt,checkpoints\caption_transformer_crosssim_decoder.pt,0.1,10.0,200,200,200,9800,76192,76192,1000.0,100000.0,128x128,10,0,0.0001,0.0001,same_decoder_mapped_linear_mac_only,0.9,configurable_reference,,output_proj|r41c1|neg,output_proj,output_proj,neg,41,1,5207,5334,128,256,0.009999999776482582,0.7402410507202148,0.0640885361442095,1346.1873761887844,50251.25684018647,31363.034178904625,2.6308799129378992e-08,63.025479326074986,0.001209044077636902,0.028963915131468284,2176,2176
per_vector,crossbar_core_read_only,"adc,dac,sense,digital_bias,layernorm,softmax,residual,encoder",checkpoints\caption_transformer_epoch_10.pt,checkpoints\caption_transformer_array-128x128_cmm_crosssim.pt,checkpoints\caption_transformer_crosssim_decoder.pt,0.1,10.0,200,200,200,9800,76192,76192,1000.0,100000.0,128x128,10,0,0.0001,0.0001,same_decoder_mapped_linear_mac_only,0.9,configurable_reference,,output_proj|r41c1|pos,output_proj,output_proj,pos,41,1,5207,5334,128,256,0.009999999776482582,0.7062757611274719,0.0676798721949921,1410.013627841162,50251.25684018647,31334.046139333623,2.7678215906942413e-08,66.23699150949676,0.0012719768339587475,0.03043979389223197,2176,2176
per_vector,crossbar_core_read_only,"adc,dac,sense,digital_bias,layernorm,softmax,residual,encoder",checkpoints\caption_transformer_epoch_10.pt,checkpoints\caption_transformer_array-128x128_cmm_crosssim.pt,checkpoints\caption_transformer_crosssim_decoder.pt,0.1,10.0,200,200,200,9800,76192,76192,1000.0,100000.0,128x128,10,0,0.0001,0.0001,same_decoder_mapped_linear_mac_only,0.9,configurable_reference,,output_proj|r42c0|neg,output_proj,output_proj,neg,42,0,5334,5461,0,128,0.009999999776482582,0.672246515750885,0.06820160303615248,1480.332194126332,50251.25684018647,31446.563102518212,2.9399362759299627e-08,68.4084542948745,0.001351073656217813,0.031437708775218065,2176,2176
per_vector,crossbar_core_read_only,"adc,dac,sense,digital_bias,layernorm,softmax,residual,encoder",checkpoints\caption_transformer_epoch_10.pt,checkpoints\caption_transformer_array-128x128_cmm_crosssim.pt,checkpoints\caption_transformer_crosssim_decoder.pt,0.1,10.0,200,200,200,9800,76192,76192,1000.0,100000.0,128x128,10,0,0.0001,0.0001,same_decoder_mapped_linear_mac_only,0.9,configurable_reference,,output_proj|r42c0|pos,output_proj,output_proj,pos,42,0,5334,5461,0,128,0.009999999776482582,0.661342978477478,0.06910536748726759,1504.371216785322,50251.25684018647,31023.93945558148,2.53265854793563e-08,64.54756135148632,0.0011639055826910066,0.029663401356381583,2176,2176
per_vector,crossbar_core_read_only,"adc,dac,sense,digital_bias,layernorm,softmax,residual,encoder",checkpoints\caption_transformer_epoch_10.pt,checkpoints\caption_transformer_array-128x128_cmm_crosssim.pt,checkpoints\caption_transformer_crosssim_decoder.pt,0.1,10.0,200,200,200,9800,76192,76192,1000.0,100000.0,128x128,10,0,0.0001,0.0001,same_decoder_mapped_linear_mac_only,0.9,configurable_reference,,output_proj|r42c1|neg,output_proj,output_proj,neg,42,1,5334,5461,128,256,0.009999999776482582,0.5515561103820801,0.0656954373090251,1798.4299909386107,50251.25684018647,31147.3172815194,2.6843507063769008e-08,64.36800420405119,0.0012336170525629134,0.029580884284949996,2176,2176
per_vector,crossbar_core_read_only,"adc,dac,sense,digital_bias,layernorm,softmax,residual,encoder",checkpoints\caption_transformer_epoch_10.pt,checkpoints\caption_transformer_array-128x128_cmm_crosssim.pt,checkpoints\caption_transformer_crosssim_decoder.pt,0.1,10.0,200,200,200,9800,76192,76192,1000.0,100000.0,128x128,10,0,0.0001,0.0001,same_decoder_mapped_linear_mac_only,0.9,configurable_reference,,output_proj|r42c1|pos,output_proj,output_proj,pos,42,1,5334,5461,128,256,0.009999999776482582,0.7958344221115112,0.06971834403784455,1253.3274623849163,50251.25684018647,31312.481701909226,2.8452935491934183e-08,68.04109151637999,0.001307579756063149,0.03126888396892463,2176,2176
per_vector,crossbar_core_read_only,"adc,dac,sense,digital_bias,layernorm,softmax,residual,encoder",checkpoints\caption_transformer_epoch_10.pt,checkpoints\caption_transformer_array-128x128_cmm_crosssim.pt,checkpoints\caption_transformer_crosssim_decoder.pt,0.1,10.0,200,200,200,9800,76192,76192,1000.0,100000.0,128x128,10,0,0.0001,0.0001,same_decoder_mapped_linear_mac_only,0.9,configurable_reference,,output_proj|r43c0|neg,output_proj,output_proj,neg,43,0,5461,5588,0,128,0.009999999776482582,0.5880628824234009,0.06630489726364795,1688.6693140873394,50251.25684018647,31503.978635996853,2.8727393357766397e-08,66.78098086726055,0.0013201927094561763,0.030689789001498415,2176,2176
per_vector,crossbar_core_read_only,"adc,dac,sense,digital_bias,layernorm,softmax,residual,encoder",checkpoints\caption_transformer_epoch_10.pt,checkpoints\caption_transformer_array-128x128_cmm_crosssim.pt,checkpoints\caption_transformer_crosssim_decoder.pt,0.1,10.0,200,200,200,9800,76192,76192,1000.0,100000.0,128x128,10,0,0.0001,0.0001,same_decoder_mapped_linear_mac_only,0.9,configurable_reference,,output_proj|r43c0|pos,output_proj,output_proj,pos,43,0,5461,5588,0,128,0.009999999776482582,0.737418532371521,0.06682486683506093,1351.270371821922,50251.25684018647,31106.616384694727,2.4592271700527366e-08,62.68150600509537,0.0011301595450610028,0.028805839156753388,2176,2176
per_vector,crossbar_core_read_only,"adc,dac,sense,digital_bias,layernorm,softmax,residual,encoder",checkpoints\caption_transformer_epoch_10.pt,checkpoints\caption_transformer_array-128x128_cmm_crosssim.pt,checkpoints\caption_transformer_crosssim_decoder.pt,0.1,10.0,200,200,200,9800,76192,76192,1000.0,100000.0,128x128,10,0,0.0001,0.0001,same_decoder_mapped_linear_mac_only,0.9,configurable_reference,,output_proj|r43c1|neg,output_proj,output_proj,neg,43,1,5461,5588,128,256,0.009999999776482582,0.6170362830162048,0.06380275977449125,1610.65371360752,50251.25684018647,31212.576623139652,2.5898139880418313e-08,62.474535083539685,0.0011901718695045175,0.02871072384353846,2176,2176
per_vector,crossbar_core_read_only,"adc,dac,sense,digital_bias,layernorm,softmax,residual,encoder",checkpoints\caption_transformer_epoch_10.pt,checkpoints\caption_transformer_array-128x128_cmm_crosssim.pt,checkpoints\caption_transformer_crosssim_decoder.pt,0.1,10.0,200,200,200,9800,76192,76192,1000.0,100000.0,128x128,10,0,0.0001,0.0001,same_decoder_mapped_linear_mac_only,0.9,configurable_reference,,output_proj|r43c1|pos,output_proj,output_proj,pos,43,1,5461,5588,128,256,0.009999999776482582,0.6869199275970459,0.06833234257234341,1449.1688204330212,50251.25684018647,31364.375307586568,2.8033582890986996e-08,66.9407300419915,0.001288308037269626,0.030763203144297563,2176,2176
per_vector,crossbar_core_read_only,"adc,dac,sense,digital_bias,layernorm,softmax,residual,encoder",checkpoints\caption_transformer_epoch_10.pt,checkpoints\caption_transformer_array-128x128_cmm_crosssim.pt,checkpoints\caption_transformer_crosssim_decoder.pt,0.1,10.0,200,200,200,9800,76192,76192,1000.0,100000.0,128x128,10,0,0.0001,0.0001,same_decoder_mapped_linear_mac_only,0.9,configurable_reference,,output_proj|r44c0|neg,output_proj,output_proj,neg,44,0,5588,5715,0,128,0.009999999776482582,0.627084493637085,0.06774463207493252,1585.2542221616452,50251.25684018647,31507.308107165114,2.9250887604971576e-08,68.02925726883144,0.0013442503494931765,0.03126344543604386,2176,2176
per_vector,crossbar_core_read_only,"adc,dac,sense,digital_bias,layernorm,softmax,residual,encoder",checkpoints\caption_transformer_epoch_10.pt,checkpoints\caption_transformer_array-128x128_cmm_crosssim.pt,checkpoints\caption_transformer_crosssim_decoder.pt,0.1,10.0,200,200,200,9800,76192,76192,1000.0,100000.0,128x128,10,0,0.0001,0.0001,same_decoder_mapped_linear_mac_only,0.9,configurable_reference,,output_proj|r44c0|pos,output_proj,output_proj,pos,44,0,5588,5715,0,128,0.009999999776482582,0.685066282749176,0.06932314391703735,1453.032990029775,50251.25684018647,30989.207697063182,2.543778022355061e-08,64.77719816889201,0.0011690156352734678,0.02976893298202758,2176,2176
per_vector,crossbar_core_read_only,"adc,dac,sense,digital_bias,layernorm,softmax,residual,encoder",checkpoints\caption_transformer_epoch_10.pt,checkpoints\caption_transformer_array-128x128_cmm_crosssim.pt,checkpoints\caption_transformer_crosssim_decoder.pt,0.1,10.0,200,200,200,9800,76192,76192,1000.0,100000.0,128x128,10,0,0.0001,0.0001,same_decoder_mapped_linear_mac_only,0.9,configurable_reference,,output_proj|r44c1|neg,output_proj,output_proj,neg,44,1,5588,5715,128,256,0.009999999776482582,0.5649088621139526,0.06617410559596551,1756.667248529243,50251.25684018647,31182.63335535395,2.6802000767545212e-08,64.57271971103924,0.0012317095940967502,0.02967496310249965,2176,2176
per_vector,crossbar_core_read_only,"adc,dac,sense,digital_bias,layernorm,softmax,residual,encoder",checkpoints\caption_transformer_epoch_10.pt,checkpoints\caption_transformer_array-128x128_cmm_crosssim.pt,checkpoints\caption_transformer_crosssim_decoder.pt,0.1,10.0,200,200,200,9800,76192,76192,1000.0,100000.0,128x128,10,0,0.0001,0.0001,same_decoder_mapped_linear_mac_only,0.9,configurable_reference,,output_proj|r44c1|pos,output_proj,output_proj,pos,44,1,5588,5715,128,256,0.009999999776482582,0.7717631459236145,0.07102413650938515,1291.913694108772,50251.25684018647,31170.53669753592,2.8881968404439935e-08,69.14371504454434,0.0013272963421158072,0.031775604340323685,2176,2176
per_vector,crossbar_core_read_only,"adc,dac,sense,digital_bias,layernorm,softmax,residual,encoder",checkpoints\caption_transformer_epoch_10.pt,checkpoints\caption_transformer_array-128x128_cmm_crosssim.pt,checkpoints\caption_transformer_crosssim_decoder.pt,0.1,10.0,200,200,200,9800,76192,76192,1000.0,100000.0,128x128,10,0,0.0001,0.0001,same_decoder_mapped_linear_mac_only,0.9,configurable_reference,,output_proj|r45c0|neg,output_proj,output_proj,neg,45,0,5715,5842,0,128,0.009999999776482582,0.70242840051651,0.06880516852450412,1417.6271113154428,50251.25684018647,31428.68166741104,2.9811646099487364e-08,69.13702860431657,0.0013700205008955568,0.031772531527719014,2176,2176
per_vector,crossbar_core_read_only,"adc,dac,sense,digital_bias,layernorm,softmax,residual,encoder",checkpoints\caption_transformer_epoch_10.pt,checkpoints\caption_transformer_array-128x128_cmm_crosssim.pt,checkpoints\caption_transformer_crosssim_decoder.pt,0.1,10.0,200,200,200,9800,76192,76192,1000.0,100000.0,128x128,10,0,0.0001,0.0001,same_decoder_mapped_linear_mac_only,0.9,configurable_reference,,output_proj|r45c0|pos,output_proj,output_proj,pos,45,0,5715,5842,0,128,0.009999999776482582,0.7252244353294373,0.06979747180817567,1373.6788470711954,50251.25684018647,30943.108452977864,2.5586545171497838e-08,65.1480645238957,0.0011758522597195694,0.029939367887819715,2176,2176
per_vector,crossbar_core_read_only,"adc,dac,sense,digital_bias,layernorm,softmax,residual,encoder",checkpoints\caption_transformer_epoch_10.pt,checkpoints\caption_transformer_array-128x128_cmm_crosssim.pt,checkpoints\caption_transformer_crosssim_decoder.pt,0.1,10.0,200,200,200,9800,76192,76192,1000.0,100000.0,128x128,10,0,0.0001,0.0001,same_decoder_mapped_linear_mac_only,0.9,configurable_reference,,output_proj|r45c1|neg,output_proj,output_proj,neg,45,1,5715,5842,128,256,0.009999999776482582,0.6360909342765808,0.06669404911687213,1563.159396971336,50251.25684018647,31069.30600717989,2.7160563577177654e-08,65.18954870346163,0.0012481876643923564,0.029958432308576116,2176,2176
per_vector,crossbar_core_read_only,"adc,dac,sense,digital_bias,layernorm,softmax,residual,encoder",checkpoints\caption_transformer_epoch_10.pt,checkpoints\caption_transformer_array-128x128_cmm_crosssim.pt,checkpoints\caption_transformer_crosssim_decoder.pt,0.1,10.0,200,200,200,9800,76192,76192,1000.0,100000.0,128x128,10,0,0.0001,0.0001,same_decoder_mapped_linear_mac_only,0.9,configurable_reference,,output_proj|r45c1|pos,output_proj,output_proj,pos,45,1,5715,5842,128,256,0.009999999776482582,0.7133048176765442,0.07029434025781935,1396.3130670432113,50251.25684018647,31342.507275034306,2.865770393113969e-08,68.55813380374538,0.0013169900703648727,0.03150649531422122,2176,2176
per_vector,crossbar_core_read_only,"adc,dac,sense,digital_bias,layernorm,softmax,residual,encoder",checkpoints\caption_transformer_epoch_10.pt,checkpoints\caption_transformer_array-128x128_cmm_crosssim.pt,checkpoints\caption_transformer_crosssim_decoder.pt,0.1,10.0,200,200,200,9800,76192,76192,1000.0,100000.0,128x128,10,0,0.0001,0.0001,same_decoder_mapped_linear_mac_only,0.9,configurable_reference,,output_proj|r46c0|neg,output_proj,output_proj,neg,46,0,5842,5969,0,128,0.009999999776482582,0.6889809966087341,0.06945612012619734,1444.8963074519518,50251.25684018647,31256.76445014645,3.012105532707164e-08,69.78792637544798,0.0013842396749573342,0.03207165734165808,2176,2176
per_vector,crossbar_core_read_only,"adc,dac,sense,digital_bias,layernorm,softmax,residual,encoder",checkpoints\caption_transformer_epoch_10.pt,checkpoints\caption_transformer_array-128x128_cmm_crosssim.pt,checkpoints\caption_transformer_crosssim_decoder.pt,0.1,10.0,200,200,200,9800,76192,76192,1000.0,100000.0,128x128,10,0,0.0001,0.0001,same_decoder_mapped_linear_mac_only,0.9,configurable_reference,,output_proj|r46c0|pos,output_proj,output_proj,pos,46,0,5842,5969,0,128,0.009999999776482582,0.6944486498832703,0.06982902189481574,1433.683198603129,50251.25684018647,30970.24244062252,2.55836754886649e-08,65.15993399695562,0.0011757203809129087,0.029944822608895045,2176,2176
per_vector,crossbar_core_read_only,"adc,dac,sense,digital_bias,layernorm,softmax,residual,encoder",checkpoints\caption_transformer_epoch_10.pt,checkpoints\caption_transformer_array-128x128_cmm_crosssim.pt,checkpoints\caption_transformer_crosssim_decoder.pt,0.1,10.0,200,200,200,9800,76192,76192,1000.0,100000.0,128x128,10,0,0.0001,0.0001,same_decoder_mapped_linear_mac_only,0.9,configurable_reference,,output_proj|r46c1|neg,output_proj,output_proj,neg,46,1,5842,5969,128,256,0.009999999776482582,0.6713711619377136,0.06615843100494596,1482.2336869297908,50251.25684018647,31249.660403417394,2.686139130701233e-08,64.62180882797479,0.0012344389387413796,0.02969752243932665,2176,2176
per_vector,crossbar_core_read_only,"adc,dac,sense,digital_bias,layernorm,softmax,residual,encoder",checkpoints\caption_transformer_epoch_10.pt,checkpoints\caption_transformer_array-128x128_cmm_crosssim.pt,checkpoints\caption_transformer_crosssim_decoder.pt,0.1,10.0,200,200,200,9800,76192,76192,1000.0,100000.0,128x128,10,0,0.0001,0.0001,same_decoder_mapped_linear_mac_only,0.9,configurable_reference,,output_proj|r46c1|pos,output_proj,output_proj,pos,46,1,5842,5969,128,256,0.009999999776482582,0.7245645523071289,0.07094708939154419,1374.9126974048288,50251.25684018647,31110.647732115227,2.8855342260498358e-08,69.07729728026281,0.0013260727141773162,0.031745081470709015,2176,2176
per_vector,crossbar_core_read_only,"adc,dac,sense,digital_bias,layernorm,softmax,residual,encoder",checkpoints\caption_transformer_epoch_10.pt,checkpoints\caption_transformer_array-128x128_cmm_crosssim.pt,checkpoints\caption_transformer_crosssim_decoder.pt,0.1,10.0,200,200,200,9800,76192,76192,1000.0,100000.0,128x128,10,0,0.0001,0.0001,same_decoder_mapped_linear_mac_only,0.9,configurable_reference,,output_proj|r47c0|neg,output_proj,output_proj,neg,47,0,5969,6096,0,128,0.009999999776482582,0.6790937781333923,0.06818047615358704,1465.6248528644765,50251.25684018647,31288.0123539917,2.9441319862793072e-08,68.44594934862843,0.0013530018319298277,0.03145493995800939,2176,2176
per_vector,crossbar_core_read_only,"adc,dac,sense,digital_bias,layernorm,softmax,residual,encoder",checkpoints\caption_transformer_epoch_10.pt,checkpoints\caption_transformer_array-128x128_cmm_crosssim.pt,checkpoints\caption_transformer_crosssim_decoder.pt,0.1,10.0,200,200,200,9800,76192,76192,1000.0,100000.0,128x128,10,0,0.0001,0.0001,same_decoder_mapped_linear_mac_only,0.9,configurable_reference,,output_proj|r47c0|pos,output_proj,output_proj,pos,47,0,5969,6096,0,128,0.009999999776482582,0.8506712317466736,0.06834984196167335,1173.482323190146,50251.25684018647,31223.333821984874,2.511792110601268e-08,63.97937522154854,0.0011543162272983766,0.029402286406961645,2176,2176
per_vector,crossbar_core_read_only,"adc,dac,sense,digital_bias,layernorm,softmax,residual,encoder",checkpoints\caption_transformer_epoch_10.pt,checkpoints\caption_transformer_array-128x128_cmm_crosssim.pt,checkpoints\caption_transformer_crosssim_decoder.pt,0.1,10.0,200,200,200,9800,76192,76192,1000.0,100000.0,128x128,10,0,0.0001,0.0001,same_decoder_mapped_linear_mac_only,0.9,configurable_reference,,output_proj|r47c1|neg,output_proj,output_proj,neg,47,1,5969,6096,128,256,0.009999999776482582,0.6422349214553833,0.06556165441559027,1548.4368731476022,50251.25684018647,31294.961816855266,2.6638554189363087e-08,64.0757592763001,0.0012241982623788185,0.029446580549770267,2176,2176
per_vector,crossbar_core_read_only,"adc,dac,sense,digital_bias,layernorm,softmax,residual,encoder",checkpoints\caption_transformer_epoch_10.pt,checkpoints\caption_transformer_array-128x128_cmm_crosssim.pt,checkpoints\caption_transformer_crosssim_decoder.pt,0.1,10.0,200,200,200,9800,76192,76192,1000.0,100000.0,128x128,10,0,0.0001,0.0001,same_decoder_mapped_linear_mac_only,0.9,configurable_reference,,output_proj|r47c1|pos,output_proj,output_proj,pos,47,1,5969,6096,128,256,0.009999999776482582,0.7769983410835266,0.06996719033853105,1283.320852165447,50251.25684018647,31161.318976938364,2.8612618137177767e-08,68.33785785836652,0.0013149181129217746,0.031405265559911084,2176,2176
per_vector,crossbar_core_read_only,"adc,dac,sense,digital_bias,layernorm,softmax,residual,encoder",checkpoints\caption_transformer_epoch_10.pt,checkpoints\caption_transformer_array-128x128_cmm_crosssim.pt,checkpoints\caption_transformer_crosssim_decoder.pt,0.1,10.0,200,200,200,9800,76192,76192,1000.0,100000.0,128x128,10,0,0.0001,0.0001,same_decoder_mapped_linear_mac_only,0.9,configurable_reference,,output_proj|r48c0|neg,output_proj,output_proj,neg,48,0,6096,6223,0,128,0.009999999776482582,0.6466078758239746,0.06930485302428843,1538.1259973028493,50251.25684018647,31257.3609312352,2.999566401605198e-08,69.55305742280362,0.0013784772066200378,0.03196372124209725,2176,2176
per_vector,crossbar_core_read_only,"adc,dac,sense,digital_bias,layernorm,softmax,residual,encoder",checkpoints\caption_transformer_epoch_10.pt,checkpoints\caption_transformer_array-128x128_cmm_crosssim.pt,checkpoints\caption_transformer_crosssim_decoder.pt,0.1,10.0,200,200,200,9800,76192,76192,1000.0,100000.0,128x128,10,0,0.0001,0.0001,same_decoder_mapped_linear_mac_only,0.9,configurable_reference,,output_proj|r48c0|pos,output_proj,output_proj,pos,48,0,6096,6223,0,128,0.009999999776482582,0.7730092406272888,0.06967258171520313,1289.857985081421,50251.25684018647,31002.57553508932,2.5533068825976264e-08,65.05023830647991,0.0011733947070761129,0.02989441098643378,2176,2176
per_vector,crossbar_core_read_only,"adc,dac,sense,digital_bias,layernorm,softmax,residual,encoder",checkpoints\caption_transformer_epoch_10.pt,checkpoints\caption_transformer_array-128x128_cmm_crosssim.pt,checkpoints\caption_transformer_crosssim_decoder.pt,0.1,10.0,200,200,200,9800,76192,76192,1000.0,100000.0,128x128,10,0,0.0001,0.0001,same_decoder_mapped_linear_mac_only,0.9,configurable_reference,,output_proj|r48c1|neg,output_proj,output_proj,neg,48,1,6096,6223,128,256,0.009999999776482582,0.6749802827835083,0.0672932580451657,1474.4250362581117,50251.25684018647,30978.648276727297,2.738630299020556e-08,65.70170199857007,0.0012585617182998866,0.030193796874342864,2176,2176
per_vector,crossbar_core_read_only,"adc,dac,sense,digital_bias,layernorm,softmax,residual,encoder",checkpoints\caption_transformer_epoch_10.pt,checkpoints\caption_transformer_array-128x128_cmm_crosssim.pt,checkpoints\caption_transformer_crosssim_decoder.pt,0.1,10.0,200,200,200,9800,76192,76192,1000.0,100000.0,128x128,10,0,0.0001,0.0001,same_decoder_mapped_linear_mac_only,0.9,configurable_reference,,output_proj|r48c1|pos,output_proj,output_proj,pos,48,1,6096,6223,128,256,0.009999999776482582,0.7039930820465088,0.07040669690537098,1414.520889065613,50251.25684018647,31398.430618933096,2.8709988853967066e-08,68.65465964675685,0.0013193928701271671,0.03155085461707576,2176,2176
per_vector,crossbar_core_read_only,"adc,dac,sense,digital_bias,layernorm,softmax,residual,encoder",checkpoints\caption_transformer_epoch_10.pt,checkpoints\caption_transformer_array-128x128_cmm_crosssim.pt,checkpoints\caption_transformer_crosssim_decoder.pt,0.1,10.0,200,200,200,9800,76192,76192,1000.0,100000.0,128x128,10,0,0.0001,0.0001,same_decoder_mapped_linear_mac_only,0.9,configurable_reference,,output_proj|r49c0|neg,output_proj,output_proj,neg,49,0,6223,6350,0,128,0.009999999776482582,0.8031606078147888,0.07018445648047175,1242.036987666607,50251.25684018647,31089.75200198444,3.024037158602739e-08,70.23926576394724,0.0013897229589166942,0.032279074340049285,2176,2176
per_vector,crossbar_core_read_only,"adc,dac,sense,digital_bias,layernorm,softmax,residual,encoder",checkpoints\caption_transformer_epoch_10.pt,checkpoints\caption_transformer_array-128x128_cmm_crosssim.pt,checkpoints\caption_transformer_crosssim_decoder.pt,0.1,10.0,200,200,200,9800,76192,76192,1000.0,100000.0,128x128,10,0,0.0001,0.0001,same_decoder_mapped_linear_mac_only,0.9,configurable_reference,,output_proj|r49c0|pos,output_proj,output_proj,pos,49,0,6223,6350,0,128,0.009999999776482582,0.7643499970436096,0.07024607018483518,1304.2800652106137,50251.25684018647,31070.234834015693,2.5636604558652933e-08,65.42216350055341,0.0011781527830263317,0.03006533249106315,2176,2176
per_vector,crossbar_core_read_only,"adc,dac,sense,digital_bias,layernorm,softmax,residual,encoder",checkpoints\caption_transformer_epoch_10.pt,checkpoints\caption_transformer_array-128x128_cmm_crosssim.pt,checkpoints\caption_transformer_crosssim_decoder.pt,0.1,10.0,200,200,200,9800,76192,76192,1000.0,100000.0,128x128,10,0,0.0001,0.0001,same_decoder_mapped_linear_mac_only,0.9,configurable_reference,,output_proj|r49c1|neg,output_proj,output_proj,neg,49,1,6223,6350,128,256,0.009999999776482582,0.6513068079948425,0.06731414372349152,1527.1984734154203,50251.25684018647,31155.1882414541,2.7509559862665884e-08,65.84507482173333,0.0012642260966298693,0.030259685120281862,2176,2176
per_vector,crossbar_core_read_only,"adc,dac,sense,digital_bias,layernorm,softmax,residual,encoder",checkpoints\caption_transformer_epoch_10.pt,checkpoints\caption_transformer_array-128x128_cmm_crosssim.pt,checkpoints\caption_transformer_crosssim_decoder.pt,0.1,10.0,200,200,200,9800,76192,76192,1000.0,100000.0,128x128,10,0,0.0001,0.0001,same_decoder_mapped_linear_mac_only,0.9,configurable_reference,,output_proj|r49c1|pos,output_proj,output_proj,pos,49,1,6223,6350,128,256,0.009999999776482582,0.8848534822463989,0.07175685842459614,1128.6618691097678,50251.25684018647,31014.653107192753,2.9287489577256203e-08,69.90330249981845,0.0013459324254253724,0.032124679457637154,2176,2176
per_vector,crossbar_core_read_only,"adc,dac,sense,digital_bias,layernorm,softmax,residual,encoder",checkpoints\caption_transformer_epoch_10.pt,checkpoints\caption_transformer_array-128x128_cmm_crosssim.pt,checkpoints\caption_transformer_crosssim_decoder.pt,0.1,10.0,200,200,200,9800,76192,76192,1000.0,100000.0,128x128,10,0,0.0001,0.0001,same_decoder_mapped_linear_mac_only,0.9,configurable_reference,,output_proj|r4c0|neg,output_proj,output_proj,neg,4,0,508,635,0,128,0.009999999776482582,0.5614411234855652,0.04901921113969723,1767.3255403978076,50251.25684018647,32793.524708256686,2.108229783520724e-08,50.43686257806631,0.0009688555990444531,0.02317870522889077,2176,2176
per_vector,crossbar_core_read_only,"adc,dac,sense,digital_bias,layernorm,softmax,residual,encoder",checkpoints\caption_transformer_epoch_10.pt,checkpoints\caption_transformer_array-128x128_cmm_crosssim.pt,checkpoints\caption_transformer_crosssim_decoder.pt,0.1,10.0,200,200,200,9800,76192,76192,1000.0,100000.0,128x128,10,0,0.0001,0.0001,same_decoder_mapped_linear_mac_only,0.9,configurable_reference,,output_proj|r4c0|pos,output_proj,output_proj,pos,4,0,508,635,0,128,0.009999999776482582,0.6329591274261475,0.04898690386723652,1570.772235992239,50251.25684018647,32802.40284483146,1.9216995655809057e-08,48.47894988429285,0.000883133991535342,0.022278929174766936,2176,2176
per_vector,crossbar_core_read_only,"adc,dac,sense,digital_bias,layernorm,softmax,residual,encoder",checkpoints\caption_transformer_epoch_10.pt,checkpoints\caption_transformer_array-128x128_cmm_crosssim.pt,checkpoints\caption_transformer_crosssim_decoder.pt,0.1,10.0,200,200,200,9800,76192,76192,1000.0,100000.0,128x128,10,0,0.0001,0.0001,same_decoder_mapped_linear_mac_only,0.9,configurable_reference,,output_proj|r4c1|neg,output_proj,output_proj,neg,4,1,508,635,128,256,0.009999999776482582,0.6105720400810242,0.048287870869540984,1627.4284984739747,50251.25684018647,32995.56462923894,2.038223815518716e-08,49.23152889995331,0.0009366837387494087,0.022624783501816778,2176,2176
per_vector,crossbar_core_read_only,"adc,dac,sense,digital_bias,layernorm,softmax,residual,encoder",checkpoints\caption_transformer_epoch_10.pt,checkpoints\caption_transformer_array-128x128_cmm_crosssim.pt,checkpoints\caption_transformer_crosssim_decoder.pt,0.1,10.0,200,200,200,9800,76192,76192,1000.0,100000.0,128x128,10,0,0.0001,0.0001,same_decoder_mapped_linear_mac_only,0.9,configurable_reference,,output_proj|r4c1|pos,output_proj,output_proj,pos,4,1,508,635,128,256,0.009999999776482582,0.6710072755813599,0.04993789583512428,1483.0255795362082,50251.25684018647,32701.410371490747,2.098926971398885e-08,50.693720700929035,0.0009645804096502233,0.023296746645647536,2176,2176
per_vector,crossbar_core_read_only,"adc,dac,sense,digital_bias,layernorm,softmax,residual,encoder",checkpoints\caption_transformer_epoch_10.pt,checkpoints\caption_transformer_array-128x128_cmm_crosssim.pt,checkpoints\caption_transformer_crosssim_decoder.pt,0.1,10.0,200,200,200,9800,76192,76192,1000.0,100000.0,128x128,10,0,0.0001,0.0001,same_decoder_mapped_linear_mac_only,0.9,configurable_reference,,output_proj|r50c0|neg,output_proj,output_proj,neg,50,0,6350,6477,0,128,0.009999999776482582,0.7107080817222595,0.07097850208759435,1401.3433259366684,50251.25684018647,31293.67152709146,3.052975642246439e-08,70.92971858815041,0.001403021894414725,0.03259637802764265,2176,2176
per_vector,crossbar_core_read_only,"adc,dac,sense,digital_bias,layernorm,softmax,residual,encoder",checkpoints\caption_transformer_epoch_10.pt,checkpoints\caption_transformer_array-128x128_cmm_crosssim.pt,checkpoints\caption_transformer_crosssim_decoder.pt,0.1,10.0,200,200,200,9800,76192,76192,1000.0,100000.0,128x128,10,0,0.0001,0.0001,same_decoder_mapped_linear_mac_only,0.9,configurable_reference,,output_proj|r50c0|pos,output_proj,output_proj,pos,50,0,6350,6477,0,128,0.009999999776482582,0.7965818047523499,0.07167493505460691,1252.1662684541357,50251.25684018647,30866.91114397064,2.619819982461036e-08,66.71374599659705,0.0012039613889986377,0.030658890623436148,2176,2176
per_vector,crossbar_core_read_only,"adc,dac,sense,digital_bias,layernorm,softmax,residual,encoder",checkpoints\caption_transformer_epoch_10.pt,checkpoints\caption_transformer_array-128x128_cmm_crosssim.pt,checkpoints\caption_transformer_crosssim_decoder.pt,0.1,10.0,200,200,200,9800,76192,76192,1000.0,100000.0,128x128,10,0,0.0001,0.0001,same_decoder_mapped_linear_mac_only,0.9,configurable_reference,,output_proj|r50c1|neg,output_proj,output_proj,neg,50,1,6350,6477,128,256,0.009999999776482582,0.612316370010376,0.06784669164593164,1622.8676164541632,50251.25684018647,31039.344924726935,2.7545865389664816e-08,66.13106711821736,0.001265894549157393,0.030391115403592538,2176,2176
per_vector,crossbar_core_read_only,"adc,dac,sense,digital_bias,layernorm,softmax,residual,encoder",checkpoints\caption_transformer_epoch_10.pt,checkpoints\caption_transformer_array-128x128_cmm_crosssim.pt,checkpoints\caption_transformer_crosssim_decoder.pt,0.1,10.0,200,200,200,9800,76192,76192,1000.0,100000.0,128x128,10,0,0.0001,0.0001,same_decoder_mapped_linear_mac_only,0.9,configurable_reference,,output_proj|r50c1|pos,output_proj,output_proj,pos,50,1,6350,6477,128,256,0.009999999776482582,0.7192691564559937,0.07271191556602268,1384.8948811125604,50251.25684018647,31020.765887085392,2.9586084747770706e-08,70.66122078939175,0.0013596546299526968,0.03247298749512489,2176,2176
per_vector,crossbar_core_read_only,"adc,dac,sense,digital_bias,layernorm,softmax,residual,encoder",checkpoints\caption_transformer_epoch_10.pt,checkpoints\caption_transformer_array-128x128_cmm_crosssim.pt,checkpoints\caption_transformer_crosssim_decoder.pt,0.1,10.0,200,200,200,9800,76192,76192,1000.0,100000.0,128x128,10,0,0.0001,0.0001,same_decoder_mapped_linear_mac_only,0.9,configurable_reference,,output_proj|r51c0|neg,output_proj,output_proj,neg,51,0,6477,6604,0,128,0.009999999776482582,0.6914443969726562,0.07055891673108122,1439.8227112830966,50251.25684018647,31356.87302478189,3.0444263293642036e-08,70.65934698965411,0.0013990929822445773,0.032472126373921925,2176,2176
per_vector,crossbar_core_read_only,"adc,dac,sense,digital_bias,layernorm,softmax,residual,encoder",checkpoints\caption_transformer_epoch_10.pt,checkpoints\caption_transformer_array-128x128_cmm_crosssim.pt,checkpoints\caption_transformer_crosssim_decoder.pt,0.1,10.0,200,200,200,9800,76192,76192,1000.0,100000.0,128x128,10,0,0.0001,0.0001,same_decoder_mapped_linear_mac_only,0.9,configurable_reference,,output_proj|r51c0|pos,output_proj,output_proj,pos,51,0,6477,6604,0,128,0.009999999776482582,0.6963993310928345,0.07175671158311017,1429.724730768199,50251.25684018647,30752.147012388054,2.6121238882495327e-08,66.650627344081,0.001200424580997026,0.03062988388974311,2176,2176
per_vector,crossbar_core_read_only,"adc,dac,sense,digital_bias,layernorm,softmax,residual,encoder",checkpoints\caption_transformer_epoch_10.pt,checkpoints\caption_transformer_array-128x128_cmm_crosssim.pt,checkpoints\caption_transformer_crosssim_decoder.pt,0.1,10.0,200,200,200,9800,76192,76192,1000.0,100000.0,128x128,10,0,0.0001,0.0001,same_decoder_mapped_linear_mac_only,0.9,configurable_reference,,output_proj|r51c1|neg,output_proj,output_proj,neg,51,1,6477,6604,128,256,0.009999999776482582,0.654440701007843,0.06883978776876196,1519.9964023560797,50251.25684018647,30784.409314167355,2.8018084490719174e-08,67.1123802364491,0.0012875957946102568,0.030842086505721095,2176,2176
per_vector,crossbar_core_read_only,"adc,dac,sense,digital_bias,layernorm,softmax,residual,encoder",checkpoints\caption_transformer_epoch_10.pt,checkpoints\caption_transformer_array-128x128_cmm_crosssim.pt,checkpoints\caption_transformer_crosssim_decoder.pt,0.1,10.0,200,200,200,9800,76192,76192,1000.0,100000.0,128x128,10,0,0.0001,0.0001,same_decoder_mapped_linear_mac_only,0.9,configurable_reference,,output_proj|r51c1|pos,output_proj,output_proj,pos,51,1,6477,6604,128,256,0.009999999776482582,0.7593479752540588,0.07159922795303077,1312.7589084218366,50251.25684018647,31377.17755660391,2.9102869678504126e-08,69.64781050908486,0.0013374480550783173,0.03200726585895444,2176,2176
per_vector,crossbar_core_read_only,"adc,dac,sense,digital_bias,layernorm,softmax,residual,encoder",checkpoints\caption_transformer_epoch_10.pt,checkpoints\caption_transformer_array-128x128_cmm_crosssim.pt,checkpoints\caption_transformer_crosssim_decoder.pt,0.1,10.0,200,200,200,9800,76192,76192,1000.0,100000.0,128x128,10,0,0.0001,0.0001,same_decoder_mapped_linear_mac_only,0.9,configurable_reference,,output_proj|r52c0|neg,output_proj,output_proj,neg,52,0,6604,6731,0,128,0.009999999776482582,0.7299802899360657,0.07285164092241385,1364.8514157166344,50251.25684018647,31185.88097583402,3.144019382985188e-08,72.77988954752874,0.0014448618487983402,0.03344664041706284,2176,2176
per_vector,crossbar_core_read_only,"adc,dac,sense,digital_bias,layernorm,softmax,residual,encoder",checkpoints\caption_transformer_epoch_10.pt,checkpoints\caption_transformer_array-128x128_cmm_crosssim.pt,checkpoints\caption_transformer_crosssim_decoder.pt,0.1,10.0,200,200,200,9800,76192,76192,1000.0,100000.0,128x128,10,0,0.0001,0.0001,same_decoder_mapped_linear_mac_only,0.9,configurable_reference,,output_proj|r52c0|pos,output_proj,output_proj,pos,52,0,6604,6731,0,128,0.009999999776482582,0.7852344512939453,0.07360989756423404,1270.0314007492798,50251.25684018647,30703.41965276167,2.6774683435270645e-08,68.22377861965543,0.001230454201988543,0.03135283943917989,2176,2176
per_vector,crossbar_core_read_only,"adc,dac,sense,digital_bias,layernorm,softmax,residual,encoder",checkpoints\caption_transformer_epoch_10.pt,checkpoints\caption_transformer_array-128x128_cmm_crosssim.pt,checkpoints\caption_transformer_crosssim_decoder.pt,0.1,10.0,200,200,200,9800,76192,76192,1000.0,100000.0,128x128,10,0,0.0001,0.0001,same_decoder_mapped_linear_mac_only,0.9,configurable_reference,,output_proj|r52c1|neg,output_proj,output_proj,neg,52,1,6604,6731,128,256,0.009999999776482582,0.6010369658470154,0.06888045330320376,1652.819902959057,50251.25684018647,30868.951056666734,2.7957105310591534e-08,67.05899166659609,0.001284793442582327,0.030817551317369525,2176,2176
per_vector,crossbar_core_read_only,"adc,dac,sense,digital_bias,layernorm,softmax,residual,encoder",checkpoints\caption_transformer_epoch_10.pt,checkpoints\caption_transformer_array-128x128_cmm_crosssim.pt,checkpoints\caption_transformer_crosssim_decoder.pt,0.1,10.0,200,200,200,9800,76192,76192,1000.0,100000.0,128x128,10,0,0.0001,0.0001,same_decoder_mapped_linear_mac_only,0.9,configurable_reference,,output_proj|r52c1|pos,output_proj,output_proj,pos,52,1,6604,6731,128,256,0.009999999776482582,0.7252873182296753,0.07334040143217949,1373.561384083857,50251.25684018647,31159.969189190077,2.992459185653156e-08,71.35434727279787,0.0013752110228185514,0.03279151988639608,2176,2176
per_vector,crossbar_core_read_only,"adc,dac,sense,digital_bias,layernorm,softmax,residual,encoder",checkpoints\caption_transformer_epoch_10.pt,checkpoints\caption_transformer_array-128x128_cmm_crosssim.pt,checkpoints\caption_transformer_crosssim_decoder.pt,0.1,10.0,200,200,200,9800,76192,76192,1000.0,100000.0,128x128,10,0,0.0001,0.0001,same_decoder_mapped_linear_mac_only,0.9,configurable_reference,,output_proj|r53c0|neg,output_proj,output_proj,neg,53,0,6731,6858,0,128,0.009999999776482582,0.6817838549613953,0.06986766059313008,1459.9264431227339,50251.25684018647,31168.494365063016,3.013626287734064e-08,69.98548572245811,0.0013849385513483772,0.03216244748274729,2176,2176
per_vector,crossbar_core_read_only,"adc,dac,sense,digital_bias,layernorm,softmax,residual,encoder",checkpoints\caption_transformer_epoch_10.pt,checkpoints\caption_transformer_array-128x128_cmm_crosssim.pt,checkpoints\caption_transformer_crosssim_decoder.pt,0.1,10.0,200,200,200,9800,76192,76192,1000.0,100000.0,128x128,10,0,0.0001,0.0001,same_decoder_mapped_linear_mac_only,0.9,configurable_reference,,output_proj|r53c0|pos,output_proj,output_proj,pos,53,0,6731,6858,0,128,0.009999999776482582,0.6806694269180298,0.07022655543104211,1462.2817595669173,50251.25684018647,31051.24114247276,2.5707913562671784e-08,65.49280253132567,0.0011814298512257233,0.030097795280940105,2176,2176
per_vector,crossbar_core_read_only,"adc,dac,sense,digital_bias,layernorm,softmax,residual,encoder",checkpoints\caption_transformer_epoch_10.pt,checkpoints\caption_transformer_array-128x128_cmm_crosssim.pt,checkpoints\caption_transformer_crosssim_decoder.pt,0.1,10.0,200,200,200,9800,76192,76192,1000.0,100000.0,128x128,10,0,0.0001,0.0001,same_decoder_mapped_linear_mac_only,0.9,configurable_reference,,output_proj|r53c1|neg,output_proj,output_proj,neg,53,1,6731,6858,128,256,0.009999999776482582,0.6949383020401001,0.06706907382916923,1432.6875008337738,50251.25684018647,30978.361829008107,2.7408149138998594e-08,65.61509543705259,0.0012595656773436842,0.030153996064821963,2176,2176
per_vector,crossbar_core_read_only,"adc,dac,sense,digital_bias,layernorm,softmax,residual,encoder",checkpoints\caption_transformer_epoch_10.pt,checkpoints\caption_transformer_array-128x128_cmm_crosssim.pt,checkpoints\caption_transformer_crosssim_decoder.pt,0.1,10.0,200,200,200,9800,76192,76192,1000.0,100000.0,128x128,10,0,0.0001,0.0001,same_decoder_mapped_linear_mac_only,0.9,configurable_reference,,output_proj|r53c1|pos,output_proj,output_proj,pos,53,1,6731,6858,128,256,0.009999999776482582,0.7980607151985168,0.07149287226879612,1249.8748437098266,50251.25684018647,31282.90806731449,2.910005732840898e-08,69.57151904589804,0.0013373188110482055,0.031972205443886965,2176,2176
per_vector,crossbar_core_read_only,"adc,dac,sense,digital_bias,layernorm,softmax,residual,encoder",checkpoints\caption_transformer_epoch_10.pt,checkpoints\caption_transformer_array-128x128_cmm_crosssim.pt,checkpoints\caption_transformer_crosssim_decoder.pt,0.1,10.0,200,200,200,9800,76192,76192,1000.0,100000.0,128x128,10,0,0.0001,0.0001,same_decoder_mapped_linear_mac_only,0.9,configurable_reference,,output_proj|r54c0|neg,output_proj,output_proj,neg,54,0,6858,6985,0,128,0.009999999776482582,0.6952877044677734,0.07088300387531346,1431.977843193171,50251.25684018647,31156.902730092712,3.039300572237545e-08,70.74438051246375,0.001396737395329753,0.03251120427962489,2176,2176
per_vector,crossbar_core_read_only,"adc,dac,sense,digital_bias,layernorm,softmax,residual,encoder",checkpoints\caption_transformer_epoch_10.pt,checkpoints\caption_transformer_array-128x128_cmm_crosssim.pt,checkpoints\caption_transformer_crosssim_decoder.pt,0.1,10.0,200,200,200,9800,76192,76192,1000.0,100000.0,128x128,10,0,0.0001,0.0001,same_decoder_mapped_linear_mac_only,0.9,configurable_reference,,output_proj|r54c0|pos,output_proj,output_proj,pos,54,0,6858,6985,0,128,0.009999999776482582,0.7318898439407349,0.07065379366160171,1361.338896023887,50251.25684018647,31019.580689931034,2.58324189708833e-08,65.82136605876111,0.0011871516071177987,0.030248789549063012,2176,2176
per_vector,crossbar_core_read_only,"adc,dac,sense,digital_bias,layernorm,softmax,residual,encoder",checkpoints\caption_transformer_epoch_10.pt,checkpoints\caption_transformer_array-128x128_cmm_crosssim.pt,checkpoints\caption_transformer_crosssim_decoder.pt,0.1,10.0,200,200,200,9800,76192,76192,1000.0,100000.0,128x128,10,0,0.0001,0.0001,same_decoder_mapped_linear_mac_only,0.9,configurable_reference,,output_proj|r54c1|neg,output_proj,output_proj,neg,54,1,6858,6985,128,256,0.009999999776482582,0.6217731833457947,0.06750537289539581,1598.5793067303782,50251.25684018647,30993.24198172655,2.737760265068092e-08,65.7912922580833,0.001258161886520262,0.03023496886860446,2176,2176
per_vector,crossbar_core_read_only,"adc,dac,sense,digital_bias,layernorm,softmax,residual,encoder",checkpoints\caption_transformer_epoch_10.pt,checkpoints\caption_transformer_array-128x128_cmm_crosssim.pt,checkpoints\caption_transformer_crosssim_decoder.pt,0.1,10.0,200,200,200,9800,76192,76192,1000.0,100000.0,128x128,10,0,0.0001,0.0001,same_decoder_mapped_linear_mac_only,0.9,configurable_reference,,output_proj|r54c1|pos,output_proj,output_proj,pos,54,1,6858,6985,128,256,0.009999999776482582,0.7562189698219299,0.07216707453994249,1318.1191102476334,50251.25684018647,31222.36836016714,2.9298827660334082e-08,70.1087972094383,0.0013464534770374125,0.03221911636463157,2176,2176
per_vector,crossbar_core_read_only,"adc,dac,sense,digital_bias,layernorm,softmax,residual,encoder",checkpoints\caption_transformer_epoch_10.pt,checkpoints\caption_transformer_array-128x128_cmm_crosssim.pt,checkpoints\caption_transformer_crosssim_decoder.pt,0.1,10.0,200,200,200,9800,76192,76192,1000.0,100000.0,128x128,10,0,0.0001,0.0001,same_decoder_mapped_linear_mac_only,0.9,configurable_reference,,output_proj|r55c0|neg,output_proj,output_proj,neg,55,0,6985,7112,0,128,0.009999999776482582,0.6875099539756775,0.07214171885012963,1447.9431403976196,50251.25684018647,31091.363986983066,3.09722419127764e-08,71.96717698975826,0.00142335670555039,0.033073151190146255,2176,2176
per_vector,crossbar_core_read_only,"adc,dac,sense,digital_bias,layernorm,softmax,residual,encoder",checkpoints\caption_transformer_epoch_10.pt,checkpoints\caption_transformer_array-128x128_cmm_crosssim.pt,checkpoints\caption_transformer_crosssim_decoder.pt,0.1,10.0,200,200,200,9800,76192,76192,1000.0,100000.0,128x128,10,0,0.0001,0.0001,same_decoder_mapped_linear_mac_only,0.9,configurable_reference,,output_proj|r55c0|pos,output_proj,output_proj,pos,55,0,6985,7112,0,128,0.009999999776482582,0.6677565574645996,0.0731196100927278,1490.137542800601,50251.25684018647,30755.751938216734,2.6666185495770126e-08,67.90645990410488,0.0012254680834453177,0.031207012823577608,2176,2176
per_vector,crossbar_core_read_only,"adc,dac,sense,digital_bias,layernorm,softmax,residual,encoder",checkpoints\caption_transformer_epoch_10.pt,checkpoints\caption_transformer_array-128x128_cmm_crosssim.pt,checkpoints\caption_transformer_crosssim_decoder.pt,0.1,10.0,200,200,200,9800,76192,76192,1000.0,100000.0,128x128,10,0,0.0001,0.0001,same_decoder_mapped_linear_mac_only,0.9,configurable_reference,,output_proj|r55c1|neg,output_proj,output_proj,neg,55,1,6985,7112,128,256,0.009999999776482582,0.6216484308242798,0.068946172587134,1598.894980613784,50251.25684018647,30930.03095612957,2.7940712608820723e-08,67.07691021903904,0.0012840401015083067,0.030825785946249556,2176,2176
per_vector,crossbar_core_read_only,"adc,dac,sense,digital_bias,layernorm,softmax,residual,encoder",checkpoints\caption_transformer_epoch_10.pt,checkpoints\caption_transformer_array-128x128_cmm_crosssim.pt,checkpoints\caption_transformer_crosssim_decoder.pt,0.1,10.0,200,200,200,9800,76192,76192,1000.0,100000.0,128x128,10,0,0.0001,0.0001,same_decoder_mapped_linear_mac_only,0.9,configurable_reference,,output_proj|r55c1|pos,output_proj,output_proj,pos,55,1,6985,7112,128,256,0.009999999776482582,0.7386311292648315,0.07304379013016377,1349.0819439867264,50251.25684018647,31175.130872188704,2.9782265467541673e-08,71.02804651655731,0.001368670288030409,0.03264156549474141,2176,2176
per_vector,crossbar_core_read_only,"adc,dac,sense,digital_bias,layernorm,softmax,residual,encoder",checkpoints\caption_transformer_epoch_10.pt,checkpoints\caption_transformer_array-128x128_cmm_crosssim.pt,checkpoints\caption_transformer_crosssim_decoder.pt,0.1,10.0,200,200,200,9800,76192,76192,1000.0,100000.0,128x128,10,0,0.0001,0.0001,same_decoder_mapped_linear_mac_only,0.9,configurable_reference,,output_proj|r56c0|neg,output_proj,output_proj,neg,56,0,7112,7239,0,128,0.009999999776482582,0.6901096105575562,0.07213254089365936,1442.5673937235968,50251.25684018647,31157.86712834655,3.091930396097729e-08,71.91657595499849,0.0014209238952655014,0.03304989703814269,2176,2176
per_vector,crossbar_core_read_only,"adc,dac,sense,digital_bias,layernorm,softmax,residual,encoder",checkpoints\caption_transformer_epoch_10.pt,checkpoints\caption_transformer_array-128x128_cmm_crosssim.pt,checkpoints\caption_transformer_crosssim_decoder.pt,0.1,10.0,200,200,200,9800,76192,76192,1000.0,100000.0,128x128,10,0,0.0001,0.0001,same_decoder_mapped_linear_mac_only,0.9,configurable_reference,,output_proj|r56c0|pos,output_proj,output_proj,pos,56,0,7112,7239,0,128,0.009999999776482582,0.7344918847084045,0.07339283813156168,1356.5815859142124,50251.25684018647,30629.37843917435,2.6647204211222567e-08,67.99731554760783,0.001224595781765743,0.031248766336216833,2176,2176
per_vector,crossbar_core_read_only,"adc,dac,sense,digital_bias,layernorm,softmax,residual,encoder",checkpoints\caption_transformer_epoch_10.pt,checkpoints\caption_transformer_array-128x128_cmm_crosssim.pt,checkpoints\caption_transformer_crosssim_decoder.pt,0.1,10.0,200,200,200,9800,76192,76192,1000.0,100000.0,128x128,10,0,0.0001,0.0001,same_decoder_mapped_linear_mac_only,0.9,configurable_reference,,output_proj|r56c1|neg,output_proj,output_proj,neg,56,1,7112,7239,128,256,0.009999999776482582,0.6811234354972839,0.0693499719614977,1461.321306752556,50251.25684018647,30867.08650684675,2.8037890587203494e-08,67.36578031438502,0.0012885060012501589,0.030958538747419585,2176,2176
per_vector,crossbar_core_read_only,"adc,dac,sense,digital_bias,layernorm,softmax,residual,encoder",checkpoints\caption_transformer_epoch_10.pt,checkpoints\caption_transformer_array-128x128_cmm_crosssim.pt,checkpoints\caption_transformer_crosssim_decoder.pt,0.1,10.0,200,200,200,9800,76192,76192,1000.0,100000.0,128x128,10,0,0.0001,0.0001,same_decoder_mapped_linear_mac_only,0.9,configurable_reference,,output_proj|r56c1|pos,output_proj,output_proj,pos,56,1,7112,7239,128,256,0.009999999776482582,0.6915326714515686,0.07443029625917873,1439.64156319556,50251.25684018647,31027.79862632481,3.022509361857984e-08,72.1683240514129,0.001389020846442087,0.03316559009715666,2176,2176
per_vector,crossbar_core_read_only,"adc,dac,sense,digital_bias,layernorm,softmax,residual,encoder",checkpoints\caption_transformer_epoch_10.pt,checkpoints\caption_transformer_array-128x128_cmm_crosssim.pt,checkpoints\caption_transformer_crosssim_decoder.pt,0.1,10.0,200,200,200,9800,76192,76192,1000.0,100000.0,128x128,10,0,0.0001,0.0001,same_decoder_mapped_linear_mac_only,0.9,configurable_reference,,output_proj|r57c0|neg,output_proj,output_proj,neg,57,0,7239,7366,0,128,0.009999999776482582,0.6504362225532532,0.07297564861365809,1529.2113149202514,50251.25684018647,31213.00107104351,3.1364438927355873e-08,72.76229647101962,0.0014413804654115746,0.03343855536352005,2176,2176
per_vector,crossbar_core_read_only,"adc,dac,sense,digital_bias,layernorm,softmax,residual,encoder",checkpoints\caption_transformer_epoch_10.pt,checkpoints\caption_transformer_array-128x128_cmm_crosssim.pt,checkpoints\caption_transformer_crosssim_decoder.pt,0.1,10.0,200,200,200,9800,76192,76192,1000.0,100000.0,128x128,10,0,0.0001,0.0001,same_decoder_mapped_linear_mac_only,0.9,configurable_reference,,output_proj|r57c0|pos,output_proj,output_proj,pos,57,0,7239,7366,0,128,0.009999999776482582,0.7182700037956238,0.07450088008606438,1386.7946291508488,50251.25684018647,30623.85824762065,2.7032041084159334e-08,68.94682217866351,0.0012422812998234948,0.031685120486518156,2176,2176
per_vector,crossbar_core_read_only,"adc,dac,sense,digital_bias,layernorm,softmax,residual,encoder",checkpoints\caption_transformer_epoch_10.pt,checkpoints\caption_transformer_array-128x128_cmm_crosssim.pt,checkpoints\caption_transformer_crosssim_decoder.pt,0.1,10.0,200,200,200,9800,76192,76192,1000.0,100000.0,128x128,10,0,0.0001,0.0001,same_decoder_mapped_linear_mac_only,0.9,configurable_reference,,output_proj|r57c1|neg,output_proj,output_proj,neg,57,1,7239,7366,128,256,0.009999999776482582,0.6175989508628845,0.07038973882752214,1609.2099297726597,50251.25684018647,30856.376987003867,2.8403194880293213e-08,68.2437914639482,0.0013052938823664162,0.031362036518358546,2176,2176
per_vector,crossbar_core_read_only,"adc,dac,sense,digital_bias,layernorm,softmax,residual,encoder",checkpoints\caption_transformer_epoch_10.pt,checkpoints\caption_transformer_array-128x128_cmm_crosssim.pt,checkpoints\caption_transformer_crosssim_decoder.pt,0.1,10.0,200,200,200,9800,76192,76192,1000.0,100000.0,128x128,10,0,0.0001,0.0001,same_decoder_mapped_linear_mac_only,0.9,configurable_reference,,output_proj|r57c1|pos,output_proj,output_proj,pos,57,1,7239,7366,128,256,0.009999999776482582,0.7538902759552002,0.07531616495326152,1322.136820846792,50251.25684018647,30924.625517391465,3.0430328614849094e-08,72.79767047632483,0.0013984526017853454,0.03345481179978163,2176,2176
per_vector,crossbar_core_read_only,"adc,dac,sense,digital_bias,layernorm,softmax,residual,encoder",checkpoints\caption_transformer_epoch_10.pt,checkpoints\caption_transformer_array-128x128_cmm_crosssim.pt,checkpoints\caption_transformer_crosssim_decoder.pt,0.1,10.0,200,200,200,9800,76192,76192,1000.0,100000.0,128x128,10,0,0.0001,0.0001,same_decoder_mapped_linear_mac_only,0.9,configurable_reference,,output_proj|r58c0|neg,output_proj,output_proj,neg,58,0,7366,7493,0,128,0.009999999776482582,0.670163631439209,0.0728822950082744,1484.8647841140073,50251.25684018647,31151.6082185349,3.142898724932369e-08,72.79163611983981,0.001444346840502008,0.03345203865801462,2176,2176
per_vector,crossbar_core_read_only,"adc,dac,sense,digital_bias,layernorm,softmax,residual,encoder",checkpoints\caption_transformer_epoch_10.pt,checkpoints\caption_transformer_array-128x128_cmm_crosssim.pt,checkpoints\caption_transformer_crosssim_decoder.pt,0.1,10.0,200,200,200,9800,76192,76192,1000.0,100000.0,128x128,10,0,0.0001,0.0001,same_decoder_mapped_linear_mac_only,0.9,configurable_reference,,output_proj|r58c0|pos,output_proj,output_proj,pos,58,0,7366,7493,0,128,0.009999999776482582,0.9086732864379883,0.07439764510909155,1099.400596975816,50251.25684018647,30710.306239906105,2.7073392105216242e-08,68.94208979270827,0.0012441816224823665,0.03168294567679608,2176,2176
per_vector,crossbar_core_read_only,"adc,dac,sense,digital_bias,layernorm,softmax,residual,encoder",checkpoints\caption_transformer_epoch_10.pt,checkpoints\caption_transformer_array-128x128_cmm_crosssim.pt,checkpoints\caption_transformer_crosssim_decoder.pt,0.1,10.0,200,200,200,9800,76192,76192,1000.0,100000.0,128x128,10,0,0.0001,0.0001,same_decoder_mapped_linear_mac_only,0.9,configurable_reference,,output_proj|r58c1|neg,output_proj,output_proj,neg,58,1,7366,7493,128,256,0.009999999776482582,0.7432012557983398,0.07046223433664679,1340.897347355081,50251.25684018647,30661.23240971159,2.8708735731564017e-08,68.60453006368354,0.0013193352817814329,0.03152781712485457,2176,2176
per_vector,crossbar_core_read_only,"adc,dac,sense,digital_bias,layernorm,softmax,residual,encoder",checkpoints\caption_transformer_epoch_10.pt,checkpoints\caption_transformer_array-128x128_cmm_crosssim.pt,checkpoints\caption_transformer_crosssim_decoder.pt,0.1,10.0,200,200,200,9800,76192,76192,1000.0,100000.0,128x128,10,0,0.0001,0.0001,same_decoder_mapped_linear_mac_only,0.9,configurable_reference,,output_proj|r58c1|pos,output_proj,output_proj,pos,58,1,7366,7493,128,256,0.009999999776482582,0.797431230545044,0.07431658410788496,1250.8491416923414,50251.25684018647,31201.610551529284,3.028485150920771e-08,72.15581263579817,0.0013917670730334425,0.03315984036571607,2176,2176
per_vector,crossbar_core_read_only,"adc,dac,sense,digital_bias,layernorm,softmax,residual,encoder",checkpoints\caption_transformer_epoch_10.pt,checkpoints\caption_transformer_array-128x128_cmm_crosssim.pt,checkpoints\caption_transformer_crosssim_decoder.pt,0.1,10.0,200,200,200,9800,76192,76192,1000.0,100000.0,128x128,10,0,0.0001,0.0001,same_decoder_mapped_linear_mac_only,0.9,configurable_reference,,output_proj|r59c0|neg,output_proj,output_proj,neg,59,0,7493,7620,0,128,0.009999999776482582,0.7129261493682861,0.07466392555118467,1397.044352860032,50251.25684018647,30792.490166568667,3.209457847357143e-08,74.34442422433257,0.0014749346724986885,0.034165636132505776,2176,2176
per_vector,crossbar_core_read_only,"adc,dac,sense,digital_bias,layernorm,softmax,residual,encoder",checkpoints\caption_transformer_epoch_10.pt,checkpoints\caption_transformer_array-128x128_cmm_crosssim.pt,checkpoints\caption_transformer_crosssim_decoder.pt,0.1,10.0,200,200,200,9800,76192,76192,1000.0,100000.0,128x128,10,0,0.0001,0.0001,same_decoder_mapped_linear_mac_only,0.9,configurable_reference,,output_proj|r59c0|pos,output_proj,output_proj,pos,59,0,7493,7620,0,128,0.009999999776482582,0.7168031334877014,0.07481082524962432,1389.5931382563886,50251.25684018647,30868.57093037572,2.7224092906416514e-08,69.29183187502147,0.0012511072107728152,0.03184367273668266,2176,2176
per_vector,crossbar_core_read_only,"adc,dac,sense,digital_bias,layernorm,softmax,residual,encoder",checkpoints\caption_transformer_epoch_10.pt,checkpoints\caption_transformer_array-128x128_cmm_crosssim.pt,checkpoints\caption_transformer_crosssim_decoder.pt,0.1,10.0,200,200,200,9800,76192,76192,1000.0,100000.0,128x128,10,0,0.0001,0.0001,same_decoder_mapped_linear_mac_only,0.9,configurable_reference,,output_proj|r59c1|neg,output_proj,output_proj,neg,59,1,7493,7620,128,256,0.009999999776482582,0.5811642408370972,0.0711373739910686,1708.3720183088283,50251.25684018647,30614.82369107514,2.8710856101972376e-08,68.95234741144832,0.001319432725274467,0.031687659655996465,2176,2176
per_vector,crossbar_core_read_only,"adc,dac,sense,digital_bias,layernorm,softmax,residual,encoder",checkpoints\caption_transformer_epoch_10.pt,checkpoints\caption_transformer_array-128x128_cmm_crosssim.pt,checkpoints\caption_transformer_crosssim_decoder.pt,0.1,10.0,200,200,200,9800,76192,76192,1000.0,100000.0,128x128,10,0,0.0001,0.0001,same_decoder_mapped_linear_mac_only,0.9,configurable_reference,,output_proj|r59c1|pos,output_proj,output_proj,pos,59,1,7493,7620,128,256,0.009999999776482582,0.7300398945808411,0.07531294860594308,1364.7415022078817,50251.25684018647,31145.18394324658,3.058265448158522e-08,72.95493440016448,0.001405452871396378,0.033527083823604996,2176,2176
per_vector,crossbar_core_read_only,"adc,dac,sense,digital_bias,layernorm,softmax,residual,encoder",checkpoints\caption_transformer_epoch_10.pt,checkpoints\caption_transformer_array-128x128_cmm_crosssim.pt,checkpoints\caption_transformer_crosssim_decoder.pt,0.1,10.0,200,200,200,9800,76192,76192,1000.0,100000.0,128x128,10,0,0.0001,0.0001,same_decoder_mapped_linear_mac_only,0.9,configurable_reference,,output_proj|r5c0|neg,output_proj,output_proj,neg,5,0,635,762,0,128,0.009999999776482582,0.6608001589775085,0.05259481723096972,1505.5883886569786,50251.25684018647,32420.593958311987,2.275314337785888e-08,53.89866656620383,0.0010456407802324882,0.02476960779696867,2176,2176
per_vector,crossbar_core_read_only,"adc,dac,sense,digital_bias,layernorm,softmax,residual,encoder",checkpoints\caption_transformer_epoch_10.pt,checkpoints\caption_transformer_array-128x128_cmm_crosssim.pt,checkpoints\caption_transformer_crosssim_decoder.pt,0.1,10.0,200,200,200,9800,76192,76192,1000.0,100000.0,128x128,10,0,0.0001,0.0001,same_decoder_mapped_linear_mac_only,0.9,configurable_reference,,output_proj|r5c0|pos,output_proj,output_proj,pos,5,0,635,762,0,128,0.009999999776482582,0.685186505317688,0.052138651545697134,1452.7817452507156,50251.25684018647,32664.84738917856,2.011373698095418e-08,50.93132026515955,0.000924344530374732,0.023405937621856412,2176,2176
per_vector,crossbar_core_read_only,"adc,dac,sense,digital_bias,layernorm,softmax,residual,encoder",checkpoints\caption_transformer_epoch_10.pt,checkpoints\caption_transformer_array-128x128_cmm_crosssim.pt,checkpoints\caption_transformer_crosssim_decoder.pt,0.1,10.0,200,200,200,9800,76192,76192,1000.0,100000.0,128x128,10,0,0.0001,0.0001,same_decoder_mapped_linear_mac_only,0.9,configurable_reference,,output_proj|r5c1|neg,output_proj,output_proj,neg,5,1,635,762,128,256,0.009999999776482582,0.5035263299942017,0.05132556193465583,1966.6028874431927,50251.25684018647,32578.58227108634,2.1575531979561043e-08,51.939732275132506,0.000991522609354828,0.023869362258792513,2176,2176
per_vector,crossbar_core_read_only,"adc,dac,sense,digital_bias,layernorm,softmax,residual,encoder",checkpoints\caption_transformer_epoch_10.pt,checkpoints\caption_transformer_array-128x128_cmm_crosssim.pt,checkpoints\caption_transformer_crosssim_decoder.pt,0.1,10.0,200,200,200,9800,76192,76192,1000.0,100000.0,128x128,10,0,0.0001,0.0001,same_decoder_mapped_linear_mac_only,0.9,configurable_reference,,output_proj|r5c1|pos,output_proj,output_proj,pos,5,1,635,762,128,256,0.009999999776482582,0.5494210720062256,0.0528276540117506,1805.2924851452392,50251.25684018647,32478.829226450078,2.214749722512564e-08,53.30768527838021,0.0010178077768899642,0.024498017131608554,2176,2176
per_vector,crossbar_core_read_only,"adc,dac,sense,digital_bias,layernorm,softmax,residual,encoder",checkpoints\caption_transformer_epoch_10.pt,checkpoints\caption_transformer_array-128x128_cmm_crosssim.pt,checkpoints\caption_transformer_crosssim_decoder.pt,0.1,10.0,200,200,200,9800,76192,76192,1000.0,100000.0,128x128,10,0,0.0001,0.0001,same_decoder_mapped_linear_mac_only,0.9,configurable_reference,,output_proj|r60c0|neg,output_proj,output_proj,neg,60,0,7620,7747,0,128,0.009999999776482582,0.6678208112716675,0.0756074320990134,1489.9963067359677,50251.25684018647,30891.33001894119,3.2246240381365864e-08,74.96258264055234,0.0014819044292907022,0.03444971628701854,2176,2176
per_vector,crossbar_core_read_only,"adc,dac,sense,digital_bias,layernorm,softmax,residual,encoder",checkpoints\caption_transformer_epoch_10.pt,checkpoints\caption_transformer_array-128x128_cmm_crosssim.pt,checkpoints\caption_transformer_crosssim_decoder.pt,0.1,10.0,200,200,200,9800,76192,76192,1000.0,100000.0,128x128,10,0,0.0001,0.0001,same_decoder_mapped_linear_mac_only,0.9,configurable_reference,,output_proj|r60c0|pos,output_proj,output_proj,pos,60,0,7620,7747,0,128,0.009999999776482582,0.8171318173408508,0.07674698455585305,1221.0601134201258,50251.25684018647,30681.44598534791,2.7817999100941625e-08,70.84168273568544,0.0012784006939770961,0.03255592037485544,2176,2176
per_vector,crossbar_core_read_only,"adc,dac,sense,digital_bias,layernorm,softmax,residual,encoder",checkpoints\caption_transformer_epoch_10.pt,checkpoints\caption_transformer_array-128x128_cmm_crosssim.pt,checkpoints\caption_transformer_crosssim_decoder.pt,0.1,10.0,200,200,200,9800,76192,76192,1000.0,100000.0,128x128,10,0,0.0001,0.0001,same_decoder_mapped_linear_mac_only,0.9,configurable_reference,,output_proj|r60c1|neg,output_proj,output_proj,neg,60,1,7620,7747,128,256,0.009999999776482582,0.6391931176185608,0.07245469933163053,1555.6909680496465,50251.25684018647,30640.886223466612,2.922871929036353e-08,70.14045595901179,0.0013432315850350892,0.03223366542233998,2176,2176
per_vector,crossbar_core_read_only,"adc,dac,sense,digital_bias,layernorm,softmax,residual,encoder",checkpoints\caption_transformer_epoch_10.pt,checkpoints\caption_transformer_array-128x128_cmm_crosssim.pt,checkpoints\caption_transformer_crosssim_decoder.pt,0.1,10.0,200,200,200,9800,76192,76192,1000.0,100000.0,128x128,10,0,0.0001,0.0001,same_decoder_mapped_linear_mac_only,0.9,configurable_reference,,output_proj|r60c1|pos,output_proj,output_proj,pos,60,1,7620,7747,128,256,0.009999999776482582,0.7814356684684753,0.0785308970257825,1276.1265996245781,50251.25684018647,30853.876742102155,3.1611519355269243e-08,75.589650902757,0.0014527352644884757,0.03473789103986995,2176,2176
per_vector,crossbar_core_read_only,"adc,dac,sense,digital_bias,layernorm,softmax,residual,encoder",checkpoints\caption_transformer_epoch_10.pt,checkpoints\caption_transformer_array-128x128_cmm_crosssim.pt,checkpoints\caption_transformer_crosssim_decoder.pt,0.1,10.0,200,200,200,9800,76192,76192,1000.0,100000.0,128x128,10,0,0.0001,0.0001,same_decoder_mapped_linear_mac_only,0.9,configurable_reference,,output_proj|r61c0|neg,output_proj,output_proj,neg,61,0,7747,7874,0,128,0.009999999776482582,0.6909019351005554,0.07439341126350131,1440.936899074749,50251.25684018647,31194.728094976083,3.187479436571142e-08,73.97211334351158,0.001464834299894822,0.03399453738212849,2176,2176
per_vector,crossbar_core_read_only,"adc,dac,sense,digital_bias,layernorm,softmax,residual,encoder",checkpoints\caption_transformer_epoch_10.pt,checkpoints\caption_transformer_array-128x128_cmm_crosssim.pt,checkpoints\caption_transformer_crosssim_decoder.pt,0.1,10.0,200,200,200,9800,76192,76192,1000.0,100000.0,128x128,10,0,0.0001,0.0001,same_decoder_mapped_linear_mac_only,0.9,configurable_reference,,output_proj|r61c0|pos,output_proj,output_proj,pos,61,0,7747,7874,0,128,0.009999999776482582,0.8187932968139648,0.07679896340700872,1218.6125561176314,50251.25684018647,30375.51712069192,2.7799306353880298e-08,70.84880090178832,0.001277541652292295,0.03255919159089537,2176,2176
per_vector,crossbar_core_read_only,"adc,dac,sense,digital_bias,layernorm,softmax,residual,encoder",checkpoints\caption_transformer_epoch_10.pt,checkpoints\caption_transformer_array-128x128_cmm_crosssim.pt,checkpoints\caption_transformer_crosssim_decoder.pt,0.1,10.0,200,200,200,9800,76192,76192,1000.0,100000.0,128x128,10,0,0.0001,0.0001,same_decoder_mapped_linear_mac_only,0.9,configurable_reference,,output_proj|r61c1|neg,output_proj,output_proj,neg,61,1,7747,7874,128,256,0.009999999776482582,0.8507766723632812,0.07213337534980611,1173.3385946416474,50251.25684018647,30639.60481624589,2.9247753973985467e-08,69.97881223898762,0.0013441063407162441,0.03215938062453475,2176,2176
per_vector,crossbar_core_read_only,"adc,dac,sense,digital_bias,layernorm,softmax,residual,encoder",checkpoints\caption_transformer_epoch_10.pt,checkpoints\caption_transformer_array-128x128_cmm_crosssim.pt,checkpoints\caption_transformer_crosssim_decoder.pt,0.1,10.0,200,200,200,9800,76192,76192,1000.0,100000.0,128x128,10,0,0.0001,0.0001,same_decoder_mapped_linear_mac_only,0.9,configurable_reference,,output_proj|r61c1|pos,output_proj,output_proj,pos,61,1,7747,7874,128,256,0.009999999776482582,0.8228060603141785,0.07662754114071002,1212.7415482227732,50251.25684018647,31065.735141317255,3.111711449995199e-08,74.16481509278596,0.0014300144531227948,0.03408309517131708,2176,2176
per_vector,crossbar_core_read_only,"adc,dac,sense,digital_bias,layernorm,softmax,residual,encoder",checkpoints\caption_transformer_epoch_10.pt,checkpoints\caption_transformer_array-128x128_cmm_crosssim.pt,checkpoints\caption_transformer_crosssim_decoder.pt,0.1,10.0,200,200,200,9800,76192,76192,1000.0,100000.0,128x128,10,0,0.0001,0.0001,same_decoder_mapped_linear_mac_only,0.9,configurable_reference,,output_proj|r62c0|neg,output_proj,output_proj,neg,62,0,7874,8001,0,128,0.009999999776482582,0.6411204934120178,0.07404022644117876,1551.0866957740172,50251.25684018647,31075.865650476997,3.200650022795498e-08,73.95658861012403,0.0014708869590052795,0.03398740285391729,2176,2176
per_vector,crossbar_core_read_only,"adc,dac,sense,digital_bias,layernorm,softmax,residual,encoder",checkpoints\caption_transformer_epoch_10.pt,checkpoints\caption_transformer_array-128x128_cmm_crosssim.pt,checkpoints\caption_transformer_crosssim_decoder.pt,0.1,10.0,200,200,200,9800,76192,76192,1000.0,100000.0,128x128,10,0,0.0001,0.0001,same_decoder_mapped_linear_mac_only,0.9,configurable_reference,,output_proj|r62c0|pos,output_proj,output_proj,pos,62,0,7874,8001,0,128,0.009999999776482582,0.7140894532203674,0.07498357656050206,1394.8002096967032,50251.25684018647,30690.209410383588,2.7209100222528414e-08,69.35464950744044,0.0012504182087558983,0.03187254113393403,2176,2176
per_vector,crossbar_core_read_only,"adc,dac,sense,digital_bias,layernorm,softmax,residual,encoder",checkpoints\caption_transformer_epoch_10.pt,checkpoints\caption_transformer_array-128x128_cmm_crosssim.pt,checkpoints\caption_transformer_crosssim_decoder.pt,0.1,10.0,200,200,200,9800,76192,76192,1000.0,100000.0,128x128,10,0,0.0001,0.0001,same_decoder_mapped_linear_mac_only,0.9,configurable_reference,,output_proj|r62c1|neg,output_proj,output_proj,neg,62,1,7874,8001,128,256,0.009999999776482582,0.5927427411079407,0.07113250987939986,1675.5602228194957,50251.25684018647,30638.306581207064,2.876561281361606e-08,68.98112343560636,0.0013219491182727978,0.0317008839318044,2176,2176
per_vector,crossbar_core_read_only,"adc,dac,sense,digital_bias,layernorm,softmax,residual,encoder",checkpoints\caption_transformer_epoch_10.pt,checkpoints\caption_transformer_array-128x128_cmm_crosssim.pt,checkpoints\caption_transformer_crosssim_decoder.pt,0.1,10.0,200,200,200,9800,76192,76192,1000.0,100000.0,128x128,10,0,0.0001,0.0001,same_decoder_mapped_linear_mac_only,0.9,configurable_reference,,output_proj|r62c1|pos,output_proj,output_proj,pos,62,1,7874,8001,128,256,0.009999999776482582,0.7043458223342896,0.07491628594604169,1413.8225046892971,50251.25684018647,31215.443125037706,3.049050453905861e-08,72.69689658113889,0.0014012180394787942,0.0334085002670675,2176,2176
per_vector,crossbar_core_read_only,"adc,dac,sense,digital_bias,layernorm,softmax,residual,encoder",checkpoints\caption_transformer_epoch_10.pt,checkpoints\caption_transformer_array-128x128_cmm_crosssim.pt,checkpoints\caption_transformer_crosssim_decoder.pt,0.1,10.0,200,200,200,9800,76192,76192,1000.0,100000.0,128x128,10,0,0.0001,0.0001,same_decoder_mapped_linear_mac_only,0.9,configurable_reference,,output_proj|r63c0|neg,output_proj,output_proj,neg,63,0,8001,8128,0,128,0.009999999776482582,0.6742029190063477,0.07599825750441495,1476.0999712783168,50251.25684018647,30964.48560098583,3.2769287757908706e-08,75.7210189165925,0.0015059415329921316,0.03479826236975758,2176,2176
per_vector,crossbar_core_read_only,"adc,dac,sense,digital_bias,layernorm,softmax,residual,encoder",checkpoints\caption_transformer_epoch_10.pt,checkpoints\caption_transformer_array-128x128_cmm_crosssim.pt,checkpoints\caption_transformer_crosssim_decoder.pt,0.1,10.0,200,200,200,9800,76192,76192,1000.0,100000.0,128x128,10,0,0.0001,0.0001,same_decoder_mapped_linear_mac_only,0.9,configurable_reference,,output_proj|r63c0|pos,output_proj,output_proj,pos,63,0,8001,8128,0,128,0.009999999776482582,0.8147965669631958,0.07718329169048642,1224.516883291062,50251.25684018647,30472.74984987046,2.7930149376813347e-08,71.17041043848062,0.0012835546588609026,0.03270699009121352,2176,2176
per_vector,crossbar_core_read_only,"adc,dac,sense,digital_bias,layernorm,softmax,residual,encoder",checkpoints\caption_transformer_epoch_10.pt,checkpoints\caption_transformer_array-128x128_cmm_crosssim.pt,checkpoints\caption_transformer_crosssim_decoder.pt,0.1,10.0,200,200,200,9800,76192,76192,1000.0,100000.0,128x128,10,0,0.0001,0.0001,same_decoder_mapped_linear_mac_only,0.9,configurable_reference,,output_proj|r63c1|neg,output_proj,output_proj,neg,63,1,8001,8128,128,256,0.009999999776482582,0.6348803043365479,0.07293502569089068,1566.0934471905543,50251.25684018647,30712.704421297633,2.955573672495572e-08,70.67218982779688,0.0013582599597865702,0.0324780284135096,2176,2176
per_vector,crossbar_core_read_only,"adc,dac,sense,digital_bias,layernorm,softmax,residual,encoder",checkpoints\caption_transformer_epoch_10.pt,checkpoints\caption_transformer_array-128x128_cmm_crosssim.pt,checkpoints\caption_transformer_crosssim_decoder.pt,0.1,10.0,200,200,200,9800,76192,76192,1000.0,100000.0,128x128,10,0,0.0001,0.0001,same_decoder_mapped_linear_mac_only,0.9,configurable_reference,,output_proj|r63c1|pos,output_proj,output_proj,pos,63,1,8001,8128,128,256,0.009999999776482582,1.0,0.07799027358736581,1000.0,50251.25684018647,30881.124314843477,3.146405274994991e-08,75.17957395253103,0.0014459583065234353,0.034549436559067566,2176,2176
per_vector,crossbar_core_read_only,"adc,dac,sense,digital_bias,layernorm,softmax,residual,encoder",checkpoints\caption_transformer_epoch_10.pt,checkpoints\caption_transformer_array-128x128_cmm_crosssim.pt,checkpoints\caption_transformer_crosssim_decoder.pt,0.1,10.0,200,200,200,9800,76192,76192,1000.0,100000.0,128x128,10,0,0.0001,0.0001,same_decoder_mapped_linear_mac_only,0.9,configurable_reference,,output_proj|r64c0|neg,output_proj,output_proj,neg,64,0,8128,8255,0,128,0.009999999776482582,0.8412206768989563,0.07627741021625964,1186.5091956726458,50251.25684018647,30922.560753718382,3.2655026072833496e-08,75.724039265013,0.0015006905364353628,0.03479965039752436,2176,2176
per_vector,crossbar_core_read_only,"adc,dac,sense,digital_bias,layernorm,softmax,residual,encoder",checkpoints\caption_transformer_epoch_10.pt,checkpoints\caption_transformer_array-128x128_cmm_crosssim.pt,checkpoints\caption_transformer_crosssim_decoder.pt,0.1,10.0,200,200,200,9800,76192,76192,1000.0,100000.0,128x128,10,0,0.0001,0.0001,same_decoder_mapped_linear_mac_only,0.9,configurable_reference,,output_proj|r64c0|pos,output_proj,output_proj,pos,64,0,8128,8255,0,128,0.009999999776482582,0.7283017635345459,0.07776564758370207,1367.9539760227833,50251.25684018647,30471.23253439714,2.803613833223836e-08,71.5577152297794,0.0012884254748271305,0.032884979425450094,2176,2176
per_vector,crossbar_core_read_only,"adc,dac,sense,digital_bias,layernorm,softmax,residual,encoder",checkpoints\caption_transformer_epoch_10.pt,checkpoints\caption_transformer_array-128x128_cmm_crosssim.pt,checkpoints\caption_transformer_crosssim_decoder.pt,0.1,10.0,200,200,200,9800,76192,76192,1000.0,100000.0,128x128,10,0,0.0001,0.0001,same_decoder_mapped_linear_mac_only,0.9,configurable_reference,,output_proj|r64c1|neg,output_proj,output_proj,neg,64,1,8128,8255,128,256,0.009999999776482582,0.6671335697174072,0.07365799279263387,1491.5083195719897,50251.25684018647,30666.68527718592,3.012009464897819e-08,71.61405732930636,0.0013841955261478945,0.03291087193442388,2176,2176
per_vector,crossbar_core_read_only,"adc,dac,sense,digital_bias,layernorm,softmax,residual,encoder",checkpoints\caption_transformer_epoch_10.pt,checkpoints\caption_transformer_array-128x128_cmm_crosssim.pt,checkpoints\caption_transformer_crosssim_decoder.pt,0.1,10.0,200,200,200,9800,76192,76192,1000.0,100000.0,128x128,10,0,0.0001,0.0001,same_decoder_mapped_linear_mac_only,0.9,configurable_reference,,output_proj|r64c1|pos,output_proj,output_proj,pos,64,1,8128,8255,128,256,0.009999999776482582,0.758271336555481,0.07872188419148768,1314.5983382879165,50251.25684018647,30804.13676529228,3.177252389081371e-08,75.85952980498311,0.0014601343699822476,0.03486191627067239,2176,2176
per_vector,crossbar_core_read_only,"adc,dac,sense,digital_bias,layernorm,softmax,residual,encoder",checkpoints\caption_transformer_epoch_10.pt,checkpoints\caption_transformer_array-128x128_cmm_crosssim.pt,checkpoints\caption_transformer_crosssim_decoder.pt,0.1,10.0,200,200,200,9800,76192,76192,1000.0,100000.0,128x128,10,0,0.0001,0.0001,same_decoder_mapped_linear_mac_only,0.9,configurable_reference,,output_proj|r65c0|neg,output_proj,output_proj,neg,65,0,8255,8382,0,128,0.009999999776482582,0.8186167478561401,0.07639718840342596,1218.8721677582762,50251.25684018647,31027.933409611516,3.322689098369472e-08,76.38833126339735,0.0015269710930006781,0.03510493164678187,2176,2176
per_vector,crossbar_core_read_only,"adc,dac,sense,digital_bias,layernorm,softmax,residual,encoder",checkpoints\caption_transformer_epoch_10.pt,checkpoints\caption_transformer_array-128x128_cmm_crosssim.pt,checkpoints\caption_transformer_crosssim_decoder.pt,0.1,10.0,200,200,200,9800,76192,76192,1000.0,100000.0,128x128,10,0,0.0001,0.0001,same_decoder_mapped_linear_mac_only,0.9,configurable_reference,,output_proj|r65c0|pos,output_proj,output_proj,pos,65,0,8255,8382,0,128,0.009999999776482582,0.7225321531295776,0.07706427509086591,1378.7268455701787,50251.25684018647,30525.330427150453,2.7797241646584865e-08,70.96629970729894,0.0012774467668467352,0.03261318920372194,2176,2176
per_vector,crossbar_core_read_only,"adc,dac,sense,digital_bias,layernorm,softmax,residual,encoder",checkpoints\caption_transformer_epoch_10.pt,checkpoints\caption_transformer_array-128x128_cmm_crosssim.pt,checkpoints\caption_transformer_crosssim_decoder.pt,0.1,10.0,200,200,200,9800,76192,76192,1000.0,100000.0,128x128,10,0,0.0001,0.0001,same_decoder_mapped_linear_mac_only,0.9,configurable_reference,,output_proj|r65c1|neg,output_proj,output_proj,neg,65,1,8255,8382,128,256,0.009999999776482582,0.6979223489761353,0.07246211243457185,1426.6492724443442,50251.25684018647,30682.02336350359,2.9559583853318842e-08,70.45643157290692,0.0013584367579650238,0.03237887480372561,2176,2176
per_vector,crossbar_core_read_only,"adc,dac,sense,digital_bias,layernorm,softmax,residual,encoder",checkpoints\caption_transformer_epoch_10.pt,checkpoints\caption_transformer_array-128x128_cmm_crosssim.pt,checkpoints\caption_transformer_crosssim_decoder.pt,0.1,10.0,200,200,200,9800,76192,76192,1000.0,100000.0,128x128,10,0,0.0001,0.0001,same_decoder_mapped_linear_mac_only,0.9,configurable_reference,,output_proj|r65c1|pos,output_proj,output_proj,pos,65,1,8255,8382,128,256,0.009999999776482582,0.7138362526893616,0.07678738911825234,1395.2880477620918,50251.25684018647,30987.782045388063,3.1049906272567003e-08,74.18882460831647,0.0014269258397319358,0.034094128956027786,2176,2176
per_vector,crossbar_core_read_only,"adc,dac,sense,digital_bias,layernorm,softmax,residual,encoder",checkpoints\caption_transformer_epoch_10.pt,checkpoints\caption_transformer_array-128x128_cmm_crosssim.pt,checkpoints\caption_transformer_crosssim_decoder.pt,0.1,10.0,200,200,200,9800,76192,76192,1000.0,100000.0,128x128,10,0,0.0001,0.0001,same_decoder_mapped_linear_mac_only,0.9,configurable_reference,,output_proj|r66c0|neg,output_proj,output_proj,neg,66,0,8382,8509,0,128,0.009999999776482582,0.7476163506507874,0.07494951491933921,1333.084158318348,50251.25684018647,30797.231970107023,3.271571382332395e-08,75.12709471149824,0.0015034794955571644,0.034525319260798826,2176,2176
per_vector,crossbar_core_read_only,"adc,dac,sense,digital_bias,layernorm,softmax,residual,encoder",checkpoints\caption_transformer_epoch_10.pt,checkpoints\caption_transformer_array-128x128_cmm_crosssim.pt,checkpoints\caption_transformer_crosssim_decoder.pt,0.1,10.0,200,200,200,9800,76192,76192,1000.0,100000.0,128x128,10,0,0.0001,0.0001,same_decoder_mapped_linear_mac_only,0.9,configurable_reference,,output_proj|r66c0|pos,output_proj,output_proj,pos,66,0,8382,8509,0,128,0.009999999776482582,0.7437938451766968,0.07331514621617989,1339.8433521991954,50251.25684018647,31083.747317492718,2.6540203333307233e-08,67.81873480222212,0.001219678462008605,0.031166697978962373,2176,2176
per_vector,crossbar_core_read_only,"adc,dac,sense,digital_bias,layernorm,softmax,residual,encoder",checkpoints\caption_transformer_epoch_10.pt,checkpoints\caption_transformer_array-128x128_cmm_crosssim.pt,checkpoints\caption_transformer_crosssim_decoder.pt,0.1,10.0,200,200,200,9800,76192,76192,1000.0,100000.0,128x128,10,0,0.0001,0.0001,same_decoder_mapped_linear_mac_only,0.9,configurable_reference,,output_proj|r66c1|neg,output_proj,output_proj,neg,66,1,8382,8509,128,256,0.009999999776482582,0.7182461619377136,0.06975850245648836,1386.8400247558131,50251.25684018647,30899.362220609746,2.8567135651164913e-08,68.11535527315075,0.001312827925145447,0.03130301253361707,2176,2176
per_vector,crossbar_core_read_only,"adc,dac,sense,digital_bias,layernorm,softmax,residual,encoder",checkpoints\caption_transformer_epoch_10.pt,checkpoints\caption_transformer_array-128x128_cmm_crosssim.pt,checkpoints\caption_transformer_crosssim_decoder.pt,0.1,10.0,200,200,200,9800,76192,76192,1000.0,100000.0,128x128,10,0,0.0001,0.0001,same_decoder_mapped_linear_mac_only,0.9,configurable_reference,,output_proj|r66c1|pos,output_proj,output_proj,pos,66,1,8382,8509,128,256,0.009999999776482582,0.7579485177993774,0.07270879245746567,1315.1508768742,50251.25684018647,31110.91781644741,2.9674679623303564e-08,70.76062334215344,0.001363726085629759,0.03251866881532787,2176,2176
per_vector,crossbar_core_read_only,"adc,dac,sense,digital_bias,layernorm,softmax,residual,encoder",checkpoints\caption_transformer_epoch_10.pt,checkpoints\caption_transformer_array-128x128_cmm_crosssim.pt,checkpoints\caption_transformer_crosssim_decoder.pt,0.1,10.0,200,200,200,9800,76192,76192,1000.0,100000.0,128x128,10,0,0.0001,0.0001,same_decoder_mapped_linear_mac_only,0.9,configurable_reference,,output_proj|r67c0|neg,output_proj,output_proj,neg,67,0,8509,8636,0,128,0.009999999776482582,0.7824144959449768,0.07702808984225079,1274.5504692275351,50251.25684018647,30971.87166597844,3.3478802807653844e-08,76.9367650071153,0.001538547923145857,0.03535696921282872,2176,2176
per_vector,crossbar_core_read_only,"adc,dac,sense,digital_bias,layernorm,softmax,residual,encoder",checkpoints\caption_transformer_epoch_10.pt,checkpoints\caption_transformer_array-128x128_cmm_crosssim.pt,checkpoints\caption_transformer_crosssim_decoder.pt,0.1,10.0,200,200,200,9800,76192,76192,1000.0,100000.0,128x128,10,0,0.0001,0.0001,same_decoder_mapped_linear_mac_only,0.9,configurable_reference,median,output_proj|r67c0|pos,output_proj,output_proj,pos,67,0,8509,8636,0,128,0.009999999776482582,0.7851306796073914,0.07776375969665172,1270.197130186547,50251.25684018647,30463.873030583647,2.8082449580813953e-08,71.59465799838216,0.0012905537491182913,0.0329019568007271,2176,2176
per_vector,crossbar_core_read_only,"adc,dac,sense,digital_bias,layernorm,softmax,residual,encoder",checkpoints\caption_transformer_epoch_10.pt,checkpoints\caption_transformer_array-128x128_cmm_crosssim.pt,checkpoints\caption_transformer_crosssim_decoder.pt,0.1,10.0,200,200,200,9800,76192,76192,1000.0,100000.0,128x128,10,0,0.0001,0.0001,same_decoder_mapped_linear_mac_only,0.9,configurable_reference,,output_proj|r67c1|neg,output_proj,output_proj,neg,67,1,8509,8636,128,256,0.009999999776482582,0.6944352984428406,0.07299724763506102,1433.7103678711837,50251.25684018647,30570.208943964048,2.9705571413208864e-08,70.84498021145053,0.0013651457450923278,0.032557435758938665,2176,2176
per_vector,crossbar_core_read_only,"adc,dac,sense,digital_bias,layernorm,softmax,residual,encoder",checkpoints\caption_transformer_epoch_10.pt,checkpoints\caption_transformer_array-128x128_cmm_crosssim.pt,checkpoints\caption_transformer_crosssim_decoder.pt,0.1,10.0,200,200,200,9800,76192,76192,1000.0,100000.0,128x128,10,0,0.0001,0.0001,same_decoder_mapped_linear_mac_only,0.9,configurable_reference,,output_proj|r67c1|pos,output_proj,output_proj,pos,67,1,8509,8636,128,256,0.009999999776482582,0.8580619692802429,0.0764485738078851,1163.492378839878,50251.25684018647,31065.281520345416,3.0973294523122006e-08,73.93022082335857,0.0014234050791875922,0.03397528530485228,2176,2176
per_vector,crossbar_core_read_only,"adc,dac,sense,digital_bias,layernorm,softmax,residual,encoder",checkpoints\caption_transformer_epoch_10.pt,checkpoints\caption_transformer_array-128x128_cmm_crosssim.pt,checkpoints\caption_transformer_crosssim_decoder.pt,0.1,10.0,200,200,200,9800,76192,76192,1000.0,100000.0,128x128,10,0,0.0001,0.0001,same_decoder_mapped_linear_mac_only,0.9,configurable_reference,,output_proj|r68c0|neg,output_proj,output_proj,neg,68,0,8636,8769,0,128,0.009999999776482582,0.6802722215652466,0.07982827142618214,1463.123081500526,50251.25684018647,30810.36715997069,3.619760972589018e-08,83.16711190416525,0.0016634930940206802,0.03822018010301712,2176,2176
per_vector,crossbar_core_read_only,"adc,dac,sense,digital_bias,layernorm,softmax,residual,encoder",checkpoints\caption_transformer_epoch_10.pt,checkpoints\caption_transformer_array-128x128_cmm_crosssim.pt,checkpoints\caption_transformer_crosssim_decoder.pt,0.1,10.0,200,200,200,9800,76192,76192,1000.0,100000.0,128x128,10,0,0.0001,0.0001,same_decoder_mapped_linear_mac_only,0.9,configurable_reference,,output_proj|r68c0|pos,output_proj,output_proj,pos,68,0,8636,8769,0,128,0.009999999776482582,0.7285168170928955,0.08072176743757209,1367.555687003251,50251.25684018647,30303.82336672195,3.039247328696248e-08,77.49882898088852,0.0013967129267905612,0.03561527067136421,2176,2176
per_vector,crossbar_core_read_only,"adc,dac,sense,digital_bias,layernorm,softmax,residual,encoder",checkpoints\caption_transformer_epoch_10.pt,checkpoints\caption_transformer_array-128x128_cmm_crosssim.pt,checkpoints\caption_transformer_crosssim_decoder.pt,0.1,10.0,200,200,200,9800,76192,76192,1000.0,100000.0,128x128,10,0,0.0001,0.0001,same_decoder_mapped_linear_mac_only,0.9,configurable_reference,,output_proj|r68c1|neg,output_proj,output_proj,neg,68,1,8636,8769,128,256,0.009999999776482582,0.723146915435791,0.07616730613074453,1377.5709073592382,50251.25684018647,30330.185910896715,3.2384522320475255e-08,77.14840293767661,0.0014882592978159512,0.03545422929121168,2176,2176
per_vector,crossbar_core_read_only,"adc,dac,sense,digital_bias,layernorm,softmax,residual,encoder",checkpoints\caption_transformer_epoch_10.pt,checkpoints\caption_transformer_array-128x128_cmm_crosssim.pt,checkpoints\caption_transformer_crosssim_decoder.pt,0.1,10.0,200,200,200,9800,76192,76192,1000.0,100000.0,128x128,10,0,0.0001,0.0001,same_decoder_mapped_linear_mac_only,0.9,configurable_reference,,output_proj|r68c1|pos,output_proj,output_proj,pos,68,1,8636,8769,128,256,0.009999999776482582,0.7572361826896667,0.07989582174512973,1316.3717588449504,50251.25684018647,30928.177358884237,3.359853289961098e-08,80.40607686022456,0.0015440502251659503,0.03695132208650026,2176,2176
per_vector,crossbar_core_read_only,"adc,dac,sense,digital_bias,layernorm,softmax,residual,encoder",checkpoints\caption_transformer_epoch_10.pt,checkpoints\caption_transformer_array-128x128_cmm_crosssim.pt,checkpoints\caption_transformer_crosssim_decoder.pt,0.1,10.0,200,200,200,9800,76192,76192,1000.0,100000.0,128x128,10,0,0.0001,0.0001,same_decoder_mapped_linear_mac_only,0.9,configurable_reference,,output_proj|r6c0|neg,output_proj,output_proj,neg,6,0,762,889,0,128,0.009999999776482582,0.6707431674003601,0.05207244934173627,1483.6008641624571,50251.25684018647,32455.01366771513,2.2420277799296887e-08,53.286854861397266,0.0010303436488647507,0.024488444329686245,2176,2176
per_vector,crossbar_core_read_only,"adc,dac,sense,digital_bias,layernorm,softmax,residual,encoder",checkpoints\caption_transformer_epoch_10.pt,checkpoints\caption_transformer_array-128x128_cmm_crosssim.pt,checkpoints\caption_transformer_crosssim_decoder.pt,0.1,10.0,200,200,200,9800,76192,76192,1000.0,100000.0,128x128,10,0,0.0001,0.0001,same_decoder_mapped_linear_mac_only,0.9,configurable_reference,,output_proj|r6c0|pos,output_proj,output_proj,pos,6,0,762,889,0,128,0.009999999776482582,0.6554229855537415,0.05162579978053782,1517.7529536065172,50251.25684018647,32551.287107080316,1.9923985057889288e-08,50.48610521573986,0.000915624313322116,0.02320133511752751,2176,2176
per_vector,crossbar_core_read_only,"adc,dac,sense,digital_bias,layernorm,softmax,residual,encoder",checkpoints\caption_transformer_epoch_10.pt,checkpoints\caption_transformer_array-128x128_cmm_crosssim.pt,checkpoints\caption_transformer_crosssim_decoder.pt,0.1,10.0,200,200,200,9800,76192,76192,1000.0,100000.0,128x128,10,0,0.0001,0.0001,same_decoder_mapped_linear_mac_only,0.9,configurable_reference,,output_proj|r6c1|neg,output_proj,output_proj,neg,6,1,762,889,128,256,0.009999999776482582,0.4787287712097168,0.050036971882401825,2066.3655299244847,50251.25684018647,32856.186201510514,2.1102334790684772e-08,50.84540076598877,0.0009697764150130854,0.02336645255789925,2176,2176
per_vector,crossbar_core_read_only,"adc,dac,sense,digital_bias,layernorm,softmax,residual,encoder",checkpoints\caption_transformer_epoch_10.pt,checkpoints\caption_transformer_array-128x128_cmm_crosssim.pt,checkpoints\caption_transformer_crosssim_decoder.pt,0.1,10.0,200,200,200,9800,76192,76192,1000.0,100000.0,128x128,10,0,0.0001,0.0001,same_decoder_mapped_linear_mac_only,0.9,configurable_reference,,output_proj|r6c1|pos,output_proj,output_proj,pos,6,1,762,889,128,256,0.009999999776482582,0.6871669292449951,0.053160996479142686,1448.6554638499845,50251.25684018647,32218.03471064363,2.2158949652900385e-08,53.461389500661156,0.0010183340833134367,0.024568653263171487,2176,2176
per_vector,crossbar_core_read_only,"adc,dac,sense,digital_bias,layernorm,softmax,residual,encoder",checkpoints\caption_transformer_epoch_10.pt,checkpoints\caption_transformer_array-128x128_cmm_crosssim.pt,checkpoints\caption_transformer_crosssim_decoder.pt,0.1,10.0,200,200,200,9800,76192,76192,1000.0,100000.0,128x128,10,0,0.0001,0.0001,same_decoder_mapped_linear_mac_only,0.9,configurable_reference,,output_proj|r7c0|neg,output_proj,output_proj,neg,7,0,889,1016,0,128,0.009999999776482582,0.5512574911117554,0.052224378184828814,1799.3866805593502,50251.25684018647,32554.919355561473,2.2594933453768656e-08,53.55655462507415,0.0010383701035739275,0.024612387235787753,2176,2176
per_vector,crossbar_core_read_only,"adc,dac,sense,digital_bias,layernorm,softmax,residual,encoder",checkpoints\caption_transformer_epoch_10.pt,checkpoints\caption_transformer_array-128x128_cmm_crosssim.pt,checkpoints\caption_transformer_crosssim_decoder.pt,0.1,10.0,200,200,200,9800,76192,76192,1000.0,100000.0,128x128,10,0,0.0001,0.0001,same_decoder_mapped_linear_mac_only,0.9,configurable_reference,,output_proj|r7c0|pos,output_proj,output_proj,pos,7,0,889,1016,0,128,0.009999999776482582,0.5759340524673462,0.05145941548342551,1723.6187296953583,50251.25684018647,32609.335588373084,1.980958806517965e-08,50.27790309721012,0.0009103670985836214,0.023105653996879652,2176,2176
per_vector,crossbar_core_read_only,"adc,dac,sense,digital_bias,layernorm,softmax,residual,encoder",checkpoints\caption_transformer_epoch_10.pt,checkpoints\caption_transformer_array-128x128_cmm_crosssim.pt,checkpoints\caption_transformer_crosssim_decoder.pt,0.1,10.0,200,200,200,9800,76192,76192,1000.0,100000.0,128x128,10,0,0.0001,0.0001,same_decoder_mapped_linear_mac_only,0.9,configurable_reference,,output_proj|r7c1|neg,output_proj,output_proj,neg,7,1,889,1016,128,256,0.009999999776482582,0.6589429974555969,0.05054829861160036,1509.7676665395536,50251.25684018647,32656.34753057273,2.1408019869955388e-08,51.38677090146152,0.0009838244425530954,0.023615243980451065,2176,2176
per_vector,crossbar_core_read_only,"adc,dac,sense,digital_bias,layernorm,softmax,residual,encoder",checkpoints\caption_transformer_epoch_10.pt,checkpoints\caption_transformer_array-128x128_cmm_crosssim.pt,checkpoints\caption_transformer_crosssim_decoder.pt,0.1,10.0,200,200,200,9800,76192,76192,1000.0,100000.0,128x128,10,0,0.0001,0.0001,same_decoder_mapped_linear_mac_only,0.9,configurable_reference,,output_proj|r7c1|pos,output_proj,output_proj,pos,7,1,889,1016,128,256,0.009999999776482582,0.5779762268066406,0.051711202487562634,1717.633240511964,50251.25684018647,32754.488761055916,2.1678207150036048e-08,52.25805118581069,0.0009962411374097452,0.024015648522890943,2176,2176
per_vector,crossbar_core_read_only,"adc,dac,sense,digital_bias,layernorm,softmax,residual,encoder",checkpoints\caption_transformer_epoch_10.pt,checkpoints\caption_transformer_array-128x128_cmm_crosssim.pt,checkpoints\caption_transformer_crosssim_decoder.pt,0.1,10.0,200,200,200,9800,76192,76192,1000.0,100000.0,128x128,10,0,0.0001,0.0001,same_decoder_mapped_linear_mac_only,0.9,configurable_reference,,output_proj|r8c0|neg,output_proj,output_proj,neg,8,0,1016,1143,0,128,0.009999999776482582,0.545576274394989,0.05572884854090383,1817.7835198305338,50251.25684018647,32195.33084504058,2.405887644871317e-08,56.76283809873866,0.0011056468956210084,0.026085863096846813,2176,2176
per_vector,crossbar_core_read_only,"adc,dac,sense,digital_bias,layernorm,softmax,residual,encoder",checkpoints\caption_transformer_epoch_10.pt,checkpoints\caption_transformer_array-128x128_cmm_crosssim.pt,checkpoints\caption_transformer_crosssim_decoder.pt,0.1,10.0,200,200,200,9800,76192,76192,1000.0,100000.0,128x128,10,0,0.0001,0.0001,same_decoder_mapped_linear_mac_only,0.9,configurable_reference,,output_proj|r8c0|pos,output_proj,output_proj,pos,8,0,1016,1143,0,128,0.009999999776482582,0.5733634233474731,0.05451647230968481,1731.2126535819027,50251.25684018647,32232.804188345803,2.0814589383217107e-08,52.8018475954563,0.0009565528209199035,0.024265554961147198,2176,2176
per_vector,crossbar_core_read_only,"adc,dac,sense,digital_bias,layernorm,softmax,residual,encoder",checkpoints\caption_transformer_epoch_10.pt,checkpoints\caption_transformer_array-128x128_cmm_crosssim.pt,checkpoints\caption_transformer_crosssim_decoder.pt,0.1,10.0,200,200,200,9800,76192,76192,1000.0,100000.0,128x128,10,0,0.0001,0.0001,same_decoder_mapped_linear_mac_only,0.9,configurable_reference,,output_proj|r8c1|neg,output_proj,output_proj,neg,8,1,1016,1143,128,256,0.009999999776482582,0.6061906218528748,0.05386806148006746,1638.998418489954,50251.25684018647,32318.35166671953,2.244380080521168e-08,54.056337949224115,0.0010314246693571545,0.02484206707225373,2176,2176
per_vector,crossbar_core_read_only,"adc,dac,sense,digital_bias,layernorm,softmax,residual,encoder",checkpoints\caption_transformer_epoch_10.pt,checkpoints\caption_transformer_array-128x128_cmm_crosssim.pt,checkpoints\caption_transformer_crosssim_decoder.pt,0.1,10.0,200,200,200,9800,76192,76192,1000.0,100000.0,128x128,10,0,0.0001,0.0001,same_decoder_mapped_linear_mac_only,0.9,configurable_reference,,output_proj|r8c1|pos,output_proj,output_proj,pos,8,1,1016,1143,128,256,0.009999999776482582,0.5987049341201782,0.055991021231413585,1659.1510311108677,50251.25684018647,32099.272990193578,2.3301656082498182e-08,56.0197919491117,0.0010708481655559837,0.025744389682496184,2176,2176
per_vector,crossbar_core_read_only,"adc,dac,sense,digital_bias,layernorm,softmax,residual,encoder",checkpoints\caption_transformer_epoch_10.pt,checkpoints\caption_transformer_array-128x128_cmm_crosssim.pt,checkpoints\caption_transformer_crosssim_decoder.pt,0.1,10.0,200,200,200,9800,76192,76192,1000.0,100000.0,128x128,10,0,0.0001,0.0001,same_decoder_mapped_linear_mac_only,0.9,configurable_reference,,output_proj|r9c0|neg,output_proj,output_proj,neg,9,0,1143,1270,0,128,0.009999999776482582,0.5373556613922119,0.055402554602221966,1845.0793691962817,50251.25684018647,32211.727417389076,2.38259561726639e-08,56.35149937903073,0.0010949428388172767,0.02589682875874574,2176,2176
per_vector,crossbar_core_read_only,"adc,dac,sense,digital_bias,layernorm,softmax,residual,encoder",checkpoints\caption_transformer_epoch_10.pt,checkpoints\caption_transformer_array-128x128_cmm_crosssim.pt,checkpoints\caption_transformer_crosssim_decoder.pt,0.1,10.0,200,200,200,9800,76192,76192,1000.0,100000.0,128x128,10,0,0.0001,0.0001,same_decoder_mapped_linear_mac_only,0.9,configurable_reference,,output_proj|r9c0|pos,output_proj,output_proj,pos,9,0,1143,1270,0,128,0.009999999776482582,0.5372595191001892,0.05439073245619024,1845.4034520448884,50251.25684018647,32300.51017096476,2.07320986494252e-08,52.6678679706405,0.000952761886462556,0.024203983442389936,2176,2176
per_vector,crossbar_core_read_only,"adc,dac,sense,digital_bias,layernorm,softmax,residual,encoder",checkpoints\caption_transformer_epoch_10.pt,checkpoints\caption_transformer_array-128x128_cmm_crosssim.pt,checkpoints\caption_transformer_crosssim_decoder.pt,0.1,10.0,200,200,200,9800,76192,76192,1000.0,100000.0,128x128,10,0,0.0001,0.0001,same_decoder_mapped_linear_mac_only,0.9,configurable_reference,,output_proj|r9c1|neg,output_proj,output_proj,neg,9,1,1143,1270,128,256,0.009999999776482582,0.48434996604919434,0.05344210670499899,2042.8739325497081,50251.25684018647,32490.927882646054,2.2412432795971384e-08,53.826358691265696,0.0010299831248148632,0.02473637807503019,2176,2176
per_vector,crossbar_core_read_only,"adc,dac,sense,digital_bias,layernorm,softmax,residual,encoder",checkpoints\caption_transformer_epoch_10.pt,checkpoints\caption_transformer_array-128x128_cmm_crosssim.pt,checkpoints\caption_transformer_crosssim_decoder.pt,0.1,10.0,200,200,200,9800,76192,76192,1000.0,100000.0,128x128,10,0,0.0001,0.0001,same_decoder_mapped_linear_mac_only,0.9,configurable_reference,,output_proj|r9c1|pos,output_proj,output_proj,pos,9,1,1143,1270,128,256,0.009999999776482582,0.6741408109664917,0.0557065693931182,1476.2339555993929,50251.25684018647,32055.630517625657,2.316079090775561e-08,55.74256390457211,0.0010643745821578828,0.025616987088498213,2176,2176
