activation_scale,energy_scope,excluded,baseline_checkpoint,cmm_crosssim_checkpoint,crosssim_only_checkpoint,vread_v,pulse_ns,sample_limit,processed_images,crosssim_only_processed_images,activation_vectors_per_tile,token_vectors_seen_per_layer_sum,crosssim_only_token_vectors_seen_per_layer_sum,r_on_ohm,r_off_ohm,tile_shape,adc_resolution,dac_resolution,read_noise_std,write_noise_std,digital_reference_scope,digital_mac_energy_pj,digital_mac_model,tile_rank,tile_id,layer_name,group,polarity,core_row,core_col,row_start,row_end,col_start,col_end,g_raw_min,g_raw_max,g_raw_mean,r_min_ohm,r_max_ohm,r_mean_ohm,tile_total_energy_j,tile_total_read_current_a,tile_mean_vector_power_w,tile_mean_vector_read_current_a,vector_count,nonzero_vector_count
per_vector,crossbar_core_read_only,"adc,dac,sense,digital_bias,layernorm,softmax,residual,encoder",checkpoints\caption_transformer_epoch_10.pt,checkpoints\caption_transformer_array-128x128_cmm_crosssim.pt,checkpoints\caption_transformer_crosssim_decoder.pt,0.1,10.0,200,200,200,9800,76192,76192,1000.0,100000.0,128x128,10,0,0.0001,0.0001,same_decoder_mapped_linear_mac_only,0.9,configurable_reference,,layers.0.cross_attn.k_proj|r0c0|neg,layers.0.cross_attn.k_proj,cross_attn,neg,0,0,0,128,0,128,0.009669760662613705,0.9372584715834937,0.11034917595868995,1066.227793809532,51090.62373832651,29403.414632736047,2.515578581390664e-07,552.564499783051,0.0025669169197863966,0.056384132630923574,9800,9800
per_vector,crossbar_core_read_only,"adc,dac,sense,digital_bias,layernorm,softmax,residual,encoder",checkpoints\caption_transformer_epoch_10.pt,checkpoints\caption_transformer_array-128x128_cmm_crosssim.pt,checkpoints\caption_transformer_crosssim_decoder.pt,0.1,10.0,200,200,200,9800,76192,76192,1000.0,100000.0,128x128,10,0,0.0001,0.0001,same_decoder_mapped_linear_mac_only,0.9,configurable_reference,,layers.0.cross_attn.k_proj|r0c0|pos,layers.0.cross_attn.k_proj,cross_attn,pos,0,0,0,128,0,128,0.009545688142860869,0.9999201448918069,0.11137708494810138,1000.0790628075446,51413.27044182213,29262.78938571438,2.542817840689606e-07,557.914291643454,0.0025947120823363316,0.05693002975953612,9800,9800
per_vector,crossbar_core_read_only,"adc,dac,sense,digital_bias,layernorm,softmax,residual,encoder",checkpoints\caption_transformer_epoch_10.pt,checkpoints\caption_transformer_array-128x128_cmm_crosssim.pt,checkpoints\caption_transformer_crosssim_decoder.pt,0.1,10.0,200,200,200,9800,76192,76192,1000.0,100000.0,128x128,10,0,0.0001,0.0001,same_decoder_mapped_linear_mac_only,0.9,configurable_reference,,layers.0.cross_attn.k_proj|r0c1|neg,layers.0.cross_attn.k_proj,cross_attn,neg,0,1,0,128,128,256,0.009646683202673558,0.9307610434262158,0.10931032682624046,1073.5909757591053,51150.32903172492,29539.75714473809,2.493971289653549e-07,547.5237829028868,0.002544868662911797,0.05586977376560069,9800,9800
per_vector,crossbar_core_read_only,"adc,dac,sense,digital_bias,layernorm,softmax,residual,encoder",checkpoints\caption_transformer_epoch_10.pt,checkpoints\caption_transformer_array-128x128_cmm_crosssim.pt,checkpoints\caption_transformer_crosssim_decoder.pt,0.1,10.0,200,200,200,9800,76192,76192,1000.0,100000.0,128x128,10,0,0.0001,0.0001,same_decoder_mapped_linear_mac_only,0.9,configurable_reference,,layers.0.cross_attn.k_proj|r0c1|pos,layers.0.cross_attn.k_proj,cross_attn,pos,0,1,0,128,128,256,0.009600721107808088,0.9038097457958837,0.11161776497522581,1105.251255205676,51269.657442535026,29054.053045326276,2.538968199583654e-07,557.6856703178316,0.002590783877126168,0.056906701052839966,9800,9800
per_vector,crossbar_core_read_only,"adc,dac,sense,digital_bias,layernorm,softmax,residual,encoder",checkpoints\caption_transformer_epoch_10.pt,checkpoints\caption_transformer_array-128x128_cmm_crosssim.pt,checkpoints\caption_transformer_crosssim_decoder.pt,0.1,10.0,200,200,200,9800,76192,76192,1000.0,100000.0,128x128,10,0,0.0001,0.0001,same_decoder_mapped_linear_mac_only,0.9,configurable_reference,,layers.0.cross_attn.k_proj|r1c0|neg,layers.0.cross_attn.k_proj,cross_attn,neg,1,0,128,256,0,128,0.009631612537898458,0.8472745969651639,0.11402787635825012,1178.1312668288315,51189.39476951759,29321.66497572285,2.5951278331220534e-07,569.7149981099004,0.0026480896256347417,0.058134183480602085,9800,9800
per_vector,crossbar_core_read_only,"adc,dac,sense,digital_bias,layernorm,softmax,residual,encoder",checkpoints\caption_transformer_epoch_10.pt,checkpoints\caption_transformer_array-128x128_cmm_crosssim.pt,checkpoints\caption_transformer_crosssim_decoder.pt,0.1,10.0,200,200,200,9800,76192,76192,1000.0,100000.0,128x128,10,0,0.0001,0.0001,same_decoder_mapped_linear_mac_only,0.9,configurable_reference,,layers.0.cross_attn.k_proj|r1c0|pos,layers.0.cross_attn.k_proj,cross_attn,pos,1,0,128,256,0,128,0.009578512695604011,0.9304291328994869,0.11383650465440262,1073.9698430914364,51327.515435221794,29162.367153271167,2.5899543189842617e-07,568.7687596054125,0.0026428105295757836,0.05803762853116454,9800,9800
per_vector,crossbar_core_read_only,"adc,dac,sense,digital_bias,layernorm,softmax,residual,encoder",checkpoints\caption_transformer_epoch_10.pt,checkpoints\caption_transformer_array-128x128_cmm_crosssim.pt,checkpoints\caption_transformer_crosssim_decoder.pt,0.1,10.0,200,200,200,9800,76192,76192,1000.0,100000.0,128x128,10,0,0.0001,0.0001,same_decoder_mapped_linear_mac_only,0.9,configurable_reference,,layers.0.cross_attn.k_proj|r1c1|neg,layers.0.cross_attn.k_proj,cross_attn,neg,1,1,128,256,128,256,0.0096447233919015,0.8296908462004359,0.11373063557670623,1202.7992442670593,51155.40582291461,29296.837114277558,2.5858529328263405e-07,567.6919212499843,0.002638625441659523,0.057927747066324926,9800,9800
per_vector,crossbar_core_read_only,"adc,dac,sense,digital_bias,layernorm,softmax,residual,encoder",checkpoints\caption_transformer_epoch_10.pt,checkpoints\caption_transformer_array-128x128_cmm_crosssim.pt,checkpoints\caption_transformer_crosssim_decoder.pt,0.1,10.0,200,200,200,9800,76192,76192,1000.0,100000.0,128x128,10,0,0.0001,0.0001,same_decoder_mapped_linear_mac_only,0.9,configurable_reference,,layers.0.cross_attn.k_proj|r1c1|pos,layers.0.cross_attn.k_proj,cross_attn,pos,1,1,128,256,128,256,0.0096365499486152,0.9517165041424226,0.11475170497340323,1050.200266830821,51176.58958662349,29127.589845958646,2.6039915602054853e-07,572.0223506740853,0.0026571342451076575,0.05836962761980462,9800,9800
per_vector,crossbar_core_read_only,"adc,dac,sense,digital_bias,layernorm,softmax,residual,encoder",checkpoints\caption_transformer_epoch_10.pt,checkpoints\caption_transformer_array-128x128_cmm_crosssim.pt,checkpoints\caption_transformer_crosssim_decoder.pt,0.1,10.0,200,200,200,9800,76192,76192,1000.0,100000.0,128x128,10,0,0.0001,0.0001,same_decoder_mapped_linear_mac_only,0.9,configurable_reference,,layers.0.cross_attn.o_proj|r0c0|neg,layers.0.cross_attn.o_proj,cross_attn,neg,0,0,0,128,0,128,0.009580976824674315,0.8898213525441045,0.11578410630790405,1122.4312807741,51321.08937552732,29093.035828620246,4.55569577926535e-08,107.86134588716347,0.002093610192677094,0.0495686332202038,2176,2176
per_vector,crossbar_core_read_only,"adc,dac,sense,digital_bias,layernorm,softmax,residual,encoder",checkpoints\caption_transformer_epoch_10.pt,checkpoints\caption_transformer_array-128x128_cmm_crosssim.pt,checkpoints\caption_transformer_crosssim_decoder.pt,0.1,10.0,200,200,200,9800,76192,76192,1000.0,100000.0,128x128,10,0,0.0001,0.0001,same_decoder_mapped_linear_mac_only,0.9,configurable_reference,,layers.0.cross_attn.o_proj|r0c0|pos,layers.0.cross_attn.o_proj,cross_attn,pos,0,0,0,128,0,128,0.009502403288159248,0.8692641474230467,0.11378900454558857,1148.6707216659045,51526.792301338646,29379.219899355885,4.504698238705678e-08,106.44313790757639,0.0020701738229345896,0.048916883229584734,2176,2176
per_vector,crossbar_core_read_only,"adc,dac,sense,digital_bias,layernorm,softmax,residual,encoder",checkpoints\caption_transformer_epoch_10.pt,checkpoints\caption_transformer_array-128x128_cmm_crosssim.pt,checkpoints\caption_transformer_crosssim_decoder.pt,0.1,10.0,200,200,200,9800,76192,76192,1000.0,100000.0,128x128,10,0,0.0001,0.0001,same_decoder_mapped_linear_mac_only,0.9,configurable_reference,,layers.0.cross_attn.o_proj|r0c1|neg,layers.0.cross_attn.o_proj,cross_attn,neg,0,1,0,128,128,256,0.009633160603290093,0.9221971135727963,0.11505882728969696,1083.4527973955524,51185.37916979217,29333.17544836014,4.8350663163116763e-08,112.45613739239575,0.0022219973880108802,0.05168021019871128,2176,2176
per_vector,crossbar_core_read_only,"adc,dac,sense,digital_bias,layernorm,softmax,residual,encoder",checkpoints\caption_transformer_epoch_10.pt,checkpoints\caption_transformer_array-128x128_cmm_crosssim.pt,checkpoints\caption_transformer_crosssim_decoder.pt,0.1,10.0,200,200,200,9800,76192,76192,1000.0,100000.0,128x128,10,0,0.0001,0.0001,same_decoder_mapped_linear_mac_only,0.9,configurable_reference,,layers.0.cross_attn.o_proj|r0c1|pos,layers.0.cross_attn.o_proj,cross_attn,pos,0,1,0,128,128,256,0.009565745925351891,0.9605168559925946,0.11680999428623448,1040.6783610591376,51360.83494131092,29026.807706645457,4.892518996663319e-08,113.96049165867024,0.0022484002742018967,0.05237154947549184,2176,2176
per_vector,crossbar_core_read_only,"adc,dac,sense,digital_bias,layernorm,softmax,residual,encoder",checkpoints\caption_transformer_epoch_10.pt,checkpoints\caption_transformer_array-128x128_cmm_crosssim.pt,checkpoints\caption_transformer_crosssim_decoder.pt,0.1,10.0,200,200,200,9800,76192,76192,1000.0,100000.0,128x128,10,0,0.0001,0.0001,same_decoder_mapped_linear_mac_only,0.9,configurable_reference,,layers.0.cross_attn.o_proj|r1c0|neg,layers.0.cross_attn.o_proj,cross_attn,neg,1,0,128,256,0,128,0.00961526639676351,0.9907693810423774,0.11636956131394774,1009.2225916954917,51231.83427738357,29164.8888102525,4.581510623840111e-08,108.40113826289365,0.0021054736322794632,0.04981669956934451,2176,2176
per_vector,crossbar_core_read_only,"adc,dac,sense,digital_bias,layernorm,softmax,residual,encoder",checkpoints\caption_transformer_epoch_10.pt,checkpoints\caption_transformer_array-128x128_cmm_crosssim.pt,checkpoints\caption_transformer_crosssim_decoder.pt,0.1,10.0,200,200,200,9800,76192,76192,1000.0,100000.0,128x128,10,0,0.0001,0.0001,same_decoder_mapped_linear_mac_only,0.9,configurable_reference,,layers.0.cross_attn.o_proj|r1c0|pos,layers.0.cross_attn.o_proj,cross_attn,pos,1,0,128,256,0,128,0.009582816087598998,1.0000833003885827,0.11650467559617367,999.9175394156118,51316.29391675633,29227.98337949711,4.5449593074247956e-08,107.98934383880739,0.0020886761523091855,0.049627455808275454,2176,2176
per_vector,crossbar_core_read_only,"adc,dac,sense,digital_bias,layernorm,softmax,residual,encoder",checkpoints\caption_transformer_epoch_10.pt,checkpoints\caption_transformer_array-128x128_cmm_crosssim.pt,checkpoints\caption_transformer_crosssim_decoder.pt,0.1,10.0,200,200,200,9800,76192,76192,1000.0,100000.0,128x128,10,0,0.0001,0.0001,same_decoder_mapped_linear_mac_only,0.9,configurable_reference,,layers.0.cross_attn.o_proj|r1c1|neg,layers.0.cross_attn.o_proj,cross_attn,neg,1,1,128,256,128,256,0.00948497459762061,0.9455868716273783,0.11856023731508619,1056.9360869933957,51572.64368595304,28951.144544128758,4.964305835610095e-08,115.56399606437844,0.0022813905494531656,0.05310845407370333,2176,2176
per_vector,crossbar_core_read_only,"adc,dac,sense,digital_bias,layernorm,softmax,residual,encoder",checkpoints\caption_transformer_epoch_10.pt,checkpoints\caption_transformer_array-128x128_cmm_crosssim.pt,checkpoints\caption_transformer_crosssim_decoder.pt,0.1,10.0,200,200,200,9800,76192,76192,1000.0,100000.0,128x128,10,0,0.0001,0.0001,same_decoder_mapped_linear_mac_only,0.9,configurable_reference,,layers.0.cross_attn.o_proj|r1c1|pos,layers.0.cross_attn.o_proj,cross_attn,pos,1,1,128,256,128,256,0.009657213039631206,0.9500660267125283,0.11665814678908247,1052.0055067222318,51123.0692613903,29278.72824057605,4.897972267026568e-08,113.96908937142982,0.0022509063727144084,0.052375500630252675,2176,2176
per_vector,crossbar_core_read_only,"adc,dac,sense,digital_bias,layernorm,softmax,residual,encoder",checkpoints\caption_transformer_epoch_10.pt,checkpoints\caption_transformer_array-128x128_cmm_crosssim.pt,checkpoints\caption_transformer_crosssim_decoder.pt,0.1,10.0,200,200,200,9800,76192,76192,1000.0,100000.0,128x128,10,0,0.0001,0.0001,same_decoder_mapped_linear_mac_only,0.9,configurable_reference,,layers.0.cross_attn.q_proj|r0c0|neg,layers.0.cross_attn.q_proj,cross_attn,neg,0,0,0,128,0,128,0.009628750145500646,0.8792890283133745,0.10275130415835076,1135.7233232585227,51196.82132374866,29466.809289203127,5.027716062827071e-08,112.0726886259405,0.0023105312788727385,0.051503992934715304,2176,2176
per_vector,crossbar_core_read_only,"adc,dac,sense,digital_bias,layernorm,softmax,residual,encoder",checkpoints\caption_transformer_epoch_10.pt,checkpoints\caption_transformer_array-128x128_cmm_crosssim.pt,checkpoints\caption_transformer_crosssim_decoder.pt,0.1,10.0,200,200,200,9800,76192,76192,1000.0,100000.0,128x128,10,0,0.0001,0.0001,same_decoder_mapped_linear_mac_only,0.9,configurable_reference,,layers.0.cross_attn.q_proj|r0c0|pos,layers.0.cross_attn.q_proj,cross_attn,pos,0,0,0,128,0,128,0.00956615203372979,0.9446604886003974,0.10267875894242397,1057.96160766314,51359.77438843488,29732.388324175005,5.0413476851903905e-08,112.23779230690431,0.0023167958112088223,0.05157986778809941,2176,2176
per_vector,crossbar_core_read_only,"adc,dac,sense,digital_bias,layernorm,softmax,residual,encoder",checkpoints\caption_transformer_epoch_10.pt,checkpoints\caption_transformer_array-128x128_cmm_crosssim.pt,checkpoints\caption_transformer_crosssim_decoder.pt,0.1,10.0,200,200,200,9800,76192,76192,1000.0,100000.0,128x128,10,0,0.0001,0.0001,same_decoder_mapped_linear_mac_only,0.9,configurable_reference,,layers.0.cross_attn.q_proj|r0c1|neg,layers.0.cross_attn.q_proj,cross_attn,neg,0,1,0,128,128,256,0.00963232616066663,0.8410153751575679,0.10447301836794924,1186.7953990735718,51187.543591535716,29543.84539399393,4.546966255460665e-08,105.08174017994075,0.002089598462987433,0.04829124089151689,2176,2176
per_vector,crossbar_core_read_only,"adc,dac,sense,digital_bias,layernorm,softmax,residual,encoder",checkpoints\caption_transformer_epoch_10.pt,checkpoints\caption_transformer_array-128x128_cmm_crosssim.pt,checkpoints\caption_transformer_crosssim_decoder.pt,0.1,10.0,200,200,200,9800,76192,76192,1000.0,100000.0,128x128,10,0,0.0001,0.0001,same_decoder_mapped_linear_mac_only,0.9,configurable_reference,,layers.0.cross_attn.q_proj|r0c1|pos,layers.0.cross_attn.q_proj,cross_attn,pos,0,1,0,128,128,256,0.009638612417565463,0.8422159453799589,0.10408560814820625,1185.123683865942,51171.24246679365,29599.923532878747,4.525432822885872e-08,104.63350241439822,0.002079702584046817,0.04808524927132271,2176,2176
per_vector,crossbar_core_read_only,"adc,dac,sense,digital_bias,layernorm,softmax,residual,encoder",checkpoints\caption_transformer_epoch_10.pt,checkpoints\caption_transformer_array-128x128_cmm_crosssim.pt,checkpoints\caption_transformer_crosssim_decoder.pt,0.1,10.0,200,200,200,9800,76192,76192,1000.0,100000.0,128x128,10,0,0.0001,0.0001,same_decoder_mapped_linear_mac_only,0.9,configurable_reference,,layers.0.cross_attn.q_proj|r1c0|neg,layers.0.cross_attn.q_proj,cross_attn,neg,1,0,128,256,0,128,0.009612682740662163,0.9097488685991374,0.1052548510542952,1098.1150658283477,51238.548668354204,29819.711785451247,5.1204455211408084e-08,114.34157109633594,0.002353145919641922,0.05254667789353674,2176,2176
per_vector,crossbar_core_read_only,"adc,dac,sense,digital_bias,layernorm,softmax,residual,encoder",checkpoints\caption_transformer_epoch_10.pt,checkpoints\caption_transformer_array-128x128_cmm_crosssim.pt,checkpoints\caption_transformer_crosssim_decoder.pt,0.1,10.0,200,200,200,9800,76192,76192,1000.0,100000.0,128x128,10,0,0.0001,0.0001,same_decoder_mapped_linear_mac_only,0.9,configurable_reference,,layers.0.cross_attn.q_proj|r1c0|pos,layers.0.cross_attn.q_proj,cross_attn,pos,1,0,128,256,0,128,0.009631294455335112,0.8782678700102977,0.10647797522890812,1137.0288094450696,51190.2199368901,29183.8329111477,5.178881212810192e-08,115.55981676906785,0.002380000557357621,0.053106533441667214,2176,2176
per_vector,crossbar_core_read_only,"adc,dac,sense,digital_bias,layernorm,softmax,residual,encoder",checkpoints\caption_transformer_epoch_10.pt,checkpoints\caption_transformer_array-128x128_cmm_crosssim.pt,checkpoints\caption_transformer_crosssim_decoder.pt,0.1,10.0,200,200,200,9800,76192,76192,1000.0,100000.0,128x128,10,0,0.0001,0.0001,same_decoder_mapped_linear_mac_only,0.9,configurable_reference,,layers.0.cross_attn.q_proj|r1c1|neg,layers.0.cross_attn.q_proj,cross_attn,neg,1,1,128,256,128,256,0.009645182798736171,0.9998046152487454,0.10782079029458438,1000.1934683264952,51154.215662199334,29498.59599106477,4.6556429781664514e-08,107.79169983462471,0.0021395418098191436,0.04953662676223562,2176,2176
per_vector,crossbar_core_read_only,"adc,dac,sense,digital_bias,layernorm,softmax,residual,encoder",checkpoints\caption_transformer_epoch_10.pt,checkpoints\caption_transformer_array-128x128_cmm_crosssim.pt,checkpoints\caption_transformer_crosssim_decoder.pt,0.1,10.0,200,200,200,9800,76192,76192,1000.0,100000.0,128x128,10,0,0.0001,0.0001,same_decoder_mapped_linear_mac_only,0.9,configurable_reference,,layers.0.cross_attn.q_proj|r1c1|pos,layers.0.cross_attn.q_proj,cross_attn,pos,1,1,128,256,128,256,0.009577857923389943,0.9553158448769541,0.10672544268232248,1046.2848301152417,51329.22324843964,29499.208695231555,4.640251596724117e-08,107.2162652459474,0.0021324685646710168,0.04927218071964495,2176,2176
per_vector,crossbar_core_read_only,"adc,dac,sense,digital_bias,layernorm,softmax,residual,encoder",checkpoints\caption_transformer_epoch_10.pt,checkpoints\caption_transformer_array-128x128_cmm_crosssim.pt,checkpoints\caption_transformer_crosssim_decoder.pt,0.1,10.0,200,200,200,9800,76192,76192,1000.0,100000.0,128x128,10,0,0.0001,0.0001,same_decoder_mapped_linear_mac_only,0.9,configurable_reference,,layers.0.cross_attn.v_proj|r0c0|neg,layers.0.cross_attn.v_proj,cross_attn,neg,0,0,0,128,0,128,0.009669139910574808,0.8865393482804264,0.11787647315112007,1126.5397554983876,51092.22790464975,29072.346181153687,2.670085903962574e-07,586.8129442518781,0.002724577453023048,0.05987887186243654,9800,9800
per_vector,crossbar_core_read_only,"adc,dac,sense,digital_bias,layernorm,softmax,residual,encoder",checkpoints\caption_transformer_epoch_10.pt,checkpoints\caption_transformer_array-128x128_cmm_crosssim.pt,checkpoints\caption_transformer_crosssim_decoder.pt,0.1,10.0,200,200,200,9800,76192,76192,1000.0,100000.0,128x128,10,0,0.0001,0.0001,same_decoder_mapped_linear_mac_only,0.9,configurable_reference,,layers.0.cross_attn.v_proj|r0c0|pos,layers.0.cross_attn.v_proj,cross_attn,pos,0,0,0,128,0,128,0.009607525069161288,0.8398546458281733,0.11617578497140049,1188.4161285999721,51251.95766095213,29133.091689429995,2.6354999387115663e-07,579.1439546834089,0.0026892856517464953,0.059096321906470295,9800,9800
per_vector,crossbar_core_read_only,"adc,dac,sense,digital_bias,layernorm,softmax,residual,encoder",checkpoints\caption_transformer_epoch_10.pt,checkpoints\caption_transformer_array-128x128_cmm_crosssim.pt,checkpoints\caption_transformer_crosssim_decoder.pt,0.1,10.0,200,200,200,9800,76192,76192,1000.0,100000.0,128x128,10,0,0.0001,0.0001,same_decoder_mapped_linear_mac_only,0.9,configurable_reference,,layers.0.cross_attn.v_proj|r0c1|neg,layers.0.cross_attn.v_proj,cross_attn,neg,0,1,0,128,128,256,0.009660917896683514,0.8771456678397718,0.1150560121466496,1138.4669395949295,51113.484990882345,29314.251347460628,2.608253691759174e-07,573.2200172482405,0.0026614833589379302,0.05849183849471842,9800,9800
per_vector,crossbar_core_read_only,"adc,dac,sense,digital_bias,layernorm,softmax,residual,encoder",checkpoints\caption_transformer_epoch_10.pt,checkpoints\caption_transformer_array-128x128_cmm_crosssim.pt,checkpoints\caption_transformer_crosssim_decoder.pt,0.1,10.0,200,200,200,9800,76192,76192,1000.0,100000.0,128x128,10,0,0.0001,0.0001,same_decoder_mapped_linear_mac_only,0.9,configurable_reference,,layers.0.cross_attn.v_proj|r0c1|pos,layers.0.cross_attn.v_proj,cross_attn,pos,0,1,0,128,128,256,0.009653485711349104,0.894706129105007,0.1179500222778413,1116.371618141066,51132.71529152621,28863.223789909698,2.6680308330514637e-07,586.321154377845,0.0027224804418892507,0.05982868922222908,9800,9800
per_vector,crossbar_core_read_only,"adc,dac,sense,digital_bias,layernorm,softmax,residual,encoder",checkpoints\caption_transformer_epoch_10.pt,checkpoints\caption_transformer_array-128x128_cmm_crosssim.pt,checkpoints\caption_transformer_crosssim_decoder.pt,0.1,10.0,200,200,200,9800,76192,76192,1000.0,100000.0,128x128,10,0,0.0001,0.0001,same_decoder_mapped_linear_mac_only,0.9,configurable_reference,,layers.0.cross_attn.v_proj|r1c0|neg,layers.0.cross_attn.v_proj,cross_attn,neg,1,0,128,256,0,128,0.009626596729021199,0.9999815853845437,0.11706056868746394,1000.0182308016578,51202.4098413871,28951.664812000483,2.649289413765628e-07,582.6238413504575,0.0027033565446587995,0.05945141238269974,9800,9800
per_vector,crossbar_core_read_only,"adc,dac,sense,digital_bias,layernorm,softmax,residual,encoder",checkpoints\caption_transformer_epoch_10.pt,checkpoints\caption_transformer_array-128x128_cmm_crosssim.pt,checkpoints\caption_transformer_crosssim_decoder.pt,0.1,10.0,200,200,200,9800,76192,76192,1000.0,100000.0,128x128,10,0,0.0001,0.0001,same_decoder_mapped_linear_mac_only,0.9,configurable_reference,,layers.0.cross_attn.v_proj|r1c0|pos,layers.0.cross_attn.v_proj,cross_attn,pos,1,0,128,256,0,128,0.009523181489932912,0.9140747102940548,0.11668352533432713,1092.975056376956,51472.235450819455,29157.364220521857,2.648746134875215e-07,581.7627377209876,0.002702802178444113,0.0593635446654069,9800,9800
per_vector,crossbar_core_read_only,"adc,dac,sense,digital_bias,layernorm,softmax,residual,encoder",checkpoints\caption_transformer_epoch_10.pt,checkpoints\caption_transformer_array-128x128_cmm_crosssim.pt,checkpoints\caption_transformer_crosssim_decoder.pt,0.1,10.0,200,200,200,9800,76192,76192,1000.0,100000.0,128x128,10,0,0.0001,0.0001,same_decoder_mapped_linear_mac_only,0.9,configurable_reference,,layers.0.cross_attn.v_proj|r1c1|neg,layers.0.cross_attn.v_proj,cross_attn,neg,1,1,128,256,128,256,0.009629738751296423,0.8716783048283758,0.11984735178491464,1145.5258623093243,51194.256115774806,28736.91875705887,2.7087743254049337e-07,595.2231221183387,0.0027640554340866686,0.0607370532773815,9800,9800
per_vector,crossbar_core_read_only,"adc,dac,sense,digital_bias,layernorm,softmax,residual,encoder",checkpoints\caption_transformer_epoch_10.pt,checkpoints\caption_transformer_array-128x128_cmm_crosssim.pt,checkpoints\caption_transformer_crosssim_decoder.pt,0.1,10.0,200,200,200,9800,76192,76192,1000.0,100000.0,128x128,10,0,0.0001,0.0001,same_decoder_mapped_linear_mac_only,0.9,configurable_reference,,layers.0.cross_attn.v_proj|r1c1|pos,layers.0.cross_attn.v_proj,cross_attn,pos,1,1,128,256,128,256,0.009649752135712088,0.9615605494889781,0.11396359742869272,1039.560534356471,51142.3811392428,29471.871962343765,2.5852252460801863e-07,568.0927371927162,0.0026379849449797758,0.057968646652317976,9800,9800
per_vector,crossbar_core_read_only,"adc,dac,sense,digital_bias,layernorm,softmax,residual,encoder",checkpoints\caption_transformer_epoch_10.pt,checkpoints\caption_transformer_array-128x128_cmm_crosssim.pt,checkpoints\caption_transformer_crosssim_decoder.pt,0.1,10.0,200,200,200,9800,76192,76192,1000.0,100000.0,128x128,10,0,0.0001,0.0001,same_decoder_mapped_linear_mac_only,0.9,configurable_reference,,layers.0.ffn.0|r0c0|neg,layers.0.ffn.0,ffn,neg,0,0,0,128,0,128,0.009625392765679296,0.7091566215170328,0.08433780380194758,1404.3660653675452,51205.53488272803,30152.943088983277,4.126792271662651e-08,92.61832393257014,0.0018965038013155624,0.042563567983717895,2176,2176
per_vector,crossbar_core_read_only,"adc,dac,sense,digital_bias,layernorm,softmax,residual,encoder",checkpoints\caption_transformer_epoch_10.pt,checkpoints\caption_transformer_array-128x128_cmm_crosssim.pt,checkpoints\caption_transformer_crosssim_decoder.pt,0.1,10.0,200,200,200,9800,76192,76192,1000.0,100000.0,128x128,10,0,0.0001,0.0001,same_decoder_mapped_linear_mac_only,0.9,configurable_reference,,layers.0.ffn.0|r0c0|pos,layers.0.ffn.0,ffn,pos,0,0,0,128,0,128,0.009635094019037399,0.6350160070792232,0.08272388674083794,1565.7640136608072,51180.36487631679,30447.87695151991,3.990867528408355e-08,90.1239326934145,0.0018340383862170812,0.04141724848042946,2176,2176
per_vector,crossbar_core_read_only,"adc,dac,sense,digital_bias,layernorm,softmax,residual,encoder",checkpoints\caption_transformer_epoch_10.pt,checkpoints\caption_transformer_array-128x128_cmm_crosssim.pt,checkpoints\caption_transformer_crosssim_decoder.pt,0.1,10.0,200,200,200,9800,76192,76192,1000.0,100000.0,128x128,10,0,0.0001,0.0001,same_decoder_mapped_linear_mac_only,0.9,configurable_reference,,layers.0.ffn.0|r0c1|neg,layers.0.ffn.0,ffn,neg,0,1,0,128,128,256,0.009649724905944481,0.7262460522354646,0.08187001215186779,1371.772988264389,51142.4516477658,30531.226768563793,3.376342936997967e-08,79.95294001254868,0.0015516281879586302,0.036743079049884504,2176,2176
per_vector,crossbar_core_read_only,"adc,dac,sense,digital_bias,layernorm,softmax,residual,encoder",checkpoints\caption_transformer_epoch_10.pt,checkpoints\caption_transformer_array-128x128_cmm_crosssim.pt,checkpoints\caption_transformer_crosssim_decoder.pt,0.1,10.0,200,200,200,9800,76192,76192,1000.0,100000.0,128x128,10,0,0.0001,0.0001,same_decoder_mapped_linear_mac_only,0.9,configurable_reference,,layers.0.ffn.0|r0c1|pos,layers.0.ffn.0,ffn,pos,0,1,0,128,128,256,0.009650199257312427,0.7139532088225828,0.08408744657624859,1395.0626675481092,51141.22339427211,30176.53548519929,3.4552002104777656e-08,82.1435005173926,0.0015878677437857383,0.03774977045836057,2176,2176
per_vector,crossbar_core_read_only,"adc,dac,sense,digital_bias,layernorm,softmax,residual,encoder",checkpoints\caption_transformer_epoch_10.pt,checkpoints\caption_transformer_array-128x128_cmm_crosssim.pt,checkpoints\caption_transformer_crosssim_decoder.pt,0.1,10.0,200,200,200,9800,76192,76192,1000.0,100000.0,128x128,10,0,0.0001,0.0001,same_decoder_mapped_linear_mac_only,0.9,configurable_reference,,layers.0.ffn.0|r1c0|neg,layers.0.ffn.0,ffn,neg,1,0,128,256,0,128,0.009630190081862697,0.6798656773235099,0.08212273726995648,1463.9851872725546,51193.08510071295,30347.90849246205,4.0298998435593484e-08,90.47454794679517,0.001851976031047499,0.04157837681378455,2176,2176
per_vector,crossbar_core_read_only,"adc,dac,sense,digital_bias,layernorm,softmax,residual,encoder",checkpoints\caption_transformer_epoch_10.pt,checkpoints\caption_transformer_array-128x128_cmm_crosssim.pt,checkpoints\caption_transformer_crosssim_decoder.pt,0.1,10.0,200,200,200,9800,76192,76192,1000.0,100000.0,128x128,10,0,0.0001,0.0001,same_decoder_mapped_linear_mac_only,0.9,configurable_reference,,layers.0.ffn.0|r1c0|pos,layers.0.ffn.0,ffn,pos,1,0,128,256,0,128,0.009629411959908536,0.733246814705715,0.08268018485049482,1358.8537914449976,51195.104036916906,30431.58444023492,3.9881326398664914e-08,90.08693807751962,0.0018327815440562878,0.041400247278271886,2176,2176
per_vector,crossbar_core_read_only,"adc,dac,sense,digital_bias,layernorm,softmax,residual,encoder",checkpoints\caption_transformer_epoch_10.pt,checkpoints\caption_transformer_array-128x128_cmm_crosssim.pt,checkpoints\caption_transformer_crosssim_decoder.pt,0.1,10.0,200,200,200,9800,76192,76192,1000.0,100000.0,128x128,10,0,0.0001,0.0001,same_decoder_mapped_linear_mac_only,0.9,configurable_reference,,layers.0.ffn.0|r1c1|neg,layers.0.ffn.0,ffn,neg,1,1,128,256,128,256,0.009618743668969972,0.7051397888642471,0.08320744249592854,1412.2530643698299,51222.80033935894,30340.1555624968,3.3960469035245605e-08,80.7990673779912,0.0015606833196344485,0.03713192434650331,2176,2176
per_vector,crossbar_core_read_only,"adc,dac,sense,digital_bias,layernorm,softmax,residual,encoder",checkpoints\caption_transformer_epoch_10.pt,checkpoints\caption_transformer_array-128x128_cmm_crosssim.pt,checkpoints\caption_transformer_crosssim_decoder.pt,0.1,10.0,200,200,200,9800,76192,76192,1000.0,100000.0,128x128,10,0,0.0001,0.0001,same_decoder_mapped_linear_mac_only,0.9,configurable_reference,,layers.0.ffn.0|r1c1|pos,layers.0.ffn.0,ffn,pos,1,1,128,256,128,256,0.009663013577412406,0.788161616234416,0.08260952732363726,1265.3742976018652,51108.06516609237,30439.844119146437,3.435012789156123e-08,81.20662999350063,0.0015785904361930764,0.03731922334260139,2176,2176
per_vector,crossbar_core_read_only,"adc,dac,sense,digital_bias,layernorm,softmax,residual,encoder",checkpoints\caption_transformer_epoch_10.pt,checkpoints\caption_transformer_array-128x128_cmm_crosssim.pt,checkpoints\caption_transformer_crosssim_decoder.pt,0.1,10.0,200,200,200,9800,76192,76192,1000.0,100000.0,128x128,10,0,0.0001,0.0001,same_decoder_mapped_linear_mac_only,0.9,configurable_reference,,layers.0.ffn.0|r2c0|neg,layers.0.ffn.0,ffn,neg,2,0,256,384,0,128,0.009620466154499737,0.6968461343136579,0.0837914919841718,1428.8211192045267,51218.32650934563,30231.564482660684,4.0898595456865664e-08,91.92298504748518,0.0018795310412162568,0.042244018863734,2176,2176
per_vector,crossbar_core_read_only,"adc,dac,sense,digital_bias,layernorm,softmax,residual,encoder",checkpoints\caption_transformer_epoch_10.pt,checkpoints\caption_transformer_array-128x128_cmm_crosssim.pt,checkpoints\caption_transformer_crosssim_decoder.pt,0.1,10.0,200,200,200,9800,76192,76192,1000.0,100000.0,128x128,10,0,0.0001,0.0001,same_decoder_mapped_linear_mac_only,0.9,configurable_reference,,layers.0.ffn.0|r2c0|pos,layers.0.ffn.0,ffn,pos,2,0,256,384,0,128,0.009650950408379405,0.7148335311432809,0.08219493330136549,1393.368576930069,51139.27853495036,30514.69966436069,3.9633013399378975e-08,89.58860806560855,0.001821370101074398,0.04117123532426864,2176,2176
per_vector,crossbar_core_read_only,"adc,dac,sense,digital_bias,layernorm,softmax,residual,encoder",checkpoints\caption_transformer_epoch_10.pt,checkpoints\caption_transformer_array-128x128_cmm_crosssim.pt,checkpoints\caption_transformer_crosssim_decoder.pt,0.1,10.0,200,200,200,9800,76192,76192,1000.0,100000.0,128x128,10,0,0.0001,0.0001,same_decoder_mapped_linear_mac_only,0.9,configurable_reference,,layers.0.ffn.0|r2c1|neg,layers.0.ffn.0,ffn,neg,2,1,256,384,128,256,0.009644360098619116,0.7666513787157864,0.08147508312855542,1300.4157111633303,51156.34702660464,30690.568991633154,3.337374217332462e-08,79.35005990858079,0.0015337197689946926,0.03646602017857573,2176,2176
per_vector,crossbar_core_read_only,"adc,dac,sense,digital_bias,layernorm,softmax,residual,encoder",checkpoints\caption_transformer_epoch_10.pt,checkpoints\caption_transformer_array-128x128_cmm_crosssim.pt,checkpoints\caption_transformer_crosssim_decoder.pt,0.1,10.0,200,200,200,9800,76192,76192,1000.0,100000.0,128x128,10,0,0.0001,0.0001,same_decoder_mapped_linear_mac_only,0.9,configurable_reference,,layers.0.ffn.0|r2c1|pos,layers.0.ffn.0,ffn,pos,2,1,256,384,128,256,0.009620973705704425,0.7775729038111345,0.08392201616182682,1282.3847435598514,51217.008390256975,30178.640054258314,3.469218099177364e-08,82.15664200122791,0.0015943097882248872,0.037755809743211355,2176,2176
per_vector,crossbar_core_read_only,"adc,dac,sense,digital_bias,layernorm,softmax,residual,encoder",checkpoints\caption_transformer_epoch_10.pt,checkpoints\caption_transformer_array-128x128_cmm_crosssim.pt,checkpoints\caption_transformer_crosssim_decoder.pt,0.1,10.0,200,200,200,9800,76192,76192,1000.0,100000.0,128x128,10,0,0.0001,0.0001,same_decoder_mapped_linear_mac_only,0.9,configurable_reference,,layers.0.ffn.0|r3c0|neg,layers.0.ffn.0,ffn,neg,3,0,384,512,0,128,0.009587261305484054,0.7084110541244852,0.0825128553394058,1405.823312361257,51304.70772400208,30471.547640212884,4.0444408625583514e-08,90.78311505685171,0.0018586584846315946,0.041720181551862,2176,2176
per_vector,crossbar_core_read_only,"adc,dac,sense,digital_bias,layernorm,softmax,residual,encoder",checkpoints\caption_transformer_epoch_10.pt,checkpoints\caption_transformer_array-128x128_cmm_crosssim.pt,checkpoints\caption_transformer_crosssim_decoder.pt,0.1,10.0,200,200,200,9800,76192,76192,1000.0,100000.0,128x128,10,0,0.0001,0.0001,same_decoder_mapped_linear_mac_only,0.9,configurable_reference,,layers.0.ffn.0|r3c0|pos,layers.0.ffn.0,ffn,pos,3,0,384,512,0,128,0.009622269064525154,0.6259027661087031,0.08206194370923119,1588.1997055437978,51213.6446289355,30330.93689578145,3.9238823727826524e-08,89.09809936751331,0.0018032547669037916,0.040945817724041045,2176,2176
per_vector,crossbar_core_read_only,"adc,dac,sense,digital_bias,layernorm,softmax,residual,encoder",checkpoints\caption_transformer_epoch_10.pt,checkpoints\caption_transformer_array-128x128_cmm_crosssim.pt,checkpoints\caption_transformer_crosssim_decoder.pt,0.1,10.0,200,200,200,9800,76192,76192,1000.0,100000.0,128x128,10,0,0.0001,0.0001,same_decoder_mapped_linear_mac_only,0.9,configurable_reference,,layers.0.ffn.0|r3c1|neg,layers.0.ffn.0,ffn,neg,3,1,384,512,128,256,0.009642908402031112,0.6734068375515609,0.08102020812571571,1477.819184622511,51160.10836174295,30673.101119105922,3.318767747279362e-08,78.94248776398642,0.0015251690015070606,0.03627871680330258,2176,2176
per_vector,crossbar_core_read_only,"adc,dac,sense,digital_bias,layernorm,softmax,residual,encoder",checkpoints\caption_transformer_epoch_10.pt,checkpoints\caption_transformer_array-128x128_cmm_crosssim.pt,checkpoints\caption_transformer_crosssim_decoder.pt,0.1,10.0,200,200,200,9800,76192,76192,1000.0,100000.0,128x128,10,0,0.0001,0.0001,same_decoder_mapped_linear_mac_only,0.9,configurable_reference,,layers.0.ffn.0|r3c1|pos,layers.0.ffn.0,ffn,pos,3,1,384,512,128,256,0.009645695817042433,0.70777809714584,0.08348961616294176,1407.0628325915,51152.88667856094,30079.033960966528,3.4546003051257347e-08,81.82021379951742,0.0015875920519879303,0.037601201194631166,2176,2176
per_vector,crossbar_core_read_only,"adc,dac,sense,digital_bias,layernorm,softmax,residual,encoder",checkpoints\caption_transformer_epoch_10.pt,checkpoints\caption_transformer_array-128x128_cmm_crosssim.pt,checkpoints\caption_transformer_crosssim_decoder.pt,0.1,10.0,200,200,200,9800,76192,76192,1000.0,100000.0,128x128,10,0,0.0001,0.0001,same_decoder_mapped_linear_mac_only,0.9,configurable_reference,,layers.0.ffn.0|r4c0|neg,layers.0.ffn.0,ffn,neg,4,0,512,640,0,128,0.0096208709257185,0.6885579619567659,0.08168238019091273,1445.7711852263728,51217.27530614569,30480.681608628023,3.9939361044011386e-08,89.79857660403582,0.0018354485773902285,0.04126772821876646,2176,2176
per_vector,crossbar_core_read_only,"adc,dac,sense,digital_bias,layernorm,softmax,residual,encoder",checkpoints\caption_transformer_epoch_10.pt,checkpoints\caption_transformer_array-128x128_cmm_crosssim.pt,checkpoints\caption_transformer_crosssim_decoder.pt,0.1,10.0,200,200,200,9800,76192,76192,1000.0,100000.0,128x128,10,0,0.0001,0.0001,same_decoder_mapped_linear_mac_only,0.9,configurable_reference,,layers.0.ffn.0|r4c0|pos,layers.0.ffn.0,ffn,pos,4,0,512,640,0,128,0.009622093407936242,0.7793651721534619,0.08234654807078794,1279.4734376290485,51214.10074448127,30391.77836872473,3.963478763824144e-08,89.66396432003455,0.0018214516377868283,0.04120586595589823,2176,2176
per_vector,crossbar_core_read_only,"adc,dac,sense,digital_bias,layernorm,softmax,residual,encoder",checkpoints\caption_transformer_epoch_10.pt,checkpoints\caption_transformer_array-128x128_cmm_crosssim.pt,checkpoints\caption_transformer_crosssim_decoder.pt,0.1,10.0,200,200,200,9800,76192,76192,1000.0,100000.0,128x128,10,0,0.0001,0.0001,same_decoder_mapped_linear_mac_only,0.9,configurable_reference,,layers.0.ffn.0|r4c1|neg,layers.0.ffn.0,ffn,neg,4,1,512,640,128,256,0.009625273072943577,0.7081122166103476,0.0832253554293931,1406.4082538916523,51205.845581428846,30367.865397037123,3.396931816401701e-08,80.85054515806088,0.0015610899891551882,0.03715558141455004,2176,2176
per_vector,crossbar_core_read_only,"adc,dac,sense,digital_bias,layernorm,softmax,residual,encoder",checkpoints\caption_transformer_epoch_10.pt,checkpoints\caption_transformer_array-128x128_cmm_crosssim.pt,checkpoints\caption_transformer_crosssim_decoder.pt,0.1,10.0,200,200,200,9800,76192,76192,1000.0,100000.0,128x128,10,0,0.0001,0.0001,same_decoder_mapped_linear_mac_only,0.9,configurable_reference,,layers.0.ffn.0|r4c1|pos,layers.0.ffn.0,ffn,pos,4,1,512,640,128,256,0.00959818181523796,0.674017853725725,0.08304318651004494,1476.4992803309624,51276.266275058224,30352.81884795243,3.448138040753639e-08,81.53266092470942,0.001584622261375754,0.0374690537337819,2176,2176
per_vector,crossbar_core_read_only,"adc,dac,sense,digital_bias,layernorm,softmax,residual,encoder",checkpoints\caption_transformer_epoch_10.pt,checkpoints\caption_transformer_array-128x128_cmm_crosssim.pt,checkpoints\caption_transformer_crosssim_decoder.pt,0.1,10.0,200,200,200,9800,76192,76192,1000.0,100000.0,128x128,10,0,0.0001,0.0001,same_decoder_mapped_linear_mac_only,0.9,configurable_reference,,layers.0.ffn.0|r5c0|neg,layers.0.ffn.0,ffn,neg,5,0,640,768,0,128,0.009614124365118212,0.693251300120709,0.08253205814326253,1436.1238250324277,51234.801965790255,30321.79571638873,4.030435536967255e-08,90.6676077171122,0.0018522222136798086,0.0416670991347023,2176,2176
per_vector,crossbar_core_read_only,"adc,dac,sense,digital_bias,layernorm,softmax,residual,encoder",checkpoints\caption_transformer_epoch_10.pt,checkpoints\caption_transformer_array-128x128_cmm_crosssim.pt,checkpoints\caption_transformer_crosssim_decoder.pt,0.1,10.0,200,200,200,9800,76192,76192,1000.0,100000.0,128x128,10,0,0.0001,0.0001,same_decoder_mapped_linear_mac_only,0.9,configurable_reference,,layers.0.ffn.0|r5c0|pos,layers.0.ffn.0,ffn,pos,5,0,640,768,0,128,0.009635156585124692,1.000055173342891,0.08242517498223034,999.945381373895,51180.202628235515,30472.596885449733,3.972180714605197e-08,89.76788175832161,0.0018254506960501777,0.041253622131581624,2176,2176
per_vector,crossbar_core_read_only,"adc,dac,sense,digital_bias,layernorm,softmax,residual,encoder",checkpoints\caption_transformer_epoch_10.pt,checkpoints\caption_transformer_array-128x128_cmm_crosssim.pt,checkpoints\caption_transformer_crosssim_decoder.pt,0.1,10.0,200,200,200,9800,76192,76192,1000.0,100000.0,128x128,10,0,0.0001,0.0001,same_decoder_mapped_linear_mac_only,0.9,configurable_reference,,layers.0.ffn.0|r5c1|neg,layers.0.ffn.0,ffn,neg,5,1,640,768,128,256,0.009613212163902306,0.7189723353058808,0.0817110600218996,1385.458701054665,51237.17266284449,30457.52006764806,3.351496529147614e-08,79.58091532901469,0.0015402098019979841,0.03657211182399572,2176,2176
per_vector,crossbar_core_read_only,"adc,dac,sense,digital_bias,layernorm,softmax,residual,encoder",checkpoints\caption_transformer_epoch_10.pt,checkpoints\caption_transformer_array-128x128_cmm_crosssim.pt,checkpoints\caption_transformer_crosssim_decoder.pt,0.1,10.0,200,200,200,9800,76192,76192,1000.0,100000.0,128x128,10,0,0.0001,0.0001,same_decoder_mapped_linear_mac_only,0.9,configurable_reference,,layers.0.ffn.0|r5c1|pos,layers.0.ffn.0,ffn,pos,5,1,640,768,128,256,0.00956778112018382,0.6256728794409262,0.08220252170325378,1588.7739756484332,51355.52046597481,30393.45468212269,3.37946750873976e-08,80.42142228100296,0.0015530641124723223,0.03695837421001974,2176,2176
per_vector,crossbar_core_read_only,"adc,dac,sense,digital_bias,layernorm,softmax,residual,encoder",checkpoints\caption_transformer_epoch_10.pt,checkpoints\caption_transformer_array-128x128_cmm_crosssim.pt,checkpoints\caption_transformer_crosssim_decoder.pt,0.1,10.0,200,200,200,9800,76192,76192,1000.0,100000.0,128x128,10,0,0.0001,0.0001,same_decoder_mapped_linear_mac_only,0.9,configurable_reference,,layers.0.ffn.0|r6c0|neg,layers.0.ffn.0,ffn,neg,6,0,768,896,0,128,0.009632270116412198,0.6997249496493648,0.0829839909554759,1423.026301343266,51187.688968669434,30424.74176752717,4.076099665113805e-08,91.3771607377995,0.0018732075666883304,0.04199318048612109,2176,2176
per_vector,crossbar_core_read_only,"adc,dac,sense,digital_bias,layernorm,softmax,residual,encoder",checkpoints\caption_transformer_epoch_10.pt,checkpoints\caption_transformer_array-128x128_cmm_crosssim.pt,checkpoints\caption_transformer_crosssim_decoder.pt,0.1,10.0,200,200,200,9800,76192,76192,1000.0,100000.0,128x128,10,0,0.0001,0.0001,same_decoder_mapped_linear_mac_only,0.9,configurable_reference,,layers.0.ffn.0|r6c0|pos,layers.0.ffn.0,ffn,pos,6,0,768,896,0,128,0.009628034527673104,0.6853819795265513,0.08307307436739284,1452.3734227373843,51198.6783502161,30263.547721327945,3.975059785673482e-08,90.16601809893427,0.001826773798563184,0.04143658919987788,2176,2176
per_vector,crossbar_core_read_only,"adc,dac,sense,digital_bias,layernorm,softmax,residual,encoder",checkpoints\caption_transformer_epoch_10.pt,checkpoints\caption_transformer_array-128x128_cmm_crosssim.pt,checkpoints\caption_transformer_crosssim_decoder.pt,0.1,10.0,200,200,200,9800,76192,76192,1000.0,100000.0,128x128,10,0,0.0001,0.0001,same_decoder_mapped_linear_mac_only,0.9,configurable_reference,,layers.0.ffn.0|r6c1|neg,layers.0.ffn.0,ffn,neg,6,1,768,896,128,256,0.009588706418919811,0.7209264022982564,0.08142124621108723,1381.7553117273821,51300.942249655396,30648.266253099355,3.3440655592026764e-08,79.46757814150752,0.001536794834192411,0.036520026719442794,2176,2176
per_vector,crossbar_core_read_only,"adc,dac,sense,digital_bias,layernorm,softmax,residual,encoder",checkpoints\caption_transformer_epoch_10.pt,checkpoints\caption_transformer_array-128x128_cmm_crosssim.pt,checkpoints\caption_transformer_crosssim_decoder.pt,0.1,10.0,200,200,200,9800,76192,76192,1000.0,100000.0,128x128,10,0,0.0001,0.0001,same_decoder_mapped_linear_mac_only,0.9,configurable_reference,,layers.0.ffn.0|r6c1|pos,layers.0.ffn.0,ffn,pos,6,1,768,896,128,256,0.009649677112605344,0.720093079823108,0.08384484493083984,1383.332218158572,51142.575403891824,30109.316170718346,3.4557902309174926e-08,81.95937658345437,0.0015881388928848748,0.03766515467989631,2176,2176
per_vector,crossbar_core_read_only,"adc,dac,sense,digital_bias,layernorm,softmax,residual,encoder",checkpoints\caption_transformer_epoch_10.pt,checkpoints\caption_transformer_array-128x128_cmm_crosssim.pt,checkpoints\caption_transformer_crosssim_decoder.pt,0.1,10.0,200,200,200,9800,76192,76192,1000.0,100000.0,128x128,10,0,0.0001,0.0001,same_decoder_mapped_linear_mac_only,0.9,configurable_reference,,layers.0.ffn.0|r7c0|neg,layers.0.ffn.0,ffn,neg,7,0,896,1024,0,128,0.0096576513443261,0.7096952405482106,0.08349465547881244,1403.315187026813,51121.93520272257,30330.546505453756,4.0906178297994244e-08,91.78948044855477,0.00187987951737106,0.04218266564731377,2176,2176
per_vector,crossbar_core_read_only,"adc,dac,sense,digital_bias,layernorm,softmax,residual,encoder",checkpoints\caption_transformer_epoch_10.pt,checkpoints\caption_transformer_array-128x128_cmm_crosssim.pt,checkpoints\caption_transformer_crosssim_decoder.pt,0.1,10.0,200,200,200,9800,76192,76192,1000.0,100000.0,128x128,10,0,0.0001,0.0001,same_decoder_mapped_linear_mac_only,0.9,configurable_reference,,layers.0.ffn.0|r7c0|pos,layers.0.ffn.0,ffn,pos,7,0,896,1024,0,128,0.00957724362436439,0.7028388953196211,0.08232186418986373,1416.8108734284626,51330.825600572294,30317.085251241515,3.9515936220741234e-08,89.46485472162999,0.00181598971602671,0.041114363383102016,2176,2176
per_vector,crossbar_core_read_only,"adc,dac,sense,digital_bias,layernorm,softmax,residual,encoder",checkpoints\caption_transformer_epoch_10.pt,checkpoints\caption_transformer_array-128x128_cmm_crosssim.pt,checkpoints\caption_transformer_crosssim_decoder.pt,0.1,10.0,200,200,200,9800,76192,76192,1000.0,100000.0,128x128,10,0,0.0001,0.0001,same_decoder_mapped_linear_mac_only,0.9,configurable_reference,,layers.0.ffn.0|r7c1|neg,layers.0.ffn.0,ffn,neg,7,1,896,1024,128,256,0.009600899298260421,0.7194324776329213,0.08135915917713912,1384.5848437178317,51269.193743140946,30678.46122688528,3.3167005630322744e-08,79.11381615296827,0.0015242190087464472,0.03635745227618027,2176,2176
per_vector,crossbar_core_read_only,"adc,dac,sense,digital_bias,layernorm,softmax,residual,encoder",checkpoints\caption_transformer_epoch_10.pt,checkpoints\caption_transformer_array-128x128_cmm_crosssim.pt,checkpoints\caption_transformer_crosssim_decoder.pt,0.1,10.0,200,200,200,9800,76192,76192,1000.0,100000.0,128x128,10,0,0.0001,0.0001,same_decoder_mapped_linear_mac_only,0.9,configurable_reference,,layers.0.ffn.0|r7c1|pos,layers.0.ffn.0,ffn,pos,7,1,896,1024,128,256,0.009658864188205149,0.6756860725860174,0.08369232614539132,1472.9076058756705,51118.797382851444,30161.30045358723,3.4563448146110127e-08,81.94110244298139,0.0015883937567146213,0.037656756637399535,2176,2176
per_vector,crossbar_core_read_only,"adc,dac,sense,digital_bias,layernorm,softmax,residual,encoder",checkpoints\caption_transformer_epoch_10.pt,checkpoints\caption_transformer_array-128x128_cmm_crosssim.pt,checkpoints\caption_transformer_crosssim_decoder.pt,0.1,10.0,200,200,200,9800,76192,76192,1000.0,100000.0,128x128,10,0,0.0001,0.0001,same_decoder_mapped_linear_mac_only,0.9,configurable_reference,low,layers.0.ffn.3|r0c0|neg,layers.0.ffn.3,ffn,neg,0,0,0,128,0,128,0.009683565398413037,0.18283827623746582,0.026512426818019002,5235.330913005331,51054.97513102881,36807.38147832408,2.8809547404063803e-09,4.956224345442533,0.00013239681711426415,0.0022776766293393994,2176,2176
per_vector,crossbar_core_read_only,"adc,dac,sense,digital_bias,layernorm,softmax,residual,encoder",checkpoints\caption_transformer_epoch_10.pt,checkpoints\caption_transformer_array-128x128_cmm_crosssim.pt,checkpoints\caption_transformer_crosssim_decoder.pt,0.1,10.0,200,200,200,9800,76192,76192,1000.0,100000.0,128x128,10,0,0.0001,0.0001,same_decoder_mapped_linear_mac_only,0.9,configurable_reference,,layers.0.ffn.3|r0c0|pos,layers.0.ffn.3,ffn,pos,0,0,0,128,0,128,0.009638531265664371,0.1652669639033636,0.02650160043794063,5759.894392552074,51171.452838632096,36911.663235970715,2.884722192926283e-09,4.965258950436539,0.00013256995371903872,0.0022818285617814977,2176,2176
per_vector,crossbar_core_read_only,"adc,dac,sense,digital_bias,layernorm,softmax,residual,encoder",checkpoints\caption_transformer_epoch_10.pt,checkpoints\caption_transformer_array-128x128_cmm_crosssim.pt,checkpoints\caption_transformer_crosssim_decoder.pt,0.1,10.0,200,200,200,9800,76192,76192,1000.0,100000.0,128x128,10,0,0.0001,0.0001,same_decoder_mapped_linear_mac_only,0.9,configurable_reference,,layers.0.ffn.3|r0c1|neg,layers.0.ffn.3,ffn,neg,0,1,0,128,128,256,0.009647916975495092,0.17847536053688287,0.02612824023592787,5356.45588407585,51147.133522139644,36988.219042676705,3.099044800789113e-09,5.4301177607820925,0.00014241933827155852,0.002495458529771182,2176,2176
per_vector,crossbar_core_read_only,"adc,dac,sense,digital_bias,layernorm,softmax,residual,encoder",checkpoints\caption_transformer_epoch_10.pt,checkpoints\caption_transformer_array-128x128_cmm_crosssim.pt,checkpoints\caption_transformer_crosssim_decoder.pt,0.1,10.0,200,200,200,9800,76192,76192,1000.0,100000.0,128x128,10,0,0.0001,0.0001,same_decoder_mapped_linear_mac_only,0.9,configurable_reference,,layers.0.ffn.3|r0c1|pos,layers.0.ffn.3,ffn,pos,0,1,0,128,128,256,0.009558551814278069,0.1775244555759688,0.025949531699601562,5383.602947800419,51379.62964045041,37079.6032940666,3.095552285934843e-09,5.416743999474614,0.00014225883666979972,0.002489312499758554,2176,2176
per_vector,crossbar_core_read_only,"adc,dac,sense,digital_bias,layernorm,softmax,residual,encoder",checkpoints\caption_transformer_epoch_10.pt,checkpoints\caption_transformer_array-128x128_cmm_crosssim.pt,checkpoints\caption_transformer_crosssim_decoder.pt,0.1,10.0,200,200,200,9800,76192,76192,1000.0,100000.0,128x128,10,0,0.0001,0.0001,same_decoder_mapped_linear_mac_only,0.9,configurable_reference,,layers.0.ffn.3|r0c2|neg,layers.0.ffn.3,ffn,neg,0,2,0,128,256,384,0.009580850888573328,0.18622224509271781,0.026353693028462372,5145.090983257497,51321.417757985546,36849.49699999495,3.0696829328581953e-09,5.283799839283968,0.00014106998772326303,0.0024282168379062352,2176,2176
per_vector,crossbar_core_read_only,"adc,dac,sense,digital_bias,layernorm,softmax,residual,encoder",checkpoints\caption_transformer_epoch_10.pt,checkpoints\caption_transformer_array-128x128_cmm_crosssim.pt,checkpoints\caption_transformer_crosssim_decoder.pt,0.1,10.0,200,200,200,9800,76192,76192,1000.0,100000.0,128x128,10,0,0.0001,0.0001,same_decoder_mapped_linear_mac_only,0.9,configurable_reference,,layers.0.ffn.3|r0c2|pos,layers.0.ffn.3,ffn,pos,0,2,0,128,256,384,0.009608529807477346,0.18173918058721678,0.02609253534527131,5265.325302676523,51249.34497664423,36997.43175483731,3.0623683778557877e-09,5.2570090542559305,0.0001407338408941075,0.002415904896257321,2176,2176
per_vector,crossbar_core_read_only,"adc,dac,sense,digital_bias,layernorm,softmax,residual,encoder",checkpoints\caption_transformer_epoch_10.pt,checkpoints\caption_transformer_array-128x128_cmm_crosssim.pt,checkpoints\caption_transformer_crosssim_decoder.pt,0.1,10.0,200,200,200,9800,76192,76192,1000.0,100000.0,128x128,10,0,0.0001,0.0001,same_decoder_mapped_linear_mac_only,0.9,configurable_reference,,layers.0.ffn.3|r0c3|neg,layers.0.ffn.3,ffn,neg,0,3,0,128,384,512,0.009664036486349377,0.16760977579121256,0.026083920227003714,5683.9600648303485,51105.42014846599,37008.456771828096,3.261379404168477e-09,5.657233454208926,0.00014987956820627192,0.0025998315506474846,2176,2176
per_vector,crossbar_core_read_only,"adc,dac,sense,digital_bias,layernorm,softmax,residual,encoder",checkpoints\caption_transformer_epoch_10.pt,checkpoints\caption_transformer_array-128x128_cmm_crosssim.pt,checkpoints\caption_transformer_crosssim_decoder.pt,0.1,10.0,200,200,200,9800,76192,76192,1000.0,100000.0,128x128,10,0,0.0001,0.0001,same_decoder_mapped_linear_mac_only,0.9,configurable_reference,,layers.0.ffn.3|r0c3|pos,layers.0.ffn.3,ffn,pos,0,3,0,128,384,512,0.009622652365158833,0.1707056040683194,0.02627479171103507,5586.637495213685,51212.64936639372,36837.22645101477,3.292069399805581e-09,5.707442047248016,0.00015128995403518327,0.0026229053525955955,2176,2176
per_vector,crossbar_core_read_only,"adc,dac,sense,digital_bias,layernorm,softmax,residual,encoder",checkpoints\caption_transformer_epoch_10.pt,checkpoints\caption_transformer_array-128x128_cmm_crosssim.pt,checkpoints\caption_transformer_crosssim_decoder.pt,0.1,10.0,200,200,200,9800,76192,76192,1000.0,100000.0,128x128,10,0,0.0001,0.0001,same_decoder_mapped_linear_mac_only,0.9,configurable_reference,,layers.0.ffn.3|r0c4|neg,layers.0.ffn.3,ffn,neg,0,4,0,128,512,640,0.009621637608594755,0.19820614848597215,0.025959741984679013,4849.094082761563,51215.284325597655,37109.41598571748,3.147159351989704e-09,5.4507336680535206,0.00014463048492599707,0.002504932751862831,2176,2176
per_vector,crossbar_core_read_only,"adc,dac,sense,digital_bias,layernorm,softmax,residual,encoder",checkpoints\caption_transformer_epoch_10.pt,checkpoints\caption_transformer_array-128x128_cmm_crosssim.pt,checkpoints\caption_transformer_crosssim_decoder.pt,0.1,10.0,200,200,200,9800,76192,76192,1000.0,100000.0,128x128,10,0,0.0001,0.0001,same_decoder_mapped_linear_mac_only,0.9,configurable_reference,,layers.0.ffn.3|r0c4|pos,layers.0.ffn.3,ffn,pos,0,4,0,128,512,640,0.0096262074023803,0.17058238171530365,0.025919534718341943,5590.447466958659,51203.420346909545,36986.839798178655,3.15409661834686e-09,5.4623869716822195,0.00014494929312255806,0.002510288130368667,2176,2176
per_vector,crossbar_core_read_only,"adc,dac,sense,digital_bias,layernorm,softmax,residual,encoder",checkpoints\caption_transformer_epoch_10.pt,checkpoints\caption_transformer_array-128x128_cmm_crosssim.pt,checkpoints\caption_transformer_crosssim_decoder.pt,0.1,10.0,200,200,200,9800,76192,76192,1000.0,100000.0,128x128,10,0,0.0001,0.0001,same_decoder_mapped_linear_mac_only,0.9,configurable_reference,,layers.0.ffn.3|r0c5|neg,layers.0.ffn.3,ffn,neg,0,5,0,128,640,768,0.009624593275436076,0.1931728722719814,0.026017001877891133,4969.162778362026,51207.61027300919,37010.17787414187,3.22013531910754e-09,5.634327884896335,0.00014798415988545664,0.0025893050941619184,2176,2176
per_vector,crossbar_core_read_only,"adc,dac,sense,digital_bias,layernorm,softmax,residual,encoder",checkpoints\caption_transformer_epoch_10.pt,checkpoints\caption_transformer_array-128x128_cmm_crosssim.pt,checkpoints\caption_transformer_crosssim_decoder.pt,0.1,10.0,200,200,200,9800,76192,76192,1000.0,100000.0,128x128,10,0,0.0001,0.0001,same_decoder_mapped_linear_mac_only,0.9,configurable_reference,,layers.0.ffn.3|r0c5|pos,layers.0.ffn.3,ffn,pos,0,5,0,128,640,768,0.00959899663143353,0.20194629156944904,0.025882703974500397,4763.564554435119,51274.145426432304,37163.45782262694,3.228618507739011e-09,5.646422071599061,0.00014837401230418238,0.0025948630843745687,2176,2176
per_vector,crossbar_core_read_only,"adc,dac,sense,digital_bias,layernorm,softmax,residual,encoder",checkpoints\caption_transformer_epoch_10.pt,checkpoints\caption_transformer_array-128x128_cmm_crosssim.pt,checkpoints\caption_transformer_crosssim_decoder.pt,0.1,10.0,200,200,200,9800,76192,76192,1000.0,100000.0,128x128,10,0,0.0001,0.0001,same_decoder_mapped_linear_mac_only,0.9,configurable_reference,,layers.0.ffn.3|r0c6|neg,layers.0.ffn.3,ffn,neg,0,6,0,128,768,896,0.009637309582008131,0.18534953366630066,0.026155987615957506,5168.064465983595,51174.62004478759,36957.150467101594,3.3297945469914508e-09,5.722768456636796,0.0001530236464610043,0.0026299487392632335,2176,2176
per_vector,crossbar_core_read_only,"adc,dac,sense,digital_bias,layernorm,softmax,residual,encoder",checkpoints\caption_transformer_epoch_10.pt,checkpoints\caption_transformer_array-128x128_cmm_crosssim.pt,checkpoints\caption_transformer_crosssim_decoder.pt,0.1,10.0,200,200,200,9800,76192,76192,1000.0,100000.0,128x128,10,0,0.0001,0.0001,same_decoder_mapped_linear_mac_only,0.9,configurable_reference,,layers.0.ffn.3|r0c6|pos,layers.0.ffn.3,ffn,pos,0,6,0,128,768,896,0.009634632252828372,0.17163724435642366,0.026325518583710662,5557.9988545427195,51181.56237283815,36858.210092961206,3.33856995467177e-09,5.744753626179758,0.00015342692806395996,0.002640052217913492,2176,2176
per_vector,crossbar_core_read_only,"adc,dac,sense,digital_bias,layernorm,softmax,residual,encoder",checkpoints\caption_transformer_epoch_10.pt,checkpoints\caption_transformer_array-128x128_cmm_crosssim.pt,checkpoints\caption_transformer_crosssim_decoder.pt,0.1,10.0,200,200,200,9800,76192,76192,1000.0,100000.0,128x128,10,0,0.0001,0.0001,same_decoder_mapped_linear_mac_only,0.9,configurable_reference,,layers.0.ffn.3|r0c7|neg,layers.0.ffn.3,ffn,neg,0,7,0,128,896,1024,0.00961748860505149,0.16437645519519078,0.02645128188336398,5789.292092169133,51226.060622480276,36746.71920145217,3.1567051936832494e-09,5.436060293793917,0.00014506917250382565,0.002498189473250881,2176,2176
per_vector,crossbar_core_read_only,"adc,dac,sense,digital_bias,layernorm,softmax,residual,encoder",checkpoints\caption_transformer_epoch_10.pt,checkpoints\caption_transformer_array-128x128_cmm_crosssim.pt,checkpoints\caption_transformer_crosssim_decoder.pt,0.1,10.0,200,200,200,9800,76192,76192,1000.0,100000.0,128x128,10,0,0.0001,0.0001,same_decoder_mapped_linear_mac_only,0.9,configurable_reference,,layers.0.ffn.3|r0c7|pos,layers.0.ffn.3,ffn,pos,0,7,0,128,896,1024,0.00965032026374283,0.19693798080133587,0.02599136859819047,4878.7960456078745,51140.91007781315,37140.94345323266,3.1360784803269812e-09,5.384594705361773,0.00014412125369149713,0.002474538007978756,2176,2176
per_vector,crossbar_core_read_only,"adc,dac,sense,digital_bias,layernorm,softmax,residual,encoder",checkpoints\caption_transformer_epoch_10.pt,checkpoints\caption_transformer_array-128x128_cmm_crosssim.pt,checkpoints\caption_transformer_crosssim_decoder.pt,0.1,10.0,200,200,200,9800,76192,76192,1000.0,100000.0,128x128,10,0,0.0001,0.0001,same_decoder_mapped_linear_mac_only,0.9,configurable_reference,,layers.0.ffn.3|r1c0|neg,layers.0.ffn.3,ffn,neg,1,0,128,256,0,128,0.009643267520223714,0.7956155586951853,0.02684001615062231,1253.6679140286035,51159.17783766906,36768.09172991921,2.9304955994185135e-09,5.024464432823128,0.00013467351100268895,0.0023090369636135696,2176,2176
per_vector,crossbar_core_read_only,"adc,dac,sense,digital_bias,layernorm,softmax,residual,encoder",checkpoints\caption_transformer_epoch_10.pt,checkpoints\caption_transformer_array-128x128_cmm_crosssim.pt,checkpoints\caption_transformer_crosssim_decoder.pt,0.1,10.0,200,200,200,9800,76192,76192,1000.0,100000.0,128x128,10,0,0.0001,0.0001,same_decoder_mapped_linear_mac_only,0.9,configurable_reference,,layers.0.ffn.3|r1c0|pos,layers.0.ffn.3,ffn,pos,1,0,128,256,0,128,0.009588583034116116,0.30780756220181393,0.026725119335210944,3177.3317805939428,51301.26372692744,36837.49935911209,2.9041986491635305e-09,4.988703986842063,0.00013346501145052958,0.0022926029351296247,2176,2176
per_vector,crossbar_core_read_only,"adc,dac,sense,digital_bias,layernorm,softmax,residual,encoder",checkpoints\caption_transformer_epoch_10.pt,checkpoints\caption_transformer_array-128x128_cmm_crosssim.pt,checkpoints\caption_transformer_crosssim_decoder.pt,0.1,10.0,200,200,200,9800,76192,76192,1000.0,100000.0,128x128,10,0,0.0001,0.0001,same_decoder_mapped_linear_mac_only,0.9,configurable_reference,,layers.0.ffn.3|r1c1|neg,layers.0.ffn.3,ffn,neg,1,1,128,256,128,256,0.009686025995306493,0.920889150819774,0.02638804348577287,1084.9749573099489,51048.62624115003,36918.849968696115,3.18333801747812e-09,5.537597727601904,0.00014629310742086954,0.002544851896875875,2176,2176
per_vector,crossbar_core_read_only,"adc,dac,sense,digital_bias,layernorm,softmax,residual,encoder",checkpoints\caption_transformer_epoch_10.pt,checkpoints\caption_transformer_array-128x128_cmm_crosssim.pt,checkpoints\caption_transformer_crosssim_decoder.pt,0.1,10.0,200,200,200,9800,76192,76192,1000.0,100000.0,128x128,10,0,0.0001,0.0001,same_decoder_mapped_linear_mac_only,0.9,configurable_reference,,layers.0.ffn.3|r1c1|pos,layers.0.ffn.3,ffn,pos,1,1,128,256,128,256,0.009637623778817661,0.4151595327280892,0.026302159321691672,2375.252129861816,51173.80545435316,36981.45193402011,3.137638617178972e-09,5.486589052267917,0.00014419295115712162,0.002521410410049594,2176,2176
per_vector,crossbar_core_read_only,"adc,dac,sense,digital_bias,layernorm,softmax,residual,encoder",checkpoints\caption_transformer_epoch_10.pt,checkpoints\caption_transformer_array-128x128_cmm_crosssim.pt,checkpoints\caption_transformer_crosssim_decoder.pt,0.1,10.0,200,200,200,9800,76192,76192,1000.0,100000.0,128x128,10,0,0.0001,0.0001,same_decoder_mapped_linear_mac_only,0.9,configurable_reference,,layers.0.ffn.3|r1c2|neg,layers.0.ffn.3,ffn,neg,1,2,128,256,256,384,0.0096436809794909,0.5908583475304287,0.026790085062746945,1680.814180316821,51158.10655040037,36877.66334650823,3.12563828803031e-09,5.367665320407657,0.0001436414654425695,0.002466757959746166,2176,2176
per_vector,crossbar_core_read_only,"adc,dac,sense,digital_bias,layernorm,softmax,residual,encoder",checkpoints\caption_transformer_epoch_10.pt,checkpoints\caption_transformer_array-128x128_cmm_crosssim.pt,checkpoints\caption_transformer_crosssim_decoder.pt,0.1,10.0,200,200,200,9800,76192,76192,1000.0,100000.0,128x128,10,0,0.0001,0.0001,same_decoder_mapped_linear_mac_only,0.9,configurable_reference,,layers.0.ffn.3|r1c2|pos,layers.0.ffn.3,ffn,pos,1,2,128,256,256,384,0.009663347583364151,0.2947488606571311,0.02673433877945581,3313.4375539965185,51107.201470027954,36802.5924969826,3.1092311907212433e-09,5.347922144290593,0.00014288746280888035,0.002457684808957074,2176,2176
per_vector,crossbar_core_read_only,"adc,dac,sense,digital_bias,layernorm,softmax,residual,encoder",checkpoints\caption_transformer_epoch_10.pt,checkpoints\caption_transformer_array-128x128_cmm_crosssim.pt,checkpoints\caption_transformer_crosssim_decoder.pt,0.1,10.0,200,200,200,9800,76192,76192,1000.0,100000.0,128x128,10,0,0.0001,0.0001,same_decoder_mapped_linear_mac_only,0.9,configurable_reference,,layers.0.ffn.3|r1c3|neg,layers.0.ffn.3,ffn,neg,1,3,128,256,384,512,0.009633249849862534,0.37583446211991745,0.026312036711495568,2617.279526777422,51185.14768811202,36977.204014750576,3.3041232947419005e-09,5.721494860224144,0.0001518439014127707,0.002629363446794184,2176,2176
per_vector,crossbar_core_read_only,"adc,dac,sense,digital_bias,layernorm,softmax,residual,encoder",checkpoints\caption_transformer_epoch_10.pt,checkpoints\caption_transformer_array-128x128_cmm_crosssim.pt,checkpoints\caption_transformer_crosssim_decoder.pt,0.1,10.0,200,200,200,9800,76192,76192,1000.0,100000.0,128x128,10,0,0.0001,0.0001,same_decoder_mapped_linear_mac_only,0.9,configurable_reference,,layers.0.ffn.3|r1c3|pos,layers.0.ffn.3,ffn,pos,1,3,128,256,384,512,0.009647949218323614,0.20758929373417442,0.026377645828548964,4640.082687678031,51147.05001757473,36898.67304800544,3.2959358214314378e-09,5.713254379814356,0.00015146763885254765,0.0026255764613117446,2176,2176
per_vector,crossbar_core_read_only,"adc,dac,sense,digital_bias,layernorm,softmax,residual,encoder",checkpoints\caption_transformer_epoch_10.pt,checkpoints\caption_transformer_array-128x128_cmm_crosssim.pt,checkpoints\caption_transformer_crosssim_decoder.pt,0.1,10.0,200,200,200,9800,76192,76192,1000.0,100000.0,128x128,10,0,0.0001,0.0001,same_decoder_mapped_linear_mac_only,0.9,configurable_reference,,layers.0.ffn.3|r1c4|neg,layers.0.ffn.3,ffn,neg,1,4,128,256,512,640,0.009583270423772518,0.9999707962967194,0.02652520636634311,1000.0289125021566,51315.10947678719,36811.97931433671,3.2250322316350108e-09,5.570805168605116,0.00014820920182146146,0.002560112669395733,2176,2176
per_vector,crossbar_core_read_only,"adc,dac,sense,digital_bias,layernorm,softmax,residual,encoder",checkpoints\caption_transformer_epoch_10.pt,checkpoints\caption_transformer_array-128x128_cmm_crosssim.pt,checkpoints\caption_transformer_crosssim_decoder.pt,0.1,10.0,200,200,200,9800,76192,76192,1000.0,100000.0,128x128,10,0,0.0001,0.0001,same_decoder_mapped_linear_mac_only,0.9,configurable_reference,,layers.0.ffn.3|r1c4|pos,layers.0.ffn.3,ffn,pos,1,4,128,256,512,640,0.009612865111099,0.4065283608858676,0.026357597098608652,2424.4594367131754,51238.07466735728,37061.01726379597,3.1991158425733416e-09,5.534955586542138,0.0001470181912947309,0.00254363767763885,2176,2176
per_vector,crossbar_core_read_only,"adc,dac,sense,digital_bias,layernorm,softmax,residual,encoder",checkpoints\caption_transformer_epoch_10.pt,checkpoints\caption_transformer_array-128x128_cmm_crosssim.pt,checkpoints\caption_transformer_crosssim_decoder.pt,0.1,10.0,200,200,200,9800,76192,76192,1000.0,100000.0,128x128,10,0,0.0001,0.0001,same_decoder_mapped_linear_mac_only,0.9,configurable_reference,,layers.0.ffn.3|r1c5|neg,layers.0.ffn.3,ffn,neg,1,5,128,256,640,768,0.009609310767326623,0.9697267616020059,0.0262297119843703,1030.8964894364822,51247.31438155672,37139.57064737388,3.281054919344528e-09,5.715363063183991,0.00015078377386693647,0.00262654552536029,2176,2176
per_vector,crossbar_core_read_only,"adc,dac,sense,digital_bias,layernorm,softmax,residual,encoder",checkpoints\caption_transformer_epoch_10.pt,checkpoints\caption_transformer_array-128x128_cmm_crosssim.pt,checkpoints\caption_transformer_crosssim_decoder.pt,0.1,10.0,200,200,200,9800,76192,76192,1000.0,100000.0,128x128,10,0,0.0001,0.0001,same_decoder_mapped_linear_mac_only,0.9,configurable_reference,,layers.0.ffn.3|r1c5|pos,layers.0.ffn.3,ffn,pos,1,5,128,256,640,768,0.009646475177768161,0.3926392344397529,0.026425147948066274,2508.0707075917107,51150.86786197128,36819.17086448007,3.2847494677894712e-09,5.7346611369577785,0.00015095356010061896,0.0026354141254401556,2176,2176
per_vector,crossbar_core_read_only,"adc,dac,sense,digital_bias,layernorm,softmax,residual,encoder",checkpoints\caption_transformer_epoch_10.pt,checkpoints\caption_transformer_array-128x128_cmm_crosssim.pt,checkpoints\caption_transformer_crosssim_decoder.pt,0.1,10.0,200,200,200,9800,76192,76192,1000.0,100000.0,128x128,10,0,0.0001,0.0001,same_decoder_mapped_linear_mac_only,0.9,configurable_reference,,layers.0.ffn.3|r1c6|neg,layers.0.ffn.3,ffn,neg,1,6,128,256,768,896,0.009613057717155288,0.31681771529387104,0.026824149472610474,3089.7618632304448,51237.57407237178,36728.27552464174,3.3936702476763558e-09,5.833335048639548,0.00015595911064689112,0.0026807605922056746,2176,2176
per_vector,crossbar_core_read_only,"adc,dac,sense,digital_bias,layernorm,softmax,residual,encoder",checkpoints\caption_transformer_epoch_10.pt,checkpoints\caption_transformer_array-128x128_cmm_crosssim.pt,checkpoints\caption_transformer_crosssim_decoder.pt,0.1,10.0,200,200,200,9800,76192,76192,1000.0,100000.0,128x128,10,0,0.0001,0.0001,same_decoder_mapped_linear_mac_only,0.9,configurable_reference,,layers.0.ffn.3|r1c6|pos,layers.0.ffn.3,ffn,pos,1,6,128,256,768,896,0.009660616375421763,0.28876839390048753,0.02655973852608757,3379.7404370503864,51114.26487620732,36933.699063476044,3.366749782220425e-09,5.778186167737618,0.0001547219569035119,0.0026554164373794203,2176,2176
per_vector,crossbar_core_read_only,"adc,dac,sense,digital_bias,layernorm,softmax,residual,encoder",checkpoints\caption_transformer_epoch_10.pt,checkpoints\caption_transformer_array-128x128_cmm_crosssim.pt,checkpoints\caption_transformer_crosssim_decoder.pt,0.1,10.0,200,200,200,9800,76192,76192,1000.0,100000.0,128x128,10,0,0.0001,0.0001,same_decoder_mapped_linear_mac_only,0.9,configurable_reference,,layers.0.ffn.3|r1c7|neg,layers.0.ffn.3,ffn,neg,1,7,128,256,896,1024,0.009603409114025017,0.3792300305500992,0.026431355412651805,2594.45280399872,51262.66341969978,36982.32608129406,3.1804068401194364e-09,5.459277973591822,0.00014615840257901843,0.002508859362863889,2176,2176
per_vector,crossbar_core_read_only,"adc,dac,sense,digital_bias,layernorm,softmax,residual,encoder",checkpoints\caption_transformer_epoch_10.pt,checkpoints\caption_transformer_array-128x128_cmm_crosssim.pt,checkpoints\caption_transformer_crosssim_decoder.pt,0.1,10.0,200,200,200,9800,76192,76192,1000.0,100000.0,128x128,10,0,0.0001,0.0001,same_decoder_mapped_linear_mac_only,0.9,configurable_reference,,layers.0.ffn.3|r1c7|pos,layers.0.ffn.3,ffn,pos,1,7,128,256,896,1024,0.009641185910228655,0.45371275613791445,0.02683096949883059,2177.815933088705,51164.57204284589,36740.18351289847,3.2029595758845197e-09,5.508292844640241,0.00014719483345057495,0.002531384579338346,2176,2176
per_vector,crossbar_core_read_only,"adc,dac,sense,digital_bias,layernorm,softmax,residual,encoder",checkpoints\caption_transformer_epoch_10.pt,checkpoints\caption_transformer_array-128x128_cmm_crosssim.pt,checkpoints\caption_transformer_crosssim_decoder.pt,0.1,10.0,200,200,200,9800,76192,76192,1000.0,100000.0,128x128,10,0,0.0001,0.0001,same_decoder_mapped_linear_mac_only,0.9,configurable_reference,,layers.0.self_attn.k_proj|r0c0|neg,layers.0.self_attn.k_proj,self_attn,neg,0,0,0,128,0,128,0.009624519361884697,0.8430595475448626,0.10512098929177427,1183.9518377269849,51207.802153097386,29600.93725367808,5.078594665987045e-08,113.3879785844765,0.0023339129898837605,0.05210844604066016,2176,2176
per_vector,crossbar_core_read_only,"adc,dac,sense,digital_bias,layernorm,softmax,residual,encoder",checkpoints\caption_transformer_epoch_10.pt,checkpoints\caption_transformer_array-128x128_cmm_crosssim.pt,checkpoints\caption_transformer_crosssim_decoder.pt,0.1,10.0,200,200,200,9800,76192,76192,1000.0,100000.0,128x128,10,0,0.0001,0.0001,same_decoder_mapped_linear_mac_only,0.9,configurable_reference,,layers.0.self_attn.k_proj|r0c0|pos,layers.0.self_attn.k_proj,self_attn,pos,0,0,0,128,0,128,0.009618456735562312,0.8109574275649468,0.10549739497479024,1230.2425305712088,51223.545670496605,29442.455900042853,5.1035607993023316e-08,113.9558914090255,0.0023453863967381823,0.05236943539017716,2176,2176
per_vector,crossbar_core_read_only,"adc,dac,sense,digital_bias,layernorm,softmax,residual,encoder",checkpoints\caption_transformer_epoch_10.pt,checkpoints\caption_transformer_array-128x128_cmm_crosssim.pt,checkpoints\caption_transformer_crosssim_decoder.pt,0.1,10.0,200,200,200,9800,76192,76192,1000.0,100000.0,128x128,10,0,0.0001,0.0001,same_decoder_mapped_linear_mac_only,0.9,configurable_reference,,layers.0.self_attn.k_proj|r0c1|neg,layers.0.self_attn.k_proj,self_attn,neg,0,1,0,128,128,256,0.009543435000697844,1.0000754313389024,0.10575723627636661,999.9253285507283,51419.167345846225,29391.581105516674,4.765672149135653e-08,109.0860814944115,0.002190106686183682,0.050131471275005286,2176,2176
per_vector,crossbar_core_read_only,"adc,dac,sense,digital_bias,layernorm,softmax,residual,encoder",checkpoints\caption_transformer_epoch_10.pt,checkpoints\caption_transformer_array-128x128_cmm_crosssim.pt,checkpoints\caption_transformer_crosssim_decoder.pt,0.1,10.0,200,200,200,9800,76192,76192,1000.0,100000.0,128x128,10,0,0.0001,0.0001,same_decoder_mapped_linear_mac_only,0.9,configurable_reference,,layers.0.self_attn.k_proj|r0c1|pos,layers.0.self_attn.k_proj,self_attn,pos,0,1,0,128,128,256,0.009597791390058561,0.8320904238518451,0.10530512053982499,1199.3722203514533,51277.28255746852,29549.48086028886,4.74669708681164e-08,108.75936073927284,0.0021813865288656457,0.04998132386915112,2176,2176
per_vector,crossbar_core_read_only,"adc,dac,sense,digital_bias,layernorm,softmax,residual,encoder",checkpoints\caption_transformer_epoch_10.pt,checkpoints\caption_transformer_array-128x128_cmm_crosssim.pt,checkpoints\caption_transformer_crosssim_decoder.pt,0.1,10.0,200,200,200,9800,76192,76192,1000.0,100000.0,128x128,10,0,0.0001,0.0001,same_decoder_mapped_linear_mac_only,0.9,configurable_reference,,layers.0.self_attn.k_proj|r1c0|neg,layers.0.self_attn.k_proj,self_attn,neg,1,0,128,256,0,128,0.009633231099459518,0.869879854254949,0.10652647492018272,1147.8670173587052,51185.196321456366,29427.649824459477,5.154803583264143e-08,114.9617106218837,0.0023689354702500776,0.05283166848432155,2176,2176
per_vector,crossbar_core_read_only,"adc,dac,sense,digital_bias,layernorm,softmax,residual,encoder",checkpoints\caption_transformer_epoch_10.pt,checkpoints\caption_transformer_array-128x128_cmm_crosssim.pt,checkpoints\caption_transformer_crosssim_decoder.pt,0.1,10.0,200,200,200,9800,76192,76192,1000.0,100000.0,128x128,10,0,0.0001,0.0001,same_decoder_mapped_linear_mac_only,0.9,configurable_reference,,layers.0.self_attn.k_proj|r1c0|pos,layers.0.self_attn.k_proj,self_attn,pos,1,0,128,256,0,128,0.009635524819049454,0.8755950417635967,0.10642031114121181,1140.4601025086433,51179.247734838056,29449.985702713086,5.116875097404772e-08,114.44046461574004,0.002351505099910299,0.05259212528296877,2176,2176
per_vector,crossbar_core_read_only,"adc,dac,sense,digital_bias,layernorm,softmax,residual,encoder",checkpoints\caption_transformer_epoch_10.pt,checkpoints\caption_transformer_array-128x128_cmm_crosssim.pt,checkpoints\caption_transformer_crosssim_decoder.pt,0.1,10.0,200,200,200,9800,76192,76192,1000.0,100000.0,128x128,10,0,0.0001,0.0001,same_decoder_mapped_linear_mac_only,0.9,configurable_reference,,layers.0.self_attn.k_proj|r1c1|neg,layers.0.self_attn.k_proj,self_attn,neg,1,1,128,256,128,256,0.009633783556370163,0.8440773971833611,0.10569249781627996,1182.5410259577418,51183.7634402253,29424.802860856762,4.7681910314457713e-08,109.20034307628775,0.002191264260774712,0.050183981193146945,2176,2176
per_vector,crossbar_core_read_only,"adc,dac,sense,digital_bias,layernorm,softmax,residual,encoder",checkpoints\caption_transformer_epoch_10.pt,checkpoints\caption_transformer_array-128x128_cmm_crosssim.pt,checkpoints\caption_transformer_crosssim_decoder.pt,0.1,10.0,200,200,200,9800,76192,76192,1000.0,100000.0,128x128,10,0,0.0001,0.0001,same_decoder_mapped_linear_mac_only,0.9,configurable_reference,,layers.0.self_attn.k_proj|r1c1|pos,layers.0.self_attn.k_proj,self_attn,pos,1,1,128,256,128,256,0.009626386796680469,0.9028078652763168,0.10309903197641723,1106.4642236975858,51202.95472025808,29684.22443911943,4.677858303095064e-08,106.90520258376948,0.0021497510584076738,0.04912922912857053,2176,2176
per_vector,crossbar_core_read_only,"adc,dac,sense,digital_bias,layernorm,softmax,residual,encoder",checkpoints\caption_transformer_epoch_10.pt,checkpoints\caption_transformer_array-128x128_cmm_crosssim.pt,checkpoints\caption_transformer_crosssim_decoder.pt,0.1,10.0,200,200,200,9800,76192,76192,1000.0,100000.0,128x128,10,0,0.0001,0.0001,same_decoder_mapped_linear_mac_only,0.9,configurable_reference,,layers.0.self_attn.o_proj|r0c0|neg,layers.0.self_attn.o_proj,self_attn,neg,0,0,0,128,0,128,0.00962088118875848,0.965431795291526,0.1042844837731797,1035.4352047592745,51217.24865327877,29584.1477379574,4.257753917252623e-08,100.65939024246974,0.001956688381090357,0.04625891095701734,2176,2176
per_vector,crossbar_core_read_only,"adc,dac,sense,digital_bias,layernorm,softmax,residual,encoder",checkpoints\caption_transformer_epoch_10.pt,checkpoints\caption_transformer_array-128x128_cmm_crosssim.pt,checkpoints\caption_transformer_crosssim_decoder.pt,0.1,10.0,200,200,200,9800,76192,76192,1000.0,100000.0,128x128,10,0,0.0001,0.0001,same_decoder_mapped_linear_mac_only,0.9,configurable_reference,,layers.0.self_attn.o_proj|r0c0|pos,layers.0.self_attn.o_proj,self_attn,pos,0,0,0,128,0,128,0.009607954657306609,0.9495415201021631,0.10490179053475146,1052.580495663478,51250.840543249324,29524.530204243536,4.2984432250967413e-08,101.4030726273869,0.001975387511533438,0.04660067675890942,2176,2176
per_vector,crossbar_core_read_only,"adc,dac,sense,digital_bias,layernorm,softmax,residual,encoder",checkpoints\caption_transformer_epoch_10.pt,checkpoints\caption_transformer_array-128x128_cmm_crosssim.pt,checkpoints\caption_transformer_crosssim_decoder.pt,0.1,10.0,200,200,200,9800,76192,76192,1000.0,100000.0,128x128,10,0,0.0001,0.0001,same_decoder_mapped_linear_mac_only,0.9,configurable_reference,,layers.0.self_attn.o_proj|r0c1|neg,layers.0.self_attn.o_proj,self_attn,neg,0,1,0,128,128,256,0.00960594463308969,0.9952320470107903,0.10620830536459502,1004.7426601119707,51256.0679074981,29571.269339978717,4.8662971600662494e-08,109.1175379530376,0.002236349797824555,0.0501459273681239,2176,2176
per_vector,crossbar_core_read_only,"adc,dac,sense,digital_bias,layernorm,softmax,residual,encoder",checkpoints\caption_transformer_epoch_10.pt,checkpoints\caption_transformer_array-128x128_cmm_crosssim.pt,checkpoints\caption_transformer_crosssim_decoder.pt,0.1,10.0,200,200,200,9800,76192,76192,1000.0,100000.0,128x128,10,0,0.0001,0.0001,same_decoder_mapped_linear_mac_only,0.9,configurable_reference,,layers.0.self_attn.o_proj|r0c1|pos,layers.0.self_attn.o_proj,self_attn,pos,0,1,0,128,128,256,0.009605677057935063,1.0000187169169321,0.10763473196409261,999.9814705955823,51256.76385655262,29448.72084609769,4.972318071832855e-08,111.01589524528369,0.002285072643305539,0.05101833421198699,2176,2176
per_vector,crossbar_core_read_only,"adc,dac,sense,digital_bias,layernorm,softmax,residual,encoder",checkpoints\caption_transformer_epoch_10.pt,checkpoints\caption_transformer_array-128x128_cmm_crosssim.pt,checkpoints\caption_transformer_crosssim_decoder.pt,0.1,10.0,200,200,200,9800,76192,76192,1000.0,100000.0,128x128,10,0,0.0001,0.0001,same_decoder_mapped_linear_mac_only,0.9,configurable_reference,,layers.0.self_attn.o_proj|r1c0|neg,layers.0.self_attn.o_proj,self_attn,neg,1,0,128,256,0,128,0.009595636882519252,0.9384085078658467,0.1038169926429491,1064.9350280281587,51282.89149649037,29595.11912925174,4.2591410824987776e-08,100.27920830943062,0.0019573258651189272,0.04608419499514275,2176,2176
per_vector,crossbar_core_read_only,"adc,dac,sense,digital_bias,layernorm,softmax,residual,encoder",checkpoints\caption_transformer_epoch_10.pt,checkpoints\caption_transformer_array-128x128_cmm_crosssim.pt,checkpoints\caption_transformer_crosssim_decoder.pt,0.1,10.0,200,200,200,9800,76192,76192,1000.0,100000.0,128x128,10,0,0.0001,0.0001,same_decoder_mapped_linear_mac_only,0.9,configurable_reference,,layers.0.self_attn.o_proj|r1c0|pos,layers.0.self_attn.o_proj,self_attn,pos,1,0,128,256,0,128,0.009643173773558203,0.921235211904016,0.10432954835840763,1084.5718079410842,51159.42074476326,29594.41805811038,4.2719923373932435e-08,100.7822889592616,0.0019632317726990985,0.04631539014671949,2176,2176
per_vector,crossbar_core_read_only,"adc,dac,sense,digital_bias,layernorm,softmax,residual,encoder",checkpoints\caption_transformer_epoch_10.pt,checkpoints\caption_transformer_array-128x128_cmm_crosssim.pt,checkpoints\caption_transformer_crosssim_decoder.pt,0.1,10.0,200,200,200,9800,76192,76192,1000.0,100000.0,128x128,10,0,0.0001,0.0001,same_decoder_mapped_linear_mac_only,0.9,configurable_reference,,layers.0.self_attn.o_proj|r1c1|neg,layers.0.self_attn.o_proj,self_attn,neg,1,1,128,256,128,256,0.009651207114750409,0.9619691885966155,0.10522748981123464,1039.123523645039,51138.6139119126,29669.392660965896,4.871771438998993e-08,108.86607799274461,0.0022388655510105606,0.050030366724606895,2176,2176
per_vector,crossbar_core_read_only,"adc,dac,sense,digital_bias,layernorm,softmax,residual,encoder",checkpoints\caption_transformer_epoch_10.pt,checkpoints\caption_transformer_array-128x128_cmm_crosssim.pt,checkpoints\caption_transformer_crosssim_decoder.pt,0.1,10.0,200,200,200,9800,76192,76192,1000.0,100000.0,128x128,10,0,0.0001,0.0001,same_decoder_mapped_linear_mac_only,0.9,configurable_reference,,layers.0.self_attn.o_proj|r1c1|pos,layers.0.self_attn.o_proj,self_attn,pos,1,1,128,256,128,256,0.009560231928897114,0.9407707756500935,0.10697164653079101,1062.2893908910344,51375.23909041553,29419.966591176053,4.8975433324803726e-08,109.8659744882369,0.0022507092520589896,0.050489877981726515,2176,2176
per_vector,crossbar_core_read_only,"adc,dac,sense,digital_bias,layernorm,softmax,residual,encoder",checkpoints\caption_transformer_epoch_10.pt,checkpoints\caption_transformer_array-128x128_cmm_crosssim.pt,checkpoints\caption_transformer_crosssim_decoder.pt,0.1,10.0,200,200,200,9800,76192,76192,1000.0,100000.0,128x128,10,0,0.0001,0.0001,same_decoder_mapped_linear_mac_only,0.9,configurable_reference,,layers.0.self_attn.q_proj|r0c0|neg,layers.0.self_attn.q_proj,self_attn,neg,0,0,0,128,0,128,0.009639024831687014,0.872803037742753,0.10844485110421581,1144.0665750348394,51170.17338342665,29697.65672757442,5.245483480435662e-08,116.85598536961915,0.0024106082171119845,0.05370219915883233,2176,2176
per_vector,crossbar_core_read_only,"adc,dac,sense,digital_bias,layernorm,softmax,residual,encoder",checkpoints\caption_transformer_epoch_10.pt,checkpoints\caption_transformer_array-128x128_cmm_crosssim.pt,checkpoints\caption_transformer_crosssim_decoder.pt,0.1,10.0,200,200,200,9800,76192,76192,1000.0,100000.0,128x128,10,0,0.0001,0.0001,same_decoder_mapped_linear_mac_only,0.9,configurable_reference,,layers.0.self_attn.q_proj|r0c0|pos,layers.0.self_attn.q_proj,self_attn,pos,0,0,0,128,0,128,0.009640230433224066,1.0000582590441969,0.11127296470197598,999.9423268726265,51167.04841062793,29036.119898743957,5.354378787998258e-08,119.42900777511963,0.0024606520165433203,0.05488465430841895,2176,2176
per_vector,crossbar_core_read_only,"adc,dac,sense,digital_bias,layernorm,softmax,residual,encoder",checkpoints\caption_transformer_epoch_10.pt,checkpoints\caption_transformer_array-128x128_cmm_crosssim.pt,checkpoints\caption_transformer_crosssim_decoder.pt,0.1,10.0,200,200,200,9800,76192,76192,1000.0,100000.0,128x128,10,0,0.0001,0.0001,same_decoder_mapped_linear_mac_only,0.9,configurable_reference,,layers.0.self_attn.q_proj|r0c1|neg,layers.0.self_attn.q_proj,self_attn,neg,0,1,0,128,128,256,0.009617217256435202,0.957152695631831,0.11124534016962692,1044.2978963163605,51226.76556012076,29282.037402186164,5.024827588372209e-08,114.83066298850197,0.002309203854950444,0.05277144438809833,2176,2176
per_vector,crossbar_core_read_only,"adc,dac,sense,digital_bias,layernorm,softmax,residual,encoder",checkpoints\caption_transformer_epoch_10.pt,checkpoints\caption_transformer_array-128x128_cmm_crosssim.pt,checkpoints\caption_transformer_crosssim_decoder.pt,0.1,10.0,200,200,200,9800,76192,76192,1000.0,100000.0,128x128,10,0,0.0001,0.0001,same_decoder_mapped_linear_mac_only,0.9,configurable_reference,,layers.0.self_attn.q_proj|r0c1|pos,layers.0.self_attn.q_proj,self_attn,pos,0,1,0,128,128,256,0.00957538709257586,0.9284895254792271,0.10997975701819301,1076.1892133043564,51335.66883017989,29387.062578221092,4.944749584163976e-08,113.22310181212332,0.0022724033015459623,0.0520326754651302,2176,2176
per_vector,crossbar_core_read_only,"adc,dac,sense,digital_bias,layernorm,softmax,residual,encoder",checkpoints\caption_transformer_epoch_10.pt,checkpoints\caption_transformer_array-128x128_cmm_crosssim.pt,checkpoints\caption_transformer_crosssim_decoder.pt,0.1,10.0,200,200,200,9800,76192,76192,1000.0,100000.0,128x128,10,0,0.0001,0.0001,same_decoder_mapped_linear_mac_only,0.9,configurable_reference,,layers.0.self_attn.q_proj|r1c0|neg,layers.0.self_attn.q_proj,self_attn,neg,1,0,128,256,0,128,0.009617355588075388,0.9329429790358836,0.11065753689986367,1071.1069915471166,51226.40618538286,29283.03806895525,5.3513075981560406e-08,119.15305852395561,0.0024592406241526017,0.05475783939520019,2176,2176
per_vector,crossbar_core_read_only,"adc,dac,sense,digital_bias,layernorm,softmax,residual,encoder",checkpoints\caption_transformer_epoch_10.pt,checkpoints\caption_transformer_array-128x128_cmm_crosssim.pt,checkpoints\caption_transformer_crosssim_decoder.pt,0.1,10.0,200,200,200,9800,76192,76192,1000.0,100000.0,128x128,10,0,0.0001,0.0001,same_decoder_mapped_linear_mac_only,0.9,configurable_reference,,layers.0.self_attn.q_proj|r1c0|pos,layers.0.self_attn.q_proj,self_attn,pos,1,0,128,256,0,128,0.009547580865399575,0.8670312827906952,0.10915184004906642,1151.5948258739138,51408.31787011252,29461.65184036194,5.2410656177222204e-08,117.23451328327305,0.0024085779493208752,0.05387615500150416,2176,2176
per_vector,crossbar_core_read_only,"adc,dac,sense,digital_bias,layernorm,softmax,residual,encoder",checkpoints\caption_transformer_epoch_10.pt,checkpoints\caption_transformer_array-128x128_cmm_crosssim.pt,checkpoints\caption_transformer_crosssim_decoder.pt,0.1,10.0,200,200,200,9800,76192,76192,1000.0,100000.0,128x128,10,0,0.0001,0.0001,same_decoder_mapped_linear_mac_only,0.9,configurable_reference,,layers.0.self_attn.q_proj|r1c1|neg,layers.0.self_attn.q_proj,self_attn,neg,1,1,128,256,128,256,0.00955846413329924,0.9374556055245927,0.10934672608289484,1066.005970982656,51379.858792876614,29371.16460225417,4.9262942906007514e-08,112.69275204500461,0.0022639220085481494,0.05178894855009403,2176,2176
per_vector,crossbar_core_read_only,"adc,dac,sense,digital_bias,layernorm,softmax,residual,encoder",checkpoints\caption_transformer_epoch_10.pt,checkpoints\caption_transformer_array-128x128_cmm_crosssim.pt,checkpoints\caption_transformer_crosssim_decoder.pt,0.1,10.0,200,200,200,9800,76192,76192,1000.0,100000.0,128x128,10,0,0.0001,0.0001,same_decoder_mapped_linear_mac_only,0.9,configurable_reference,,layers.0.self_attn.q_proj|r1c1|pos,layers.0.self_attn.q_proj,self_attn,pos,1,1,128,256,128,256,0.009618980101148337,0.8950609598187024,0.11001235547501628,1115.933991560213,51222.186205267484,29328.090617808375,4.943820178018845e-08,113.33040314263263,0.0022719761847512896,0.052081986738342204,2176,2176
per_vector,crossbar_core_read_only,"adc,dac,sense,digital_bias,layernorm,softmax,residual,encoder",checkpoints\caption_transformer_epoch_10.pt,checkpoints\caption_transformer_array-128x128_cmm_crosssim.pt,checkpoints\caption_transformer_crosssim_decoder.pt,0.1,10.0,200,200,200,9800,76192,76192,1000.0,100000.0,128x128,10,0,0.0001,0.0001,same_decoder_mapped_linear_mac_only,0.9,configurable_reference,,layers.0.self_attn.v_proj|r0c0|neg,layers.0.self_attn.v_proj,self_attn,neg,0,0,0,128,0,128,0.009619221611173418,0.8654923310863777,0.10273624226742835,1153.6188805767038,51221.558896640716,29673.502913878558,4.8791162477105345e-08,109.79591833032987,0.00224224092266109,0.05045768305621777,2176,2176
per_vector,crossbar_core_read_only,"adc,dac,sense,digital_bias,layernorm,softmax,residual,encoder",checkpoints\caption_transformer_epoch_10.pt,checkpoints\caption_transformer_array-128x128_cmm_crosssim.pt,checkpoints\caption_transformer_crosssim_decoder.pt,0.1,10.0,200,200,200,9800,76192,76192,1000.0,100000.0,128x128,10,0,0.0001,0.0001,same_decoder_mapped_linear_mac_only,0.9,configurable_reference,,layers.0.self_attn.v_proj|r0c0|pos,layers.0.self_attn.v_proj,self_attn,pos,0,0,0,128,0,128,0.00962421442883269,0.8735947197945093,0.10424278988946781,1143.0416329163836,51208.59377660329,29529.15008686933,4.9235074556730974e-08,111.1033126099176,0.002262641293967418,0.05105850763323419,2176,2176
per_vector,crossbar_core_read_only,"adc,dac,sense,digital_bias,layernorm,softmax,residual,encoder",checkpoints\caption_transformer_epoch_10.pt,checkpoints\caption_transformer_array-128x128_cmm_crosssim.pt,checkpoints\caption_transformer_crosssim_decoder.pt,0.1,10.0,200,200,200,9800,76192,76192,1000.0,100000.0,128x128,10,0,0.0001,0.0001,same_decoder_mapped_linear_mac_only,0.9,configurable_reference,,layers.0.self_attn.v_proj|r0c1|neg,layers.0.self_attn.v_proj,self_attn,neg,0,1,0,128,128,256,0.009611703661198788,0.9542247052076036,0.10117949240425848,1047.4687069583608,51241.0935544282,29859.723730187387,4.493644533271249e-08,103.73390874731119,0.002065093995069495,0.04767183306402169,2176,2176
per_vector,crossbar_core_read_only,"adc,dac,sense,digital_bias,layernorm,softmax,residual,encoder",checkpoints\caption_transformer_epoch_10.pt,checkpoints\caption_transformer_array-128x128_cmm_crosssim.pt,checkpoints\caption_transformer_crosssim_decoder.pt,0.1,10.0,200,200,200,9800,76192,76192,1000.0,100000.0,128x128,10,0,0.0001,0.0001,same_decoder_mapped_linear_mac_only,0.9,configurable_reference,,layers.0.self_attn.v_proj|r0c1|pos,layers.0.self_attn.v_proj,self_attn,pos,0,1,0,128,128,256,0.009637132046980013,0.8976693744041995,0.10308095731263121,1112.7274334374513,51175.08033570759,29460.077765314178,4.585632027391971e-08,105.6371333537194,0.002107367659647048,0.048546476725054875,2176,2176
per_vector,crossbar_core_read_only,"adc,dac,sense,digital_bias,layernorm,softmax,residual,encoder",checkpoints\caption_transformer_epoch_10.pt,checkpoints\caption_transformer_array-128x128_cmm_crosssim.pt,checkpoints\caption_transformer_crosssim_decoder.pt,0.1,10.0,200,200,200,9800,76192,76192,1000.0,100000.0,128x128,10,0,0.0001,0.0001,same_decoder_mapped_linear_mac_only,0.9,configurable_reference,,layers.0.self_attn.v_proj|r1c0|neg,layers.0.self_attn.v_proj,self_attn,neg,1,0,128,256,0,128,0.009595841054549803,0.8773690726231484,0.10231972129898939,1138.1803508242513,51282.35991243124,29621.83968101183,4.8747021076223664e-08,109.6251413159548,0.002240212365635281,0.050379200972405704,2176,2176
per_vector,crossbar_core_read_only,"adc,dac,sense,digital_bias,layernorm,softmax,residual,encoder",checkpoints\caption_transformer_epoch_10.pt,checkpoints\caption_transformer_array-128x128_cmm_crosssim.pt,checkpoints\caption_transformer_crosssim_decoder.pt,0.1,10.0,200,200,200,9800,76192,76192,1000.0,100000.0,128x128,10,0,0.0001,0.0001,same_decoder_mapped_linear_mac_only,0.9,configurable_reference,,layers.0.self_attn.v_proj|r1c0|pos,layers.0.self_attn.v_proj,self_attn,pos,1,0,128,256,0,128,0.00961484979863129,0.9457573764480726,0.10117117066437473,1056.7475520592109,51232.916811271454,29744.82719305434,4.8076212204908905e-08,108.36517810631427,0.002209384752063834,0.049800173762092954,2176,2176
per_vector,crossbar_core_read_only,"adc,dac,sense,digital_bias,layernorm,softmax,residual,encoder",checkpoints\caption_transformer_epoch_10.pt,checkpoints\caption_transformer_array-128x128_cmm_crosssim.pt,checkpoints\caption_transformer_crosssim_decoder.pt,0.1,10.0,200,200,200,9800,76192,76192,1000.0,100000.0,128x128,10,0,0.0001,0.0001,same_decoder_mapped_linear_mac_only,0.9,configurable_reference,,layers.0.self_attn.v_proj|r1c1|neg,layers.0.self_attn.v_proj,self_attn,neg,1,1,128,256,128,256,0.009664923735064812,0.889951660548606,0.1031489147201961,1122.2687771949682,51103.126140059685,29474.432363174994,4.599648405511425e-08,105.91278527824667,0.002113809009885769,0.048673154999194244,2176,2176
per_vector,crossbar_core_read_only,"adc,dac,sense,digital_bias,layernorm,softmax,residual,encoder",checkpoints\caption_transformer_epoch_10.pt,checkpoints\caption_transformer_array-128x128_cmm_crosssim.pt,checkpoints\caption_transformer_crosssim_decoder.pt,0.1,10.0,200,200,200,9800,76192,76192,1000.0,100000.0,128x128,10,0,0.0001,0.0001,same_decoder_mapped_linear_mac_only,0.9,configurable_reference,,layers.0.self_attn.v_proj|r1c1|pos,layers.0.self_attn.v_proj,self_attn,pos,1,1,128,256,128,256,0.009630330860894931,0.9998862319828977,0.1008443696518626,1000.1126430239531,51192.71984865068,29859.10119206532,4.48109266208371e-08,103.39962420857844,0.0020593256719134505,0.047518209654677596,2176,2176
per_vector,crossbar_core_read_only,"adc,dac,sense,digital_bias,layernorm,softmax,residual,encoder",checkpoints\caption_transformer_epoch_10.pt,checkpoints\caption_transformer_array-128x128_cmm_crosssim.pt,checkpoints\caption_transformer_crosssim_decoder.pt,0.1,10.0,200,200,200,9800,76192,76192,1000.0,100000.0,128x128,10,0,0.0001,0.0001,same_decoder_mapped_linear_mac_only,0.9,configurable_reference,,layers.1.cross_attn.k_proj|r0c0|neg,layers.1.cross_attn.k_proj,cross_attn,neg,0,0,0,128,0,128,0.009631556160528566,0.9603728572402066,0.11921275717863555,1040.8327767427256,51189.541021323115,29143.42468819988,2.700722234300196e-07,593.3307390334944,0.0027558390145920176,0.06054395296260147,9800,9800
per_vector,crossbar_core_read_only,"adc,dac,sense,digital_bias,layernorm,softmax,residual,encoder",checkpoints\caption_transformer_epoch_10.pt,checkpoints\caption_transformer_array-128x128_cmm_crosssim.pt,checkpoints\caption_transformer_crosssim_decoder.pt,0.1,10.0,200,200,200,9800,76192,76192,1000.0,100000.0,128x128,10,0,0.0001,0.0001,same_decoder_mapped_linear_mac_only,0.9,configurable_reference,,layers.1.cross_attn.k_proj|r0c0|pos,layers.1.cross_attn.k_proj,cross_attn,pos,0,0,0,128,0,128,0.009660820557378312,0.9617083928119698,0.1181045132918031,1039.4023839173112,51113.73675658165,29006.55739484974,2.683753454456122e-07,588.8138854043874,0.002738523933118531,0.06008304953105994,9800,9800
per_vector,crossbar_core_read_only,"adc,dac,sense,digital_bias,layernorm,softmax,residual,encoder",checkpoints\caption_transformer_epoch_10.pt,checkpoints\caption_transformer_array-128x128_cmm_crosssim.pt,checkpoints\caption_transformer_crosssim_decoder.pt,0.1,10.0,200,200,200,9800,76192,76192,1000.0,100000.0,128x128,10,0,0.0001,0.0001,same_decoder_mapped_linear_mac_only,0.9,configurable_reference,,layers.1.cross_attn.k_proj|r0c1|neg,layers.1.cross_attn.k_proj,cross_attn,neg,0,1,0,128,128,256,0.00963118015704496,0.9455809447060843,0.11984374061434873,1056.9426418697005,51190.51645514453,29102.81101585829,2.7187422732825274e-07,596.3292986902036,0.0027742268094719754,0.060849928437775876,9800,9800
per_vector,crossbar_core_read_only,"adc,dac,sense,digital_bias,layernorm,softmax,residual,encoder",checkpoints\caption_transformer_epoch_10.pt,checkpoints\caption_transformer_array-128x128_cmm_crosssim.pt,checkpoints\caption_transformer_crosssim_decoder.pt,0.1,10.0,200,200,200,9800,76192,76192,1000.0,100000.0,128x128,10,0,0.0001,0.0001,same_decoder_mapped_linear_mac_only,0.9,configurable_reference,,layers.1.cross_attn.k_proj|r0c1|pos,layers.1.cross_attn.k_proj,cross_attn,pos,0,1,0,128,128,256,0.009637972398766443,0.9711794855564094,0.11837654684791075,1029.370312129033,51172.90164842311,29086.515910150418,2.683231133644379e-07,588.9887964904744,0.0027379909526983434,0.06010089760106882,9800,9800
per_vector,crossbar_core_read_only,"adc,dac,sense,digital_bias,layernorm,softmax,residual,encoder",checkpoints\caption_transformer_epoch_10.pt,checkpoints\caption_transformer_array-128x128_cmm_crosssim.pt,checkpoints\caption_transformer_crosssim_decoder.pt,0.1,10.0,200,200,200,9800,76192,76192,1000.0,100000.0,128x128,10,0,0.0001,0.0001,same_decoder_mapped_linear_mac_only,0.9,configurable_reference,,layers.1.cross_attn.k_proj|r1c0|neg,layers.1.cross_attn.k_proj,cross_attn,neg,1,0,128,256,0,128,0.009612461283593894,1.0000249430134598,0.11612898850001205,999.9753070264327,51239.12427163324,29136.73697254678,2.6348519564544014e-07,578.9861989730905,0.002688624445361629,0.05908022438500923,9800,9800
per_vector,crossbar_core_read_only,"adc,dac,sense,digital_bias,layernorm,softmax,residual,encoder",checkpoints\caption_transformer_epoch_10.pt,checkpoints\caption_transformer_array-128x128_cmm_crosssim.pt,checkpoints\caption_transformer_crosssim_decoder.pt,0.1,10.0,200,200,200,9800,76192,76192,1000.0,100000.0,128x128,10,0,0.0001,0.0001,same_decoder_mapped_linear_mac_only,0.9,configurable_reference,,layers.1.cross_attn.k_proj|r1c0|pos,layers.1.cross_attn.k_proj,cross_attn,pos,1,0,128,256,0,128,0.009599698120970172,0.9424648959668666,0.11734872525788806,1060.4001294468267,51272.319691229706,29042.192453438496,2.666498992391272e-07,585.2474033443727,0.0027209173391747905,0.059719122790242114,9800,9800
per_vector,crossbar_core_read_only,"adc,dac,sense,digital_bias,layernorm,softmax,residual,encoder",checkpoints\caption_transformer_epoch_10.pt,checkpoints\caption_transformer_array-128x128_cmm_crosssim.pt,checkpoints\caption_transformer_crosssim_decoder.pt,0.1,10.0,200,200,200,9800,76192,76192,1000.0,100000.0,128x128,10,0,0.0001,0.0001,same_decoder_mapped_linear_mac_only,0.9,configurable_reference,,layers.1.cross_attn.k_proj|r1c1|neg,layers.1.cross_attn.k_proj,cross_attn,neg,1,1,128,256,128,256,0.009608028178877867,0.9541713959195132,0.1190023256001693,1047.5266157097847,51250.649359779505,29003.198983464084,2.704878781349212e-07,592.8468348827638,0.002760080389131828,0.06049457498803712,9800,9800
per_vector,crossbar_core_read_only,"adc,dac,sense,digital_bias,layernorm,softmax,residual,encoder",checkpoints\caption_transformer_epoch_10.pt,checkpoints\caption_transformer_array-128x128_cmm_crosssim.pt,checkpoints\caption_transformer_crosssim_decoder.pt,0.1,10.0,200,200,200,9800,76192,76192,1000.0,100000.0,128x128,10,0,0.0001,0.0001,same_decoder_mapped_linear_mac_only,0.9,configurable_reference,,layers.1.cross_attn.k_proj|r1c1|pos,layers.1.cross_attn.k_proj,cross_attn,pos,1,1,128,256,128,256,0.009616973357612997,0.9129290955774773,0.1170622411434376,1094.3315975143844,51227.3992023901,29235.740156816682,2.652553049178398e-07,582.6590493837155,0.0027066867848759297,0.059455005039154636,9800,9800
per_vector,crossbar_core_read_only,"adc,dac,sense,digital_bias,layernorm,softmax,residual,encoder",checkpoints\caption_transformer_epoch_10.pt,checkpoints\caption_transformer_array-128x128_cmm_crosssim.pt,checkpoints\caption_transformer_crosssim_decoder.pt,0.1,10.0,200,200,200,9800,76192,76192,1000.0,100000.0,128x128,10,0,0.0001,0.0001,same_decoder_mapped_linear_mac_only,0.9,configurable_reference,,layers.1.cross_attn.o_proj|r0c0|neg,layers.1.cross_attn.o_proj,cross_attn,neg,0,0,0,128,0,128,0.009608289635816928,0.9512715061644668,0.11169008365365868,1050.6863812009342,51249.96948590852,29154.63375878794,5.024044839135569e-08,114.14568765777076,0.0023088441356321605,0.052456657930960826,2176,2176
per_vector,crossbar_core_read_only,"adc,dac,sense,digital_bias,layernorm,softmax,residual,encoder",checkpoints\caption_transformer_epoch_10.pt,checkpoints\caption_transformer_array-128x128_cmm_crosssim.pt,checkpoints\caption_transformer_crosssim_decoder.pt,0.1,10.0,200,200,200,9800,76192,76192,1000.0,100000.0,128x128,10,0,0.0001,0.0001,same_decoder_mapped_linear_mac_only,0.9,configurable_reference,,layers.1.cross_attn.o_proj|r0c0|pos,layers.1.cross_attn.o_proj,cross_attn,pos,0,0,0,128,0,128,0.009631536870008964,0.9023084091989023,0.10972884738237548,1107.069906047283,51189.591064170905,29458.392842808236,4.9816441325452424e-08,112.69508775570452,0.0022893585167946843,0.05179002194655539,2176,2176
per_vector,crossbar_core_read_only,"adc,dac,sense,digital_bias,layernorm,softmax,residual,encoder",checkpoints\caption_transformer_epoch_10.pt,checkpoints\caption_transformer_array-128x128_cmm_crosssim.pt,checkpoints\caption_transformer_crosssim_decoder.pt,0.1,10.0,200,200,200,9800,76192,76192,1000.0,100000.0,128x128,10,0,0.0001,0.0001,same_decoder_mapped_linear_mac_only,0.9,configurable_reference,,layers.1.cross_attn.o_proj|r0c1|neg,layers.1.cross_attn.o_proj,cross_attn,neg,0,1,0,128,128,256,0.0096098947768881,0.9281931888864535,0.11281898944136765,1076.5291005646575,51245.79598746044,28998.452506677473,4.600680906072666e-08,108.24422284878607,0.002114283504628977,0.0497445877062436,2176,2176
per_vector,crossbar_core_read_only,"adc,dac,sense,digital_bias,layernorm,softmax,residual,encoder",checkpoints\caption_transformer_epoch_10.pt,checkpoints\caption_transformer_array-128x128_cmm_crosssim.pt,checkpoints\caption_transformer_crosssim_decoder.pt,0.1,10.0,200,200,200,9800,76192,76192,1000.0,100000.0,128x128,10,0,0.0001,0.0001,same_decoder_mapped_linear_mac_only,0.9,configurable_reference,,layers.1.cross_attn.o_proj|r0c1|pos,layers.1.cross_attn.o_proj,cross_attn,pos,0,1,0,128,128,256,0.00959115435936075,0.9824147999474749,0.10986712949247507,1017.7178034591369,51294.565010046004,29674.20424940851,4.494210352194702e-08,105.67572111749655,0.002065354022148299,0.04856421007237893,2176,2176
per_vector,crossbar_core_read_only,"adc,dac,sense,digital_bias,layernorm,softmax,residual,encoder",checkpoints\caption_transformer_epoch_10.pt,checkpoints\caption_transformer_array-128x128_cmm_crosssim.pt,checkpoints\caption_transformer_crosssim_decoder.pt,0.1,10.0,200,200,200,9800,76192,76192,1000.0,100000.0,128x128,10,0,0.0001,0.0001,same_decoder_mapped_linear_mac_only,0.9,configurable_reference,,layers.1.cross_attn.o_proj|r1c0|neg,layers.1.cross_attn.o_proj,cross_attn,neg,1,0,128,256,0,128,0.009614792107269697,0.999949194464306,0.11051825873426684,1000.0503000103009,51233.06672638513,29339.81527192796,5.015703202105199e-08,113.48288490946533,0.002305010662732175,0.052152061079717524,2176,2176
per_vector,crossbar_core_read_only,"adc,dac,sense,digital_bias,layernorm,softmax,residual,encoder",checkpoints\caption_transformer_epoch_10.pt,checkpoints\caption_transformer_array-128x128_cmm_crosssim.pt,checkpoints\caption_transformer_crosssim_decoder.pt,0.1,10.0,200,200,200,9800,76192,76192,1000.0,100000.0,128x128,10,0,0.0001,0.0001,same_decoder_mapped_linear_mac_only,0.9,configurable_reference,,layers.1.cross_attn.o_proj|r1c0|pos,layers.1.cross_attn.o_proj,cross_attn,pos,1,0,128,256,0,128,0.009617698678008359,0.8501354381253564,0.11184662078635478,1174.213220311269,51225.51488644126,29208.324718693853,5.033975539362645e-08,114.31845552772126,0.0023134078765453367,0.052536054930018956,2176,2176
per_vector,crossbar_core_read_only,"adc,dac,sense,digital_bias,layernorm,softmax,residual,encoder",checkpoints\caption_transformer_epoch_10.pt,checkpoints\caption_transformer_array-128x128_cmm_crosssim.pt,checkpoints\caption_transformer_crosssim_decoder.pt,0.1,10.0,200,200,200,9800,76192,76192,1000.0,100000.0,128x128,10,0,0.0001,0.0001,same_decoder_mapped_linear_mac_only,0.9,configurable_reference,,layers.1.cross_attn.o_proj|r1c1|neg,layers.1.cross_attn.o_proj,cross_attn,neg,1,1,128,256,128,256,0.009619564812890733,0.921117368989947,0.10997199826140591,1084.7090572751122,51220.6674760278,29531.63637324574,4.521639872189435e-08,106.09358798129485,0.0020779595000870545,0.048756244476698,2176,2176
per_vector,crossbar_core_read_only,"adc,dac,sense,digital_bias,layernorm,softmax,residual,encoder",checkpoints\caption_transformer_epoch_10.pt,checkpoints\caption_transformer_array-128x128_cmm_crosssim.pt,checkpoints\caption_transformer_crosssim_decoder.pt,0.1,10.0,200,200,200,9800,76192,76192,1000.0,100000.0,128x128,10,0,0.0001,0.0001,same_decoder_mapped_linear_mac_only,0.9,configurable_reference,,layers.1.cross_attn.o_proj|r1c1|pos,layers.1.cross_attn.o_proj,cross_attn,pos,1,1,128,256,128,256,0.009554216903536944,0.9533088382389645,0.11271987460211261,1048.464484602776,51390.96128817708,29022.49538853444,4.599487520886998e-08,108.19024056024092,0.002113735073937043,0.049719779669228366,2176,2176
per_vector,crossbar_core_read_only,"adc,dac,sense,digital_bias,layernorm,softmax,residual,encoder",checkpoints\caption_transformer_epoch_10.pt,checkpoints\caption_transformer_array-128x128_cmm_crosssim.pt,checkpoints\caption_transformer_crosssim_decoder.pt,0.1,10.0,200,200,200,9800,76192,76192,1000.0,100000.0,128x128,10,0,0.0001,0.0001,same_decoder_mapped_linear_mac_only,0.9,configurable_reference,,layers.1.cross_attn.q_proj|r0c0|neg,layers.1.cross_attn.q_proj,cross_attn,neg,0,0,0,128,0,128,0.009660180285391215,0.912182480151505,0.10473612429297952,1095.217490908843,51115.39286601439,29893.910665804884,4.2887295143261624e-08,102.2198706011623,0.0019709234900396047,0.04697604347479885,2176,2176
per_vector,crossbar_core_read_only,"adc,dac,sense,digital_bias,layernorm,softmax,residual,encoder",checkpoints\caption_transformer_epoch_10.pt,checkpoints\caption_transformer_array-128x128_cmm_crosssim.pt,checkpoints\caption_transformer_crosssim_decoder.pt,0.1,10.0,200,200,200,9800,76192,76192,1000.0,100000.0,128x128,10,0,0.0001,0.0001,same_decoder_mapped_linear_mac_only,0.9,configurable_reference,,layers.1.cross_attn.q_proj|r0c0|pos,layers.1.cross_attn.q_proj,cross_attn,pos,0,0,0,128,0,128,0.009673173916120985,0.9920527460944543,0.10967303653793078,1007.9301742436375,51081.804904107456,28985.229104161757,4.4955685722772636e-08,106.77257565434348,0.0020659782041715334,0.0490682792529152,2176,2176
per_vector,crossbar_core_read_only,"adc,dac,sense,digital_bias,layernorm,softmax,residual,encoder",checkpoints\caption_transformer_epoch_10.pt,checkpoints\caption_transformer_array-128x128_cmm_crosssim.pt,checkpoints\caption_transformer_crosssim_decoder.pt,0.1,10.0,200,200,200,9800,76192,76192,1000.0,100000.0,128x128,10,0,0.0001,0.0001,same_decoder_mapped_linear_mac_only,0.9,configurable_reference,,layers.1.cross_attn.q_proj|r0c1|neg,layers.1.cross_attn.q_proj,cross_attn,neg,0,1,0,128,128,256,0.009630906070596326,0.9236407778631003,0.10786444371227807,1081.7776639336128,51191.22751770616,29366.25446842546,4.070292220525599e-08,97.348254270645,0.0018705387042856616,0.04473724920525965,2176,2176
per_vector,crossbar_core_read_only,"adc,dac,sense,digital_bias,layernorm,softmax,residual,encoder",checkpoints\caption_transformer_epoch_10.pt,checkpoints\caption_transformer_array-128x128_cmm_crosssim.pt,checkpoints\caption_transformer_crosssim_decoder.pt,0.1,10.0,200,200,200,9800,76192,76192,1000.0,100000.0,128x128,10,0,0.0001,0.0001,same_decoder_mapped_linear_mac_only,0.9,configurable_reference,,layers.1.cross_attn.q_proj|r0c1|pos,layers.1.cross_attn.q_proj,cross_attn,pos,0,1,0,128,128,256,0.009595924756166037,1.0000437038561651,0.10769448279743066,999.956735054333,51282.14198936655,29519.227674100424,4.098061947899348e-08,97.5392936161357,0.0018833005275272717,0.04482504302212118,2176,2176
per_vector,crossbar_core_read_only,"adc,dac,sense,digital_bias,layernorm,softmax,residual,encoder",checkpoints\caption_transformer_epoch_10.pt,checkpoints\caption_transformer_array-128x128_cmm_crosssim.pt,checkpoints\caption_transformer_crosssim_decoder.pt,0.1,10.0,200,200,200,9800,76192,76192,1000.0,100000.0,128x128,10,0,0.0001,0.0001,same_decoder_mapped_linear_mac_only,0.9,configurable_reference,,layers.1.cross_attn.q_proj|r1c0|neg,layers.1.cross_attn.q_proj,cross_attn,neg,1,0,128,256,0,128,0.009664765509476005,0.9581905152041553,0.10588238310740361,1043.1786127454416,51103.53522201947,29402.150051227913,4.3440477505132856e-08,103.37955109669099,0.0019963454735814692,0.04750898487899402,2176,2176
per_vector,crossbar_core_read_only,"adc,dac,sense,digital_bias,layernorm,softmax,residual,encoder",checkpoints\caption_transformer_epoch_10.pt,checkpoints\caption_transformer_array-128x128_cmm_crosssim.pt,checkpoints\caption_transformer_crosssim_decoder.pt,0.1,10.0,200,200,200,9800,76192,76192,1000.0,100000.0,128x128,10,0,0.0001,0.0001,same_decoder_mapped_linear_mac_only,0.9,configurable_reference,,layers.1.cross_attn.q_proj|r1c0|pos,layers.1.cross_attn.q_proj,cross_attn,pos,1,0,128,256,0,128,0.009644304445029695,0.8522623362521458,0.10763305951249105,1171.3171882508937,51156.49121444865,29439.375997677475,4.424253696066688e-08,105.04565919575776,0.0020332048235600607,0.048274659556873975,2176,2176
per_vector,crossbar_core_read_only,"adc,dac,sense,digital_bias,layernorm,softmax,residual,encoder",checkpoints\caption_transformer_epoch_10.pt,checkpoints\caption_transformer_array-128x128_cmm_crosssim.pt,checkpoints\caption_transformer_crosssim_decoder.pt,0.1,10.0,200,200,200,9800,76192,76192,1000.0,100000.0,128x128,10,0,0.0001,0.0001,same_decoder_mapped_linear_mac_only,0.9,configurable_reference,,layers.1.cross_attn.q_proj|r1c1|neg,layers.1.cross_attn.q_proj,cross_attn,neg,1,1,128,256,128,256,0.009653593423533165,0.9177115561071988,0.10862379386059326,1088.690805546101,51132.4364898568,29395.44118108017,4.122820515654413e-08,98.26591706547725,0.0018946785457970641,0.045158969239649474,2176,2176
per_vector,crossbar_core_read_only,"adc,dac,sense,digital_bias,layernorm,softmax,residual,encoder",checkpoints\caption_transformer_epoch_10.pt,checkpoints\caption_transformer_array-128x128_cmm_crosssim.pt,checkpoints\caption_transformer_crosssim_decoder.pt,0.1,10.0,200,200,200,9800,76192,76192,1000.0,100000.0,128x128,10,0,0.0001,0.0001,same_decoder_mapped_linear_mac_only,0.9,configurable_reference,,layers.1.cross_attn.q_proj|r1c1|pos,layers.1.cross_attn.q_proj,cross_attn,pos,1,1,128,256,128,256,0.00963419371591336,0.8832807766094387,0.1091001967540299,1130.648760839794,51182.699680801954,29347.166696991808,4.140157476165207e-08,98.57837302667232,0.0019026458989729789,0.04530256113358103,2176,2176
per_vector,crossbar_core_read_only,"adc,dac,sense,digital_bias,layernorm,softmax,residual,encoder",checkpoints\caption_transformer_epoch_10.pt,checkpoints\caption_transformer_array-128x128_cmm_crosssim.pt,checkpoints\caption_transformer_crosssim_decoder.pt,0.1,10.0,200,200,200,9800,76192,76192,1000.0,100000.0,128x128,10,0,0.0001,0.0001,same_decoder_mapped_linear_mac_only,0.9,configurable_reference,,layers.1.cross_attn.v_proj|r0c0|neg,layers.1.cross_attn.v_proj,cross_attn,neg,0,0,0,128,0,128,0.009632545054556052,0.9776184657082347,0.12566750511650004,1022.659808619677,51186.97579518993,28705.124526186813,2.8377795187365784e-07,623.1417014259226,0.0028956933864659096,0.06358588790060435,9800,9800
per_vector,crossbar_core_read_only,"adc,dac,sense,digital_bias,layernorm,softmax,residual,encoder",checkpoints\caption_transformer_epoch_10.pt,checkpoints\caption_transformer_array-128x128_cmm_crosssim.pt,checkpoints\caption_transformer_crosssim_decoder.pt,0.1,10.0,200,200,200,9800,76192,76192,1000.0,100000.0,128x128,10,0,0.0001,0.0001,same_decoder_mapped_linear_mac_only,0.9,configurable_reference,,layers.1.cross_attn.v_proj|r0c0|pos,layers.1.cross_attn.v_proj,cross_attn,pos,0,0,0,128,0,128,0.009616636984539196,0.9552969471767132,0.12335004025998794,1046.3053111789698,51228.27311587774,29031.906001512816,2.786474029665846e-07,612.1676820205955,0.002843340846597805,0.062466090002101585,9800,9800
per_vector,crossbar_core_read_only,"adc,dac,sense,digital_bias,layernorm,softmax,residual,encoder",checkpoints\caption_transformer_epoch_10.pt,checkpoints\caption_transformer_array-128x128_cmm_crosssim.pt,checkpoints\caption_transformer_crosssim_decoder.pt,0.1,10.0,200,200,200,9800,76192,76192,1000.0,100000.0,128x128,10,0,0.0001,0.0001,same_decoder_mapped_linear_mac_only,0.9,configurable_reference,,layers.1.cross_attn.v_proj|r0c1|neg,layers.1.cross_attn.v_proj,cross_attn,neg,0,1,0,128,128,256,0.009612912579451315,0.9470103883826354,0.12389395217648183,1055.3641004603187,51237.951293282036,29091.426574055018,2.7912384965324993e-07,613.5631540280059,0.0028482025474821497,0.06260848510489857,9800,9800
per_vector,crossbar_core_read_only,"adc,dac,sense,digital_bias,layernorm,softmax,residual,encoder",checkpoints\caption_transformer_epoch_10.pt,checkpoints\caption_transformer_array-128x128_cmm_crosssim.pt,checkpoints\caption_transformer_crosssim_decoder.pt,0.1,10.0,200,200,200,9800,76192,76192,1000.0,100000.0,128x128,10,0,0.0001,0.0001,same_decoder_mapped_linear_mac_only,0.9,configurable_reference,high,layers.1.cross_attn.v_proj|r0c1|pos,layers.1.cross_attn.v_proj,cross_attn,pos,0,1,0,128,128,256,0.009637738293090892,0.9613054263799927,0.12664298669313007,1039.8335569611638,51173.50856971677,28618.743242966175,2.8466383678738034e-07,625.877296162476,0.002904733028442659,0.06386503022066081,9800,9800
per_vector,crossbar_core_read_only,"adc,dac,sense,digital_bias,layernorm,softmax,residual,encoder",checkpoints\caption_transformer_epoch_10.pt,checkpoints\caption_transformer_array-128x128_cmm_crosssim.pt,checkpoints\caption_transformer_crosssim_decoder.pt,0.1,10.0,200,200,200,9800,76192,76192,1000.0,100000.0,128x128,10,0,0.0001,0.0001,same_decoder_mapped_linear_mac_only,0.9,configurable_reference,,layers.1.cross_attn.v_proj|r1c0|neg,layers.1.cross_attn.v_proj,cross_attn,neg,1,0,128,256,0,128,0.009618951255420498,0.9999121261385068,0.12550239268855906,1000.0870026916881,51222.26113144082,28842.35705287213,2.834261614089699e-07,622.3520750301094,0.002892103687846603,0.0635053137785826,9800,9800
per_vector,crossbar_core_read_only,"adc,dac,sense,digital_bias,layernorm,softmax,residual,encoder",checkpoints\caption_transformer_epoch_10.pt,checkpoints\caption_transformer_array-128x128_cmm_crosssim.pt,checkpoints\caption_transformer_crosssim_decoder.pt,0.1,10.0,200,200,200,9800,76192,76192,1000.0,100000.0,128x128,10,0,0.0001,0.0001,same_decoder_mapped_linear_mac_only,0.9,configurable_reference,,layers.1.cross_attn.v_proj|r1c0|pos,layers.1.cross_attn.v_proj,cross_attn,pos,1,0,128,256,0,128,0.009654352476466614,0.8744844993885568,0.12507195065646698,1141.8918796034422,51130.47184730673,28866.57274796199,2.8166732489871243e-07,619.4767237978249,0.002874156376517475,0.06321191059161478,9800,9800
per_vector,crossbar_core_read_only,"adc,dac,sense,digital_bias,layernorm,softmax,residual,encoder",checkpoints\caption_transformer_epoch_10.pt,checkpoints\caption_transformer_array-128x128_cmm_crosssim.pt,checkpoints\caption_transformer_crosssim_decoder.pt,0.1,10.0,200,200,200,9800,76192,76192,1000.0,100000.0,128x128,10,0,0.0001,0.0001,same_decoder_mapped_linear_mac_only,0.9,configurable_reference,,layers.1.cross_attn.v_proj|r1c1|neg,layers.1.cross_attn.v_proj,cross_attn,neg,1,1,128,256,128,256,0.009647276961843315,0.9037536876146752,0.12631735248414094,1105.3190541405615,51148.79112735873,28817.69179989078,2.844192275782848e-07,624.8994247710807,0.0029022370161049505,0.06376524742562048,9800,9800
per_vector,crossbar_core_read_only,"adc,dac,sense,digital_bias,layernorm,softmax,residual,encoder",checkpoints\caption_transformer_epoch_10.pt,checkpoints\caption_transformer_array-128x128_cmm_crosssim.pt,checkpoints\caption_transformer_crosssim_decoder.pt,0.1,10.0,200,200,200,9800,76192,76192,1000.0,100000.0,128x128,10,0,0.0001,0.0001,same_decoder_mapped_linear_mac_only,0.9,configurable_reference,,layers.1.cross_attn.v_proj|r1c1|pos,layers.1.cross_attn.v_proj,cross_attn,pos,1,1,128,256,128,256,0.0095883121668682,0.8869728270634379,0.12558087319207287,1125.9953955338042,51301.96948164725,28885.01889543255,2.8228723454865124e-07,620.8905262770396,0.00288048198519034,0.06335617615071833,9800,9800
per_vector,crossbar_core_read_only,"adc,dac,sense,digital_bias,layernorm,softmax,residual,encoder",checkpoints\caption_transformer_epoch_10.pt,checkpoints\caption_transformer_array-128x128_cmm_crosssim.pt,checkpoints\caption_transformer_crosssim_decoder.pt,0.1,10.0,200,200,200,9800,76192,76192,1000.0,100000.0,128x128,10,0,0.0001,0.0001,same_decoder_mapped_linear_mac_only,0.9,configurable_reference,,layers.1.ffn.0|r0c0|neg,layers.1.ffn.0,ffn,neg,0,0,0,128,0,128,0.009659355258973523,0.8046314932351524,0.10187480098637114,1239.7946638496117,51117.527014280226,29475.18004918896,4.292968113400171e-08,100.99391821733207,0.0019728713756434683,0.04641264623958275,2176,2176
per_vector,crossbar_core_read_only,"adc,dac,sense,digital_bias,layernorm,softmax,residual,encoder",checkpoints\caption_transformer_epoch_10.pt,checkpoints\caption_transformer_array-128x128_cmm_crosssim.pt,checkpoints\caption_transformer_crosssim_decoder.pt,0.1,10.0,200,200,200,9800,76192,76192,1000.0,100000.0,128x128,10,0,0.0001,0.0001,same_decoder_mapped_linear_mac_only,0.9,configurable_reference,,layers.1.ffn.0|r0c0|pos,layers.1.ffn.0,ffn,pos,0,0,0,128,0,128,0.009606674874545855,0.9604842891943368,0.10145191571770634,1040.7132797440388,51254.16868363125,29817.313017977212,4.0500752081609984e-08,98.19549647019305,0.0018612477978681102,0.045126606833728426,2176,2176
per_vector,crossbar_core_read_only,"adc,dac,sense,digital_bias,layernorm,softmax,residual,encoder",checkpoints\caption_transformer_epoch_10.pt,checkpoints\caption_transformer_array-128x128_cmm_crosssim.pt,checkpoints\caption_transformer_crosssim_decoder.pt,0.1,10.0,200,200,200,9800,76192,76192,1000.0,100000.0,128x128,10,0,0.0001,0.0001,same_decoder_mapped_linear_mac_only,0.9,configurable_reference,,layers.1.ffn.0|r0c1|neg,layers.1.ffn.0,ffn,neg,0,1,0,128,128,256,0.009659639190325314,0.8612148875787143,0.10169094801798909,1159.2821992469828,51116.79253089704,29796.593040697247,4.148362750208336e-08,98.20648425080506,0.0019064167050589747,0.045131656365259676,2176,2176
per_vector,crossbar_core_read_only,"adc,dac,sense,digital_bias,layernorm,softmax,residual,encoder",checkpoints\caption_transformer_epoch_10.pt,checkpoints\caption_transformer_array-128x128_cmm_crosssim.pt,checkpoints\caption_transformer_crosssim_decoder.pt,0.1,10.0,200,200,200,9800,76192,76192,1000.0,100000.0,128x128,10,0,0.0001,0.0001,same_decoder_mapped_linear_mac_only,0.9,configurable_reference,,layers.1.ffn.0|r0c1|pos,layers.1.ffn.0,ffn,pos,0,1,0,128,128,256,0.009617722035326669,0.8292073007150818,0.10307434806117458,1203.4922055267746,51225.45420857168,29463.988594715483,4.227536964417947e-08,99.75178884012473,0.0019428019137950063,0.04584181472432203,2176,2176
per_vector,crossbar_core_read_only,"adc,dac,sense,digital_bias,layernorm,softmax,residual,encoder",checkpoints\caption_transformer_epoch_10.pt,checkpoints\caption_transformer_array-128x128_cmm_crosssim.pt,checkpoints\caption_transformer_crosssim_decoder.pt,0.1,10.0,200,200,200,9800,76192,76192,1000.0,100000.0,128x128,10,0,0.0001,0.0001,same_decoder_mapped_linear_mac_only,0.9,configurable_reference,,layers.1.ffn.0|r1c0|neg,layers.1.ffn.0,ffn,neg,1,0,128,256,0,128,0.009655498257837404,0.9068841410597529,0.10050205173872453,1101.5456562435897,51127.506528685735,29615.465213941676,4.2405733892433854e-08,99.72955075067249,0.001948792917850818,0.04583159501409581,2176,2176
per_vector,crossbar_core_read_only,"adc,dac,sense,digital_bias,layernorm,softmax,residual,encoder",checkpoints\caption_transformer_epoch_10.pt,checkpoints\caption_transformer_array-128x128_cmm_crosssim.pt,checkpoints\caption_transformer_crosssim_decoder.pt,0.1,10.0,200,200,200,9800,76192,76192,1000.0,100000.0,128x128,10,0,0.0001,0.0001,same_decoder_mapped_linear_mac_only,0.9,configurable_reference,,layers.1.ffn.0|r1c0|pos,layers.1.ffn.0,ffn,pos,1,0,128,256,0,128,0.009615967284122928,0.9331977998117048,0.1002683694951996,1070.817644935306,51230.01311867636,29769.80610969761,4.0210090200874885e-08,97.30746328922538,0.0018478901746725586,0.04471850334982784,2176,2176
per_vector,crossbar_core_read_only,"adc,dac,sense,digital_bias,layernorm,softmax,residual,encoder",checkpoints\caption_transformer_epoch_10.pt,checkpoints\caption_transformer_array-128x128_cmm_crosssim.pt,checkpoints\caption_transformer_crosssim_decoder.pt,0.1,10.0,200,200,200,9800,76192,76192,1000.0,100000.0,128x128,10,0,0.0001,0.0001,same_decoder_mapped_linear_mac_only,0.9,configurable_reference,,layers.1.ffn.0|r1c1|neg,layers.1.ffn.0,ffn,neg,1,1,128,256,128,256,0.009620724667354178,0.9430130149344129,0.09919622295764467,1059.7903121438897,51217.65513859955,30149.008110591,4.084365323742085e-08,96.35087463354498,0.0018770061230432382,0.04427889459262177,2176,2176
per_vector,crossbar_core_read_only,"adc,dac,sense,digital_bias,layernorm,softmax,residual,encoder",checkpoints\caption_transformer_epoch_10.pt,checkpoints\caption_transformer_array-128x128_cmm_crosssim.pt,checkpoints\caption_transformer_crosssim_decoder.pt,0.1,10.0,200,200,200,9800,76192,76192,1000.0,100000.0,128x128,10,0,0.0001,0.0001,same_decoder_mapped_linear_mac_only,0.9,configurable_reference,,layers.1.ffn.0|r1c1|pos,layers.1.ffn.0,ffn,pos,1,1,128,256,128,256,0.009616664717802419,1.0000555726097131,0.10323281416147198,999.944986143075,51228.20106239294,29248.783237956446,4.238104678428879e-08,99.97242072410741,0.0019476584000132713,0.045943208053358185,2176,2176
per_vector,crossbar_core_read_only,"adc,dac,sense,digital_bias,layernorm,softmax,residual,encoder",checkpoints\caption_transformer_epoch_10.pt,checkpoints\caption_transformer_array-128x128_cmm_crosssim.pt,checkpoints\caption_transformer_crosssim_decoder.pt,0.1,10.0,200,200,200,9800,76192,76192,1000.0,100000.0,128x128,10,0,0.0001,0.0001,same_decoder_mapped_linear_mac_only,0.9,configurable_reference,,layers.1.ffn.0|r2c0|neg,layers.1.ffn.0,ffn,neg,2,0,256,384,0,128,0.009653408447412911,0.9015446311782985,0.10226635490624991,1107.9974107960845,51132.91528297835,29305.143938396086,4.320539283273378e-08,101.42214133066398,0.0019855419500337183,0.04660943994975367,2176,2176
per_vector,crossbar_core_read_only,"adc,dac,sense,digital_bias,layernorm,softmax,residual,encoder",checkpoints\caption_transformer_epoch_10.pt,checkpoints\caption_transformer_array-128x128_cmm_crosssim.pt,checkpoints\caption_transformer_crosssim_decoder.pt,0.1,10.0,200,200,200,9800,76192,76192,1000.0,100000.0,128x128,10,0,0.0001,0.0001,same_decoder_mapped_linear_mac_only,0.9,configurable_reference,,layers.1.ffn.0|r2c0|pos,layers.1.ffn.0,ffn,pos,2,0,256,384,0,128,0.009625433081770834,0.8519081624541144,0.09895760672137635,1171.798447465378,51205.430230966296,30054.57318699387,3.946414846184225e-08,95.85548566184495,0.0018136097638714317,0.04405123421959786,2176,2176
per_vector,crossbar_core_read_only,"adc,dac,sense,digital_bias,layernorm,softmax,residual,encoder",checkpoints\caption_transformer_epoch_10.pt,checkpoints\caption_transformer_array-128x128_cmm_crosssim.pt,checkpoints\caption_transformer_crosssim_decoder.pt,0.1,10.0,200,200,200,9800,76192,76192,1000.0,100000.0,128x128,10,0,0.0001,0.0001,same_decoder_mapped_linear_mac_only,0.9,configurable_reference,,layers.1.ffn.0|r2c1|neg,layers.1.ffn.0,ffn,neg,2,1,256,384,128,256,0.00960885724749262,0.8617187080499504,0.09942539121463045,1158.6122555742716,51248.4935713047,29895.14385828893,4.0795614931085555e-08,96.35544770942758,0.0018747984802888547,0.044280996189994294,2176,2176
per_vector,crossbar_core_read_only,"adc,dac,sense,digital_bias,layernorm,softmax,residual,encoder",checkpoints\caption_transformer_epoch_10.pt,checkpoints\caption_transformer_array-128x128_cmm_crosssim.pt,checkpoints\caption_transformer_crosssim_decoder.pt,0.1,10.0,200,200,200,9800,76192,76192,1000.0,100000.0,128x128,10,0,0.0001,0.0001,same_decoder_mapped_linear_mac_only,0.9,configurable_reference,,layers.1.ffn.0|r2c1|pos,layers.1.ffn.0,ffn,pos,2,1,256,384,128,256,0.009658406696315592,0.9773098187257521,0.1030940095100514,1022.9794738034303,51119.98094183228,29419.140765471882,4.2382807062001605e-08,99.93458934071388,0.0019477392951287493,0.04592582230731337,2176,2176
per_vector,crossbar_core_read_only,"adc,dac,sense,digital_bias,layernorm,softmax,residual,encoder",checkpoints\caption_transformer_epoch_10.pt,checkpoints\caption_transformer_array-128x128_cmm_crosssim.pt,checkpoints\caption_transformer_crosssim_decoder.pt,0.1,10.0,200,200,200,9800,76192,76192,1000.0,100000.0,128x128,10,0,0.0001,0.0001,same_decoder_mapped_linear_mac_only,0.9,configurable_reference,,layers.1.ffn.0|r3c0|neg,layers.1.ffn.0,ffn,neg,3,0,384,512,0,128,0.009646634116999484,0.8453902720410558,0.10231821989534146,1180.7262460604118,51150.45617339062,29513.86677403565,4.334078175681703e-08,101.60403638092961,0.0019917638675007823,0.04669303142505957,2176,2176
per_vector,crossbar_core_read_only,"adc,dac,sense,digital_bias,layernorm,softmax,residual,encoder",checkpoints\caption_transformer_epoch_10.pt,checkpoints\caption_transformer_array-128x128_cmm_crosssim.pt,checkpoints\caption_transformer_crosssim_decoder.pt,0.1,10.0,200,200,200,9800,76192,76192,1000.0,100000.0,128x128,10,0,0.0001,0.0001,same_decoder_mapped_linear_mac_only,0.9,configurable_reference,,layers.1.ffn.0|r3c0|pos,layers.1.ffn.0,ffn,pos,3,0,384,512,0,128,0.009639433183357174,0.8466973431261523,0.101703852049388,1178.9250134485292,51169.1148749898,29730.75455409483,4.060489835384105e-08,98.43886546531563,0.001866033931702255,0.04523844920281049,2176,2176
per_vector,crossbar_core_read_only,"adc,dac,sense,digital_bias,layernorm,softmax,residual,encoder",checkpoints\caption_transformer_epoch_10.pt,checkpoints\caption_transformer_array-128x128_cmm_crosssim.pt,checkpoints\caption_transformer_crosssim_decoder.pt,0.1,10.0,200,200,200,9800,76192,76192,1000.0,100000.0,128x128,10,0,0.0001,0.0001,same_decoder_mapped_linear_mac_only,0.9,configurable_reference,,layers.1.ffn.0|r3c1|neg,layers.1.ffn.0,ffn,neg,3,1,384,512,128,256,0.009648643843531325,0.836419182061633,0.10159380532017317,1193.2391211135314,51145.25109844723,29628.567179823804,4.162016869496696e-08,98.33621190253994,0.0019126915760554729,0.045191273852270196,2176,2176
per_vector,crossbar_core_read_only,"adc,dac,sense,digital_bias,layernorm,softmax,residual,encoder",checkpoints\caption_transformer_epoch_10.pt,checkpoints\caption_transformer_array-128x128_cmm_crosssim.pt,checkpoints\caption_transformer_crosssim_decoder.pt,0.1,10.0,200,200,200,9800,76192,76192,1000.0,100000.0,128x128,10,0,0.0001,0.0001,same_decoder_mapped_linear_mac_only,0.9,configurable_reference,,layers.1.ffn.0|r3c1|pos,layers.1.ffn.0,ffn,pos,3,1,384,512,128,256,0.00960354058760467,0.9492903546127893,0.10170541453249698,1052.8560577594296,51262.321382676506,29596.278384393958,4.204986818059556e-08,98.88763956188814,0.0019324387950641305,0.04544468729866183,2176,2176
per_vector,crossbar_core_read_only,"adc,dac,sense,digital_bias,layernorm,softmax,residual,encoder",checkpoints\caption_transformer_epoch_10.pt,checkpoints\caption_transformer_array-128x128_cmm_crosssim.pt,checkpoints\caption_transformer_crosssim_decoder.pt,0.1,10.0,200,200,200,9800,76192,76192,1000.0,100000.0,128x128,10,0,0.0001,0.0001,same_decoder_mapped_linear_mac_only,0.9,configurable_reference,,layers.1.ffn.0|r4c0|neg,layers.1.ffn.0,ffn,neg,4,0,512,640,0,128,0.009649719271065673,0.9012970042878194,0.1027372349219739,1108.2984537533466,51142.46623869618,29336.24948700265,4.338237205488276e-08,101.86824462658208,0.0019936751863457117,0.04681445065559838,2176,2176
per_vector,crossbar_core_read_only,"adc,dac,sense,digital_bias,layernorm,softmax,residual,encoder",checkpoints\caption_transformer_epoch_10.pt,checkpoints\caption_transformer_array-128x128_cmm_crosssim.pt,checkpoints\caption_transformer_crosssim_decoder.pt,0.1,10.0,200,200,200,9800,76192,76192,1000.0,100000.0,128x128,10,0,0.0001,0.0001,same_decoder_mapped_linear_mac_only,0.9,configurable_reference,,layers.1.ffn.0|r4c0|pos,layers.1.ffn.0,ffn,pos,4,0,512,640,0,128,0.009628634889854968,0.8484235706479593,0.0998903848100675,1176.5545597073142,51197.12040275901,29999.900064324902,3.977224155820419e-08,96.59438622417106,0.0018277684539615893,0.04439080249272567,2176,2176
per_vector,crossbar_core_read_only,"adc,dac,sense,digital_bias,layernorm,softmax,residual,encoder",checkpoints\caption_transformer_epoch_10.pt,checkpoints\caption_transformer_array-128x128_cmm_crosssim.pt,checkpoints\caption_transformer_crosssim_decoder.pt,0.1,10.0,200,200,200,9800,76192,76192,1000.0,100000.0,128x128,10,0,0.0001,0.0001,same_decoder_mapped_linear_mac_only,0.9,configurable_reference,,layers.1.ffn.0|r4c1|neg,layers.1.ffn.0,ffn,neg,4,1,512,640,128,256,0.00959596924409392,0.953084767325114,0.09865859194777865,1048.7083943455386,51282.026162660615,30043.04101159791,4.055094704882578e-08,95.7717237165882,0.001863554551876183,0.04401274067857913,2176,2176
per_vector,crossbar_core_read_only,"adc,dac,sense,digital_bias,layernorm,softmax,residual,encoder",checkpoints\caption_transformer_epoch_10.pt,checkpoints\caption_transformer_array-128x128_cmm_crosssim.pt,checkpoints\caption_transformer_crosssim_decoder.pt,0.1,10.0,200,200,200,9800,76192,76192,1000.0,100000.0,128x128,10,0,0.0001,0.0001,same_decoder_mapped_linear_mac_only,0.9,configurable_reference,,layers.1.ffn.0|r4c1|pos,layers.1.ffn.0,ffn,pos,4,1,512,640,128,256,0.009599034629331689,0.9502155365531323,0.10306255880804245,1051.8417220033568,51274.04652768446,29436.868504818667,4.243809668431111e-08,99.99446964128188,0.0019502801785069453,0.04595334082779498,2176,2176
per_vector,crossbar_core_read_only,"adc,dac,sense,digital_bias,layernorm,softmax,residual,encoder",checkpoints\caption_transformer_epoch_10.pt,checkpoints\caption_transformer_array-128x128_cmm_crosssim.pt,checkpoints\caption_transformer_crosssim_decoder.pt,0.1,10.0,200,200,200,9800,76192,76192,1000.0,100000.0,128x128,10,0,0.0001,0.0001,same_decoder_mapped_linear_mac_only,0.9,configurable_reference,,layers.1.ffn.0|r5c0|neg,layers.1.ffn.0,ffn,neg,5,0,640,768,0,128,0.009636602666585314,0.9538833305755391,0.10241151277297382,1047.8396458101124,51176.4528970475,29524.369452693034,4.3300601434456434e-08,101.63402212168702,0.0019899173453334835,0.0467068116368047,2176,2176
per_vector,crossbar_core_read_only,"adc,dac,sense,digital_bias,layernorm,softmax,residual,encoder",checkpoints\caption_transformer_epoch_10.pt,checkpoints\caption_transformer_array-128x128_cmm_crosssim.pt,checkpoints\caption_transformer_crosssim_decoder.pt,0.1,10.0,200,200,200,9800,76192,76192,1000.0,100000.0,128x128,10,0,0.0001,0.0001,same_decoder_mapped_linear_mac_only,0.9,configurable_reference,,layers.1.ffn.0|r5c0|pos,layers.1.ffn.0,ffn,pos,5,0,640,768,0,128,0.009553950314772448,0.8485590197663644,0.10154345016190104,1176.3689643933078,51391.65832610473,29826.258313576756,4.045526843220589e-08,98.1704381944168,0.001859157556627113,0.04511509108199302,2176,2176
per_vector,crossbar_core_read_only,"adc,dac,sense,digital_bias,layernorm,softmax,residual,encoder",checkpoints\caption_transformer_epoch_10.pt,checkpoints\caption_transformer_array-128x128_cmm_crosssim.pt,checkpoints\caption_transformer_crosssim_decoder.pt,0.1,10.0,200,200,200,9800,76192,76192,1000.0,100000.0,128x128,10,0,0.0001,0.0001,same_decoder_mapped_linear_mac_only,0.9,configurable_reference,,layers.1.ffn.0|r5c1|neg,layers.1.ffn.0,ffn,neg,5,1,640,768,128,256,0.009615714980518712,0.9429388237913319,0.10120938050066706,1059.8728134747764,51230.668679724164,29767.05278744045,4.148519501611903e-08,98.00308494144352,0.0019064887415495854,0.045038182417942794,2176,2176
per_vector,crossbar_core_read_only,"adc,dac,sense,digital_bias,layernorm,softmax,residual,encoder",checkpoints\caption_transformer_epoch_10.pt,checkpoints\caption_transformer_array-128x128_cmm_crosssim.pt,checkpoints\caption_transformer_crosssim_decoder.pt,0.1,10.0,200,200,200,9800,76192,76192,1000.0,100000.0,128x128,10,0,0.0001,0.0001,same_decoder_mapped_linear_mac_only,0.9,configurable_reference,,layers.1.ffn.0|r5c1|pos,layers.1.ffn.0,ffn,pos,5,1,640,768,128,256,0.00957835709554376,0.910974706920914,0.10196097720125213,1096.6536099409154,51327.92126963784,29558.617177522443,4.1821040552643854e-08,98.73838669263911,0.0019219228195148843,0.045376096825661356,2176,2176
per_vector,crossbar_core_read_only,"adc,dac,sense,digital_bias,layernorm,softmax,residual,encoder",checkpoints\caption_transformer_epoch_10.pt,checkpoints\caption_transformer_array-128x128_cmm_crosssim.pt,checkpoints\caption_transformer_crosssim_decoder.pt,0.1,10.0,200,200,200,9800,76192,76192,1000.0,100000.0,128x128,10,0,0.0001,0.0001,same_decoder_mapped_linear_mac_only,0.9,configurable_reference,,layers.1.ffn.0|r6c0|neg,layers.1.ffn.0,ffn,neg,6,0,768,896,0,128,0.009670545871846254,0.9067159530001607,0.10169162647235173,1101.7477323764847,51088.59472100935,29792.05408300381,4.312521923116996e-08,101.0336591297553,0.0019818575014324516,0.04643090952654196,2176,2176
per_vector,crossbar_core_read_only,"adc,dac,sense,digital_bias,layernorm,softmax,residual,encoder",checkpoints\caption_transformer_epoch_10.pt,checkpoints\caption_transformer_array-128x128_cmm_crosssim.pt,checkpoints\caption_transformer_crosssim_decoder.pt,0.1,10.0,200,200,200,9800,76192,76192,1000.0,100000.0,128x128,10,0,0.0001,0.0001,same_decoder_mapped_linear_mac_only,0.9,configurable_reference,,layers.1.ffn.0|r6c0|pos,layers.1.ffn.0,ffn,pos,6,0,768,896,0,128,0.00961478587530146,0.8900818156625462,0.10138271044567368,1122.106511245889,51233.082920651126,29606.416044981594,4.0541827256662194e-08,98.21559902576381,0.0018631354437804296,0.04513584514051645,2176,2176
per_vector,crossbar_core_read_only,"adc,dac,sense,digital_bias,layernorm,softmax,residual,encoder",checkpoints\caption_transformer_epoch_10.pt,checkpoints\caption_transformer_array-128x128_cmm_crosssim.pt,checkpoints\caption_transformer_crosssim_decoder.pt,0.1,10.0,200,200,200,9800,76192,76192,1000.0,100000.0,128x128,10,0,0.0001,0.0001,same_decoder_mapped_linear_mac_only,0.9,configurable_reference,,layers.1.ffn.0|r6c1|neg,layers.1.ffn.0,ffn,neg,6,1,768,896,128,256,0.009619681928729723,0.8359347955810192,0.09984225630887995,1193.9222942068275,51220.36329038177,29977.635913150472,4.062693109949691e-08,96.42106622992748,0.0018670464659695258,0.04431115176007697,2176,2176
per_vector,crossbar_core_read_only,"adc,dac,sense,digital_bias,layernorm,softmax,residual,encoder",checkpoints\caption_transformer_epoch_10.pt,checkpoints\caption_transformer_array-128x128_cmm_crosssim.pt,checkpoints\caption_transformer_crosssim_decoder.pt,0.1,10.0,200,200,200,9800,76192,76192,1000.0,100000.0,128x128,10,0,0.0001,0.0001,same_decoder_mapped_linear_mac_only,0.9,configurable_reference,,layers.1.ffn.0|r6c1|pos,layers.1.ffn.0,ffn,pos,6,1,768,896,128,256,0.00963059205965376,0.9557601542675351,0.10161785312338269,1045.803524734725,51192.04218067539,29410.484597719318,4.198180769147482e-08,98.7517453054664,0.0019293110152332155,0.04538223589405625,2176,2176
per_vector,crossbar_core_read_only,"adc,dac,sense,digital_bias,layernorm,softmax,residual,encoder",checkpoints\caption_transformer_epoch_10.pt,checkpoints\caption_transformer_array-128x128_cmm_crosssim.pt,checkpoints\caption_transformer_crosssim_decoder.pt,0.1,10.0,200,200,200,9800,76192,76192,1000.0,100000.0,128x128,10,0,0.0001,0.0001,same_decoder_mapped_linear_mac_only,0.9,configurable_reference,,layers.1.ffn.0|r7c0|neg,layers.1.ffn.0,ffn,neg,7,0,896,1024,0,128,0.009623387762898776,0.8631987764613896,0.10106255451063993,1156.6486396121838,51210.7399713967,29594.27165067447,4.255142802770344e-08,100.12913062228466,0.0019554884203907812,0.046015225469799935,2176,2176
per_vector,crossbar_core_read_only,"adc,dac,sense,digital_bias,layernorm,softmax,residual,encoder",checkpoints\caption_transformer_epoch_10.pt,checkpoints\caption_transformer_array-128x128_cmm_crosssim.pt,checkpoints\caption_transformer_crosssim_decoder.pt,0.1,10.0,200,200,200,9800,76192,76192,1000.0,100000.0,128x128,10,0,0.0001,0.0001,same_decoder_mapped_linear_mac_only,0.9,configurable_reference,,layers.1.ffn.0|r7c0|pos,layers.1.ffn.0,ffn,pos,7,0,896,1024,0,128,0.009638005629233252,0.9325859560641038,0.09986994670685895,1071.5126509175566,51172.81549927399,29815.94895375114,3.988089041182072e-08,96.74540726361113,0.0018327615078961735,0.04446020554393894,2176,2176
per_vector,crossbar_core_read_only,"adc,dac,sense,digital_bias,layernorm,softmax,residual,encoder",checkpoints\caption_transformer_epoch_10.pt,checkpoints\caption_transformer_array-128x128_cmm_crosssim.pt,checkpoints\caption_transformer_crosssim_decoder.pt,0.1,10.0,200,200,200,9800,76192,76192,1000.0,100000.0,128x128,10,0,0.0001,0.0001,same_decoder_mapped_linear_mac_only,0.9,configurable_reference,,layers.1.ffn.0|r7c1|neg,layers.1.ffn.0,ffn,neg,7,1,896,1024,128,256,0.00962697590962725,0.8583379902950324,0.0999319279391713,1163.1225792949926,51201.42570845106,29740.829161155125,4.08994809609283e-08,96.73897406497187,0.0018795717353367746,0.04445724911074075,2176,2176
per_vector,crossbar_core_read_only,"adc,dac,sense,digital_bias,layernorm,softmax,residual,encoder",checkpoints\caption_transformer_epoch_10.pt,checkpoints\caption_transformer_array-128x128_cmm_crosssim.pt,checkpoints\caption_transformer_crosssim_decoder.pt,0.1,10.0,200,200,200,9800,76192,76192,1000.0,100000.0,128x128,10,0,0.0001,0.0001,same_decoder_mapped_linear_mac_only,0.9,configurable_reference,,layers.1.ffn.0|r7c1|pos,layers.1.ffn.0,ffn,pos,7,1,896,1024,128,256,0.00959215306099429,0.8660540378563352,0.10216729659629262,1152.879290550165,51291.96370290982,29562.71089346392,4.2216760668552646e-08,99.29541867614593,0.0019401084866062781,0.04563208578867001,2176,2176
per_vector,crossbar_core_read_only,"adc,dac,sense,digital_bias,layernorm,softmax,residual,encoder",checkpoints\caption_transformer_epoch_10.pt,checkpoints\caption_transformer_array-128x128_cmm_crosssim.pt,checkpoints\caption_transformer_crosssim_decoder.pt,0.1,10.0,200,200,200,9800,76192,76192,1000.0,100000.0,128x128,10,0,0.0001,0.0001,same_decoder_mapped_linear_mac_only,0.9,configurable_reference,,layers.1.ffn.3|r0c0|neg,layers.1.ffn.3,ffn,neg,0,0,0,128,0,128,0.009612101420546604,0.782895345392802,0.08429560742202558,1273.7776196613202,51240.05964235748,30134.535164737812,9.786214994670153e-09,16.7298787186016,0.0004497341449756505,0.007688363381710295,2176,2176
per_vector,crossbar_core_read_only,"adc,dac,sense,digital_bias,layernorm,softmax,residual,encoder",checkpoints\caption_transformer_epoch_10.pt,checkpoints\caption_transformer_array-128x128_cmm_crosssim.pt,checkpoints\caption_transformer_crosssim_decoder.pt,0.1,10.0,200,200,200,9800,76192,76192,1000.0,100000.0,128x128,10,0,0.0001,0.0001,same_decoder_mapped_linear_mac_only,0.9,configurable_reference,,layers.1.ffn.3|r0c0|pos,layers.1.ffn.3,ffn,pos,0,0,0,128,0,128,0.00959646847085393,0.8705726014500019,0.08390142955288199,1146.9640929992838,51280.72643489725,30599.63763501365,9.708003436317159e-09,16.606635742533594,0.00044613986380133815,0.007631725984620218,2176,2176
per_vector,crossbar_core_read_only,"adc,dac,sense,digital_bias,layernorm,softmax,residual,encoder",checkpoints\caption_transformer_epoch_10.pt,checkpoints\caption_transformer_array-128x128_cmm_crosssim.pt,checkpoints\caption_transformer_crosssim_decoder.pt,0.1,10.0,200,200,200,9800,76192,76192,1000.0,100000.0,128x128,10,0,0.0001,0.0001,same_decoder_mapped_linear_mac_only,0.9,configurable_reference,,layers.1.ffn.3|r0c1|neg,layers.1.ffn.3,ffn,neg,0,1,0,128,128,256,0.009609994483371975,0.9055669009742789,0.08340755100297181,1103.1302919797922,51245.536764846525,30378.67535120563,9.382826948693977e-09,16.59101318734136,0.0004311960913921866,0.007624546501535552,2176,2176
per_vector,crossbar_core_read_only,"adc,dac,sense,digital_bias,layernorm,softmax,residual,encoder",checkpoints\caption_transformer_epoch_10.pt,checkpoints\caption_transformer_array-128x128_cmm_crosssim.pt,checkpoints\caption_transformer_crosssim_decoder.pt,0.1,10.0,200,200,200,9800,76192,76192,1000.0,100000.0,128x128,10,0,0.0001,0.0001,same_decoder_mapped_linear_mac_only,0.9,configurable_reference,,layers.1.ffn.3|r0c1|pos,layers.1.ffn.3,ffn,pos,0,1,0,128,128,256,0.009629018403212902,1.000035697184335,0.08371943269497881,999.9646610363948,51196.125230372,30442.944959889624,9.556705737344756e-09,16.795062846650495,0.00043918684454709355,0.007718319322909235,2176,2176
per_vector,crossbar_core_read_only,"adc,dac,sense,digital_bias,layernorm,softmax,residual,encoder",checkpoints\caption_transformer_epoch_10.pt,checkpoints\caption_transformer_array-128x128_cmm_crosssim.pt,checkpoints\caption_transformer_crosssim_decoder.pt,0.1,10.0,200,200,200,9800,76192,76192,1000.0,100000.0,128x128,10,0,0.0001,0.0001,same_decoder_mapped_linear_mac_only,0.9,configurable_reference,,layers.1.ffn.3|r0c2|neg,layers.1.ffn.3,ffn,neg,0,2,0,128,256,384,0.009599816685421786,0.7327407242266655,0.08210094456539832,1359.7795646406742,51272.011121719755,30532.922758872628,9.617262861664834e-09,16.23798711661681,0.00044196980062797923,0.007462310255798167,2176,2176
per_vector,crossbar_core_read_only,"adc,dac,sense,digital_bias,layernorm,softmax,residual,encoder",checkpoints\caption_transformer_epoch_10.pt,checkpoints\caption_transformer_array-128x128_cmm_crosssim.pt,checkpoints\caption_transformer_crosssim_decoder.pt,0.1,10.0,200,200,200,9800,76192,76192,1000.0,100000.0,128x128,10,0,0.0001,0.0001,same_decoder_mapped_linear_mac_only,0.9,configurable_reference,,layers.1.ffn.3|r0c2|pos,layers.1.ffn.3,ffn,pos,0,2,0,128,256,384,0.009616748781756522,0.9508389701964263,0.08300767319861452,1051.1593136007903,51227.982658000816,30351.681278425945,9.565626479285594e-09,16.200909153987553,0.00043959680511422664,0.007445270750913398,2176,2176
per_vector,crossbar_core_read_only,"adc,dac,sense,digital_bias,layernorm,softmax,residual,encoder",checkpoints\caption_transformer_epoch_10.pt,checkpoints\caption_transformer_array-128x128_cmm_crosssim.pt,checkpoints\caption_transformer_crosssim_decoder.pt,0.1,10.0,200,200,200,9800,76192,76192,1000.0,100000.0,128x128,10,0,0.0001,0.0001,same_decoder_mapped_linear_mac_only,0.9,configurable_reference,,layers.1.ffn.3|r0c3|neg,layers.1.ffn.3,ffn,neg,0,3,0,128,384,512,0.009621529650204776,0.7626469285873628,0.08364622665940691,1307.154583699711,51215.56467081221,30196.923458509875,9.599805178193983e-09,16.610273303230432,0.0004411675173802363,0.0076333976577345735,2176,2176
per_vector,crossbar_core_read_only,"adc,dac,sense,digital_bias,layernorm,softmax,residual,encoder",checkpoints\caption_transformer_epoch_10.pt,checkpoints\caption_transformer_array-128x128_cmm_crosssim.pt,checkpoints\caption_transformer_crosssim_decoder.pt,0.1,10.0,200,200,200,9800,76192,76192,1000.0,100000.0,128x128,10,0,0.0001,0.0001,same_decoder_mapped_linear_mac_only,0.9,configurable_reference,,layers.1.ffn.3|r0c3|pos,layers.1.ffn.3,ffn,pos,0,3,0,128,384,512,0.009637183511673387,0.787331892898574,0.08317911609923745,1266.6909106728156,51174.9469035471,30636.03080484971,9.582182914772524e-09,16.552503868419567,0.000440357670715649,0.0076068492042369335,2176,2176
per_vector,crossbar_core_read_only,"adc,dac,sense,digital_bias,layernorm,softmax,residual,encoder",checkpoints\caption_transformer_epoch_10.pt,checkpoints\caption_transformer_array-128x128_cmm_crosssim.pt,checkpoints\caption_transformer_crosssim_decoder.pt,0.1,10.0,200,200,200,9800,76192,76192,1000.0,100000.0,128x128,10,0,0.0001,0.0001,same_decoder_mapped_linear_mac_only,0.9,configurable_reference,,layers.1.ffn.3|r0c4|neg,layers.1.ffn.3,ffn,neg,0,4,0,128,512,640,0.009610849498583032,0.8562623510059614,0.08486122057687054,1165.9091963565747,51243.31395511052,30139.264758079808,9.852202567972865e-09,17.106017024146333,0.0004527666621311057,0.007861221058890778,2176,2176
per_vector,crossbar_core_read_only,"adc,dac,sense,digital_bias,layernorm,softmax,residual,encoder",checkpoints\caption_transformer_epoch_10.pt,checkpoints\caption_transformer_array-128x128_cmm_crosssim.pt,checkpoints\caption_transformer_crosssim_decoder.pt,0.1,10.0,200,200,200,9800,76192,76192,1000.0,100000.0,128x128,10,0,0.0001,0.0001,same_decoder_mapped_linear_mac_only,0.9,configurable_reference,,layers.1.ffn.3|r0c4|pos,layers.1.ffn.3,ffn,pos,0,4,0,128,512,640,0.009611228669868792,0.7724227340245581,0.08316649755406393,1290.8247419760385,51242.32827339954,30550.792540194994,9.755862310471533e-09,16.9025694910792,0.00044833926059152375,0.007767724949944484,2176,2176
per_vector,crossbar_core_read_only,"adc,dac,sense,digital_bias,layernorm,softmax,residual,encoder",checkpoints\caption_transformer_epoch_10.pt,checkpoints\caption_transformer_array-128x128_cmm_crosssim.pt,checkpoints\caption_transformer_crosssim_decoder.pt,0.1,10.0,200,200,200,9800,76192,76192,1000.0,100000.0,128x128,10,0,0.0001,0.0001,same_decoder_mapped_linear_mac_only,0.9,configurable_reference,,layers.1.ffn.3|r0c5|neg,layers.1.ffn.3,ffn,neg,0,5,0,128,640,768,0.009616917572732133,0.7733574177447495,0.08295548900903119,1289.284758705627,51227.54413214178,30495.483660029146,9.511495234079708e-09,16.56053852579125,0.0004371091559779274,0.007610541601926126,2176,2176
per_vector,crossbar_core_read_only,"adc,dac,sense,digital_bias,layernorm,softmax,residual,encoder",checkpoints\caption_transformer_epoch_10.pt,checkpoints\caption_transformer_array-128x128_cmm_crosssim.pt,checkpoints\caption_transformer_crosssim_decoder.pt,0.1,10.0,200,200,200,9800,76192,76192,1000.0,100000.0,128x128,10,0,0.0001,0.0001,same_decoder_mapped_linear_mac_only,0.9,configurable_reference,,layers.1.ffn.3|r0c5|pos,layers.1.ffn.3,ffn,pos,0,5,0,128,640,768,0.009628671016857257,0.8482076370715969,0.084101632594687,1176.850557696732,51197.02665575545,30286.49123043369,9.728421278010647e-09,16.943789495771956,0.00044707818373210625,0.007786667966806965,2176,2176
per_vector,crossbar_core_read_only,"adc,dac,sense,digital_bias,layernorm,softmax,residual,encoder",checkpoints\caption_transformer_epoch_10.pt,checkpoints\caption_transformer_array-128x128_cmm_crosssim.pt,checkpoints\caption_transformer_crosssim_decoder.pt,0.1,10.0,200,200,200,9800,76192,76192,1000.0,100000.0,128x128,10,0,0.0001,0.0001,same_decoder_mapped_linear_mac_only,0.9,configurable_reference,,layers.1.ffn.3|r0c6|neg,layers.1.ffn.3,ffn,neg,0,6,0,128,768,896,0.009661987413704935,0.8049783855659535,0.08310293181888813,1239.2670155457238,51110.71887495376,30499.259923055608,9.831324433829835e-09,17.210572541404012,0.0004518071890546804,0.007909270469395227,2176,2176
per_vector,crossbar_core_read_only,"adc,dac,sense,digital_bias,layernorm,softmax,residual,encoder",checkpoints\caption_transformer_epoch_10.pt,checkpoints\caption_transformer_array-128x128_cmm_crosssim.pt,checkpoints\caption_transformer_crosssim_decoder.pt,0.1,10.0,200,200,200,9800,76192,76192,1000.0,100000.0,128x128,10,0,0.0001,0.0001,same_decoder_mapped_linear_mac_only,0.9,configurable_reference,,layers.1.ffn.3|r0c6|pos,layers.1.ffn.3,ffn,pos,0,6,0,128,768,896,0.009640590608775628,0.8553230424406503,0.08442074003801503,1167.174643614825,51166.11489362726,30300.846290480567,9.765583528141969e-09,17.25755817054141,0.000448786007727113,0.007930863129844399,2176,2176
per_vector,crossbar_core_read_only,"adc,dac,sense,digital_bias,layernorm,softmax,residual,encoder",checkpoints\caption_transformer_epoch_10.pt,checkpoints\caption_transformer_array-128x128_cmm_crosssim.pt,checkpoints\caption_transformer_crosssim_decoder.pt,0.1,10.0,200,200,200,9800,76192,76192,1000.0,100000.0,128x128,10,0,0.0001,0.0001,same_decoder_mapped_linear_mac_only,0.9,configurable_reference,,layers.1.ffn.3|r0c7|neg,layers.1.ffn.3,ffn,neg,0,7,0,128,896,1024,0.009582547203753495,0.7872376194849123,0.08277059859993338,1266.8406780009898,51316.99491415389,30502.77668814527,9.499431959914594e-09,16.455303584065263,0.00043655477756960427,0.0075621799559123445,2176,2176
per_vector,crossbar_core_read_only,"adc,dac,sense,digital_bias,layernorm,softmax,residual,encoder",checkpoints\caption_transformer_epoch_10.pt,checkpoints\caption_transformer_array-128x128_cmm_crosssim.pt,checkpoints\caption_transformer_crosssim_decoder.pt,0.1,10.0,200,200,200,9800,76192,76192,1000.0,100000.0,128x128,10,0,0.0001,0.0001,same_decoder_mapped_linear_mac_only,0.9,configurable_reference,,layers.1.ffn.3|r0c7|pos,layers.1.ffn.3,ffn,pos,0,7,0,128,896,1024,0.00963013252722072,0.7790576768942117,0.08327893170699459,1279.971983767982,51193.23442808542,30282.575716992138,9.565955729569608e-09,16.56572353982381,0.00043961193610154395,0.007612924420874913,2176,2176
per_vector,crossbar_core_read_only,"adc,dac,sense,digital_bias,layernorm,softmax,residual,encoder",checkpoints\caption_transformer_epoch_10.pt,checkpoints\caption_transformer_array-128x128_cmm_crosssim.pt,checkpoints\caption_transformer_crosssim_decoder.pt,0.1,10.0,200,200,200,9800,76192,76192,1000.0,100000.0,128x128,10,0,0.0001,0.0001,same_decoder_mapped_linear_mac_only,0.9,configurable_reference,,layers.1.ffn.3|r1c0|neg,layers.1.ffn.3,ffn,neg,1,0,128,256,0,128,0.009661948166735702,0.7807228200005999,0.08382648517963748,1277.2768999275427,51110.82037498144,30338.31051073538,9.661287077796067e-09,16.534485722346933,0.0004439929723251865,0.007598568806225612,2176,2176
per_vector,crossbar_core_read_only,"adc,dac,sense,digital_bias,layernorm,softmax,residual,encoder",checkpoints\caption_transformer_epoch_10.pt,checkpoints\caption_transformer_array-128x128_cmm_crosssim.pt,checkpoints\caption_transformer_crosssim_decoder.pt,0.1,10.0,200,200,200,9800,76192,76192,1000.0,100000.0,128x128,10,0,0.0001,0.0001,same_decoder_mapped_linear_mac_only,0.9,configurable_reference,,layers.1.ffn.3|r1c0|pos,layers.1.ffn.3,ffn,pos,1,0,128,256,0,128,0.009546149572721823,0.9289419786703941,0.08368783285884138,1075.6706798083594,51412.06295846957,30366.906701834218,9.67929204824454e-09,16.55492580567328,0.00044482040662888525,0.007607962226871913,2176,2176
per_vector,crossbar_core_read_only,"adc,dac,sense,digital_bias,layernorm,softmax,residual,encoder",checkpoints\caption_transformer_epoch_10.pt,checkpoints\caption_transformer_array-128x128_cmm_crosssim.pt,checkpoints\caption_transformer_crosssim_decoder.pt,0.1,10.0,200,200,200,9800,76192,76192,1000.0,100000.0,128x128,10,0,0.0001,0.0001,same_decoder_mapped_linear_mac_only,0.9,configurable_reference,,layers.1.ffn.3|r1c1|neg,layers.1.ffn.3,ffn,neg,1,1,128,256,128,256,0.009637987360634244,0.9748877038658984,0.08401621697632405,1025.4950090067177,51172.862860121386,30371.501322449498,9.523493481865243e-09,16.746956284246103,0.0004376605460416004,0.0076962115276866284,2176,2176
per_vector,crossbar_core_read_only,"adc,dac,sense,digital_bias,layernorm,softmax,residual,encoder",checkpoints\caption_transformer_epoch_10.pt,checkpoints\caption_transformer_array-128x128_cmm_crosssim.pt,checkpoints\caption_transformer_crosssim_decoder.pt,0.1,10.0,200,200,200,9800,76192,76192,1000.0,100000.0,128x128,10,0,0.0001,0.0001,same_decoder_mapped_linear_mac_only,0.9,configurable_reference,,layers.1.ffn.3|r1c1|pos,layers.1.ffn.3,ffn,pos,1,1,128,256,128,256,0.009616191147164657,0.8485358001047854,0.08317216201533192,1176.400776317652,51229.43146885596,30414.71812316182,9.423994072681634e-09,16.624526305654822,0.00043308796289897336,0.007639947750760488,2176,2176
per_vector,crossbar_core_read_only,"adc,dac,sense,digital_bias,layernorm,softmax,residual,encoder",checkpoints\caption_transformer_epoch_10.pt,checkpoints\caption_transformer_array-128x128_cmm_crosssim.pt,checkpoints\caption_transformer_crosssim_decoder.pt,0.1,10.0,200,200,200,9800,76192,76192,1000.0,100000.0,128x128,10,0,0.0001,0.0001,same_decoder_mapped_linear_mac_only,0.9,configurable_reference,,layers.1.ffn.3|r1c2|neg,layers.1.ffn.3,ffn,neg,1,2,128,256,256,384,0.009645994806256804,0.789574561308349,0.0833415262121796,1263.1385104346682,51152.11217318797,30499.00673874532,9.677165016284247e-09,16.369441843850677,0.0004447226569983571,0.007522721435593142,2176,2176
per_vector,crossbar_core_read_only,"adc,dac,sense,digital_bias,layernorm,softmax,residual,encoder",checkpoints\caption_transformer_epoch_10.pt,checkpoints\caption_transformer_array-128x128_cmm_crosssim.pt,checkpoints\caption_transformer_crosssim_decoder.pt,0.1,10.0,200,200,200,9800,76192,76192,1000.0,100000.0,128x128,10,0,0.0001,0.0001,same_decoder_mapped_linear_mac_only,0.9,configurable_reference,,layers.1.ffn.3|r1c2|pos,layers.1.ffn.3,ffn,pos,1,2,128,256,256,384,0.009634261181101018,0.7953319351696856,0.08374249530954639,1254.1093781078548,51182.52471232094,30228.23632115637,9.819032953387207e-09,16.58450419070616,0.0004512423232255147,0.0076215552346995214,2176,2176
per_vector,crossbar_core_read_only,"adc,dac,sense,digital_bias,layernorm,softmax,residual,encoder",checkpoints\caption_transformer_epoch_10.pt,checkpoints\caption_transformer_array-128x128_cmm_crosssim.pt,checkpoints\caption_transformer_crosssim_decoder.pt,0.1,10.0,200,200,200,9800,76192,76192,1000.0,100000.0,128x128,10,0,0.0001,0.0001,same_decoder_mapped_linear_mac_only,0.9,configurable_reference,,layers.1.ffn.3|r1c3|neg,layers.1.ffn.3,ffn,neg,1,3,128,256,384,512,0.009621393144759004,0.8600174388713429,0.08352354029987012,1160.87759234847,51215.91915111559,30482.671974986766,9.60232732734112e-09,16.582475263432624,0.00044128342496972103,0.007620622823268669,2176,2176
per_vector,crossbar_core_read_only,"adc,dac,sense,digital_bias,layernorm,softmax,residual,encoder",checkpoints\caption_transformer_epoch_10.pt,checkpoints\caption_transformer_array-128x128_cmm_crosssim.pt,checkpoints\caption_transformer_crosssim_decoder.pt,0.1,10.0,200,200,200,9800,76192,76192,1000.0,100000.0,128x128,10,0,0.0001,0.0001,same_decoder_mapped_linear_mac_only,0.9,configurable_reference,,layers.1.ffn.3|r1c3|pos,layers.1.ffn.3,ffn,pos,1,3,128,256,384,512,0.009654300840005743,0.7448956589094886,0.08451398117505217,1337.8880352212045,51130.60549220945,30249.574168779145,9.730189441673329e-09,16.81471232926423,0.0004471594412533713,0.0077273494160221634,2176,2176
per_vector,crossbar_core_read_only,"adc,dac,sense,digital_bias,layernorm,softmax,residual,encoder",checkpoints\caption_transformer_epoch_10.pt,checkpoints\caption_transformer_array-128x128_cmm_crosssim.pt,checkpoints\caption_transformer_crosssim_decoder.pt,0.1,10.0,200,200,200,9800,76192,76192,1000.0,100000.0,128x128,10,0,0.0001,0.0001,same_decoder_mapped_linear_mac_only,0.9,configurable_reference,,layers.1.ffn.3|r1c4|neg,layers.1.ffn.3,ffn,neg,1,4,128,256,512,640,0.009605422353635935,0.7744338604030923,0.08351477542257502,1287.5157600731889,51257.426346739194,30614.27570556853,9.756565710125723e-09,16.94628848989228,0.00044837158594327847,0.007787816401604908,2176,2176
per_vector,crossbar_core_read_only,"adc,dac,sense,digital_bias,layernorm,softmax,residual,encoder",checkpoints\caption_transformer_epoch_10.pt,checkpoints\caption_transformer_array-128x128_cmm_crosssim.pt,checkpoints\caption_transformer_crosssim_decoder.pt,0.1,10.0,200,200,200,9800,76192,76192,1000.0,100000.0,128x128,10,0,0.0001,0.0001,same_decoder_mapped_linear_mac_only,0.9,configurable_reference,,layers.1.ffn.3|r1c4|pos,layers.1.ffn.3,ffn,pos,1,4,128,256,512,640,0.009594495769301872,0.8667193572013395,0.0844813362508583,1152.0045014564562,51285.86271163444,30169.18989737762,9.85614275088731e-09,17.11005574069665,0.0004529477367135715,0.007863077086717211,2176,2176
per_vector,crossbar_core_read_only,"adc,dac,sense,digital_bias,layernorm,softmax,residual,encoder",checkpoints\caption_transformer_epoch_10.pt,checkpoints\caption_transformer_array-128x128_cmm_crosssim.pt,checkpoints\caption_transformer_crosssim_decoder.pt,0.1,10.0,200,200,200,9800,76192,76192,1000.0,100000.0,128x128,10,0,0.0001,0.0001,same_decoder_mapped_linear_mac_only,0.9,configurable_reference,,layers.1.ffn.3|r1c5|neg,layers.1.ffn.3,ffn,neg,1,5,128,256,640,768,0.009650786074202451,0.7554970594578556,0.08551898445579853,1319.3620128679609,51139.70401176136,30263.510590889557,9.801184415988136e-09,17.09004104684362,0.00045042207794063145,0.00785387915755681,2176,2176
per_vector,crossbar_core_read_only,"adc,dac,sense,digital_bias,layernorm,softmax,residual,encoder",checkpoints\caption_transformer_epoch_10.pt,checkpoints\caption_transformer_array-128x128_cmm_crosssim.pt,checkpoints\caption_transformer_crosssim_decoder.pt,0.1,10.0,200,200,200,9800,76192,76192,1000.0,100000.0,128x128,10,0,0.0001,0.0001,same_decoder_mapped_linear_mac_only,0.9,configurable_reference,,layers.1.ffn.3|r1c5|pos,layers.1.ffn.3,ffn,pos,1,5,128,256,640,768,0.009669121907304568,0.7211282261700334,0.08440733274498859,1381.373938564182,51092.27443075214,30391.09150241909,9.58658432668044e-09,16.716702277062225,0.00044055994148347493,0.007682308031738155,2176,2176
per_vector,crossbar_core_read_only,"adc,dac,sense,digital_bias,layernorm,softmax,residual,encoder",checkpoints\caption_transformer_epoch_10.pt,checkpoints\caption_transformer_array-128x128_cmm_crosssim.pt,checkpoints\caption_transformer_crosssim_decoder.pt,0.1,10.0,200,200,200,9800,76192,76192,1000.0,100000.0,128x128,10,0,0.0001,0.0001,same_decoder_mapped_linear_mac_only,0.9,configurable_reference,,layers.1.ffn.3|r1c6|neg,layers.1.ffn.3,ffn,neg,1,6,128,256,768,896,0.009670081668332511,0.7896365380141767,0.0843341722025541,1263.0406218660182,51089.79422508623,30129.35012892796,9.748395430196193e-09,17.247351410575188,0.0004479961135200452,0.007926172523242275,2176,2176
per_vector,crossbar_core_read_only,"adc,dac,sense,digital_bias,layernorm,softmax,residual,encoder",checkpoints\caption_transformer_epoch_10.pt,checkpoints\caption_transformer_array-128x128_cmm_crosssim.pt,checkpoints\caption_transformer_crosssim_decoder.pt,0.1,10.0,200,200,200,9800,76192,76192,1000.0,100000.0,128x128,10,0,0.0001,0.0001,same_decoder_mapped_linear_mac_only,0.9,configurable_reference,,layers.1.ffn.3|r1c6|pos,layers.1.ffn.3,ffn,pos,1,6,128,256,768,896,0.009664220903858068,0.7846505820844081,0.0819856406392655,1270.9644372317912,51104.94331446077,30730.213960530058,9.73454254850871e-09,17.093505934984957,0.00044735949211896557,0.007855471477474705,2176,2176
per_vector,crossbar_core_read_only,"adc,dac,sense,digital_bias,layernorm,softmax,residual,encoder",checkpoints\caption_transformer_epoch_10.pt,checkpoints\caption_transformer_array-128x128_cmm_crosssim.pt,checkpoints\caption_transformer_crosssim_decoder.pt,0.1,10.0,200,200,200,9800,76192,76192,1000.0,100000.0,128x128,10,0,0.0001,0.0001,same_decoder_mapped_linear_mac_only,0.9,configurable_reference,,layers.1.ffn.3|r1c7|neg,layers.1.ffn.3,ffn,neg,1,7,128,256,896,1024,0.009687507327879461,0.795193153789718,0.08378094294406124,1254.3255066207987,51044.80483345094,30197.379362278385,9.639674208720232e-09,16.711506478679667,0.00044299973385662853,0.00767992025674617,2176,2176
per_vector,crossbar_core_read_only,"adc,dac,sense,digital_bias,layernorm,softmax,residual,encoder",checkpoints\caption_transformer_epoch_10.pt,checkpoints\caption_transformer_array-128x128_cmm_crosssim.pt,checkpoints\caption_transformer_crosssim_decoder.pt,0.1,10.0,200,200,200,9800,76192,76192,1000.0,100000.0,128x128,10,0,0.0001,0.0001,same_decoder_mapped_linear_mac_only,0.9,configurable_reference,,layers.1.ffn.3|r1c7|pos,layers.1.ffn.3,ffn,pos,1,7,128,256,896,1024,0.00963191940971294,0.8459204306694187,0.0824773175681627,1179.994988433827,51188.59871019722,30605.900715321004,9.523162001490595e-09,16.48035519360811,0.000437645312568503,0.007573692644121373,2176,2176
per_vector,crossbar_core_read_only,"adc,dac,sense,digital_bias,layernorm,softmax,residual,encoder",checkpoints\caption_transformer_epoch_10.pt,checkpoints\caption_transformer_array-128x128_cmm_crosssim.pt,checkpoints\caption_transformer_crosssim_decoder.pt,0.1,10.0,200,200,200,9800,76192,76192,1000.0,100000.0,128x128,10,0,0.0001,0.0001,same_decoder_mapped_linear_mac_only,0.9,configurable_reference,,layers.1.self_attn.k_proj|r0c0|neg,layers.1.self_attn.k_proj,self_attn,neg,0,0,0,128,0,128,0.009625828838128422,0.9333625514921451,0.10166749751119547,1070.6306541349932,51204.40295667165,29699.9032064974,4.2547183548106887e-08,100.7094789942165,0.0019552933615858002,0.04628192968484214,2176,2176
per_vector,crossbar_core_read_only,"adc,dac,sense,digital_bias,layernorm,softmax,residual,encoder",checkpoints\caption_transformer_epoch_10.pt,checkpoints\caption_transformer_array-128x128_cmm_crosssim.pt,checkpoints\caption_transformer_crosssim_decoder.pt,0.1,10.0,200,200,200,9800,76192,76192,1000.0,100000.0,128x128,10,0,0.0001,0.0001,same_decoder_mapped_linear_mac_only,0.9,configurable_reference,,layers.1.self_attn.k_proj|r0c0|pos,layers.1.self_attn.k_proj,self_attn,pos,0,0,0,128,0,128,0.00958805722489689,0.8895488174942399,0.10170708584021534,1122.771304031697,51302.63376020423,29574.42831176374,4.2420942225815034e-08,100.61570936362084,0.0019494918302304732,0.04623883702372281,2176,2176
per_vector,crossbar_core_read_only,"adc,dac,sense,digital_bias,layernorm,softmax,residual,encoder",checkpoints\caption_transformer_epoch_10.pt,checkpoints\caption_transformer_array-128x128_cmm_crosssim.pt,checkpoints\caption_transformer_crosssim_decoder.pt,0.1,10.0,200,200,200,9800,76192,76192,1000.0,100000.0,128x128,10,0,0.0001,0.0001,same_decoder_mapped_linear_mac_only,0.9,configurable_reference,,layers.1.self_attn.k_proj|r0c1|neg,layers.1.self_attn.k_proj,self_attn,neg,0,1,0,128,128,256,0.009585257476313003,0.870690442494344,0.10055519874085211,1146.810640730709,51309.92993636641,29667.028302679424,3.172893410157165e-08,79.23775377931445,0.0014581311627560548,0.03641440890593495,2176,2176
per_vector,crossbar_core_read_only,"adc,dac,sense,digital_bias,layernorm,softmax,residual,encoder",checkpoints\caption_transformer_epoch_10.pt,checkpoints\caption_transformer_array-128x128_cmm_crosssim.pt,checkpoints\caption_transformer_crosssim_decoder.pt,0.1,10.0,200,200,200,9800,76192,76192,1000.0,100000.0,128x128,10,0,0.0001,0.0001,same_decoder_mapped_linear_mac_only,0.9,configurable_reference,,layers.1.self_attn.k_proj|r0c1|pos,layers.1.self_attn.k_proj,self_attn,pos,0,1,0,128,128,256,0.009584730373036074,0.8372071449707318,0.10094240874289948,1192.1294561545728,51311.30380555075,29758.09256508119,3.195221450674823e-08,79.71670518743767,0.0014683922107880637,0.03663451525157981,2176,2176
per_vector,crossbar_core_read_only,"adc,dac,sense,digital_bias,layernorm,softmax,residual,encoder",checkpoints\caption_transformer_epoch_10.pt,checkpoints\caption_transformer_array-128x128_cmm_crosssim.pt,checkpoints\caption_transformer_crosssim_decoder.pt,0.1,10.0,200,200,200,9800,76192,76192,1000.0,100000.0,128x128,10,0,0.0001,0.0001,same_decoder_mapped_linear_mac_only,0.9,configurable_reference,,layers.1.self_attn.k_proj|r1c0|neg,layers.1.self_attn.k_proj,self_attn,neg,1,0,128,256,0,128,0.009634812821503963,0.8377540823820392,0.10502512062474031,1191.3604329989969,51181.094098119196,29510.16911814552,4.3877573440939164e-08,103.78729288329723,0.002016432602984327,0.04769636621475056,2176,2176
per_vector,crossbar_core_read_only,"adc,dac,sense,digital_bias,layernorm,softmax,residual,encoder",checkpoints\caption_transformer_epoch_10.pt,checkpoints\caption_transformer_array-128x128_cmm_crosssim.pt,checkpoints\caption_transformer_crosssim_decoder.pt,0.1,10.0,200,200,200,9800,76192,76192,1000.0,100000.0,128x128,10,0,0.0001,0.0001,same_decoder_mapped_linear_mac_only,0.9,configurable_reference,,layers.1.self_attn.k_proj|r1c0|pos,layers.1.self_attn.k_proj,self_attn,pos,1,0,128,256,0,128,0.009639549703283614,1.0001078025624266,0.10559193910256633,999.893286852109,51168.81284599161,29533.04999822121,4.395019805599916e-08,104.16998075302597,0.00201977013124996,0.04787223380194208,2176,2176
per_vector,crossbar_core_read_only,"adc,dac,sense,digital_bias,layernorm,softmax,residual,encoder",checkpoints\caption_transformer_epoch_10.pt,checkpoints\caption_transformer_array-128x128_cmm_crosssim.pt,checkpoints\caption_transformer_crosssim_decoder.pt,0.1,10.0,200,200,200,9800,76192,76192,1000.0,100000.0,128x128,10,0,0.0001,0.0001,same_decoder_mapped_linear_mac_only,0.9,configurable_reference,,layers.1.self_attn.k_proj|r1c1|neg,layers.1.self_attn.k_proj,self_attn,neg,1,1,128,256,128,256,0.009587246189880546,0.9443001083034225,0.10485785626478203,1058.3610922310072,51304.74711304744,29322.63286551593,3.29270818814658e-08,82.35652640857492,0.0015131931011703047,0.03784766838629362,2176,2176
per_vector,crossbar_core_read_only,"adc,dac,sense,digital_bias,layernorm,softmax,residual,encoder",checkpoints\caption_transformer_epoch_10.pt,checkpoints\caption_transformer_array-128x128_cmm_crosssim.pt,checkpoints\caption_transformer_crosssim_decoder.pt,0.1,10.0,200,200,200,9800,76192,76192,1000.0,100000.0,128x128,10,0,0.0001,0.0001,same_decoder_mapped_linear_mac_only,0.9,configurable_reference,,layers.1.self_attn.k_proj|r1c1|pos,layers.1.self_attn.k_proj,self_attn,pos,1,1,128,256,128,256,0.009592046148758419,0.9556381388528176,0.10292741657626173,1045.9356558085472,51292.24216342159,29824.62818942702,3.256825431314921e-08,81.19089102852402,0.001496702863655756,0.03731199036237317,2176,2176
per_vector,crossbar_core_read_only,"adc,dac,sense,digital_bias,layernorm,softmax,residual,encoder",checkpoints\caption_transformer_epoch_10.pt,checkpoints\caption_transformer_array-128x128_cmm_crosssim.pt,checkpoints\caption_transformer_crosssim_decoder.pt,0.1,10.0,200,200,200,9800,76192,76192,1000.0,100000.0,128x128,10,0,0.0001,0.0001,same_decoder_mapped_linear_mac_only,0.9,configurable_reference,,layers.1.self_attn.o_proj|r0c0|neg,layers.1.self_attn.o_proj,self_attn,neg,0,0,0,128,0,128,0.009616565241117297,0.607720072518836,0.0660559463819078,1634.9409861795527,51228.459512609974,31059.005277627628,2.9779889017537973e-08,69.70315843889503,0.0013685610761736211,0.03203270148846279,2176,2176
per_vector,crossbar_core_read_only,"adc,dac,sense,digital_bias,layernorm,softmax,residual,encoder",checkpoints\caption_transformer_epoch_10.pt,checkpoints\caption_transformer_array-128x128_cmm_crosssim.pt,checkpoints\caption_transformer_crosssim_decoder.pt,0.1,10.0,200,200,200,9800,76192,76192,1000.0,100000.0,128x128,10,0,0.0001,0.0001,same_decoder_mapped_linear_mac_only,0.9,configurable_reference,,layers.1.self_attn.o_proj|r0c0|pos,layers.1.self_attn.o_proj,self_attn,pos,0,0,0,128,0,128,0.009654845828538022,0.5018209414557977,0.06461864359374098,1973.154319773137,51129.19499429222,31517.59733966247,2.9075120947389142e-08,68.2416527295789,0.001336172837655754,0.031361053644107954,2176,2176
per_vector,crossbar_core_read_only,"adc,dac,sense,digital_bias,layernorm,softmax,residual,encoder",checkpoints\caption_transformer_epoch_10.pt,checkpoints\caption_transformer_array-128x128_cmm_crosssim.pt,checkpoints\caption_transformer_crosssim_decoder.pt,0.1,10.0,200,200,200,9800,76192,76192,1000.0,100000.0,128x128,10,0,0.0001,0.0001,same_decoder_mapped_linear_mac_only,0.9,configurable_reference,,layers.1.self_attn.o_proj|r0c1|neg,layers.1.self_attn.o_proj,self_attn,neg,0,1,0,128,128,256,0.009682268667640182,0.6177550344572303,0.06410379612342626,1608.809883819335,51058.32162167547,31395.73885710859,2.8906114463020337e-08,67.3995993440617,0.0013284059955432155,0.030974080580910706,2176,2176
per_vector,crossbar_core_read_only,"adc,dac,sense,digital_bias,layernorm,softmax,residual,encoder",checkpoints\caption_transformer_epoch_10.pt,checkpoints\caption_transformer_array-128x128_cmm_crosssim.pt,checkpoints\caption_transformer_crosssim_decoder.pt,0.1,10.0,200,200,200,9800,76192,76192,1000.0,100000.0,128x128,10,0,0.0001,0.0001,same_decoder_mapped_linear_mac_only,0.9,configurable_reference,,layers.1.self_attn.o_proj|r0c1|pos,layers.1.self_attn.o_proj,self_attn,pos,0,1,0,128,128,256,0.009628074454405063,0.6300513620804469,0.0641264051691336,1577.907157726954,51198.57473689834,31388.882322122154,2.895697972692405e-08,67.45692880343456,0.0013307435536270285,0.031000426839813678,2176,2176
per_vector,crossbar_core_read_only,"adc,dac,sense,digital_bias,layernorm,softmax,residual,encoder",checkpoints\caption_transformer_epoch_10.pt,checkpoints\caption_transformer_array-128x128_cmm_crosssim.pt,checkpoints\caption_transformer_crosssim_decoder.pt,0.1,10.0,200,200,200,9800,76192,76192,1000.0,100000.0,128x128,10,0,0.0001,0.0001,same_decoder_mapped_linear_mac_only,0.9,configurable_reference,,layers.1.self_attn.o_proj|r1c0|neg,layers.1.self_attn.o_proj,self_attn,neg,1,0,128,256,0,128,0.009553159142229435,0.816256661223786,0.06600209866718845,1222.3532801258336,51393.727081517594,31196.812114933324,2.981336896518018e-08,69.7329219909963,0.0013700996767086462,0.032046379591450506,2176,2176
per_vector,crossbar_core_read_only,"adc,dac,sense,digital_bias,layernorm,softmax,residual,encoder",checkpoints\caption_transformer_epoch_10.pt,checkpoints\caption_transformer_array-128x128_cmm_crosssim.pt,checkpoints\caption_transformer_crosssim_decoder.pt,0.1,10.0,200,200,200,9800,76192,76192,1000.0,100000.0,128x128,10,0,0.0001,0.0001,same_decoder_mapped_linear_mac_only,0.9,configurable_reference,,layers.1.self_attn.o_proj|r1c0|pos,layers.1.self_attn.o_proj,self_attn,pos,1,0,128,256,0,128,0.009662355680836891,0.892371650379576,0.0653950890995976,1119.259401789645,51109.7664866784,31492.47009184442,2.9503295678753975e-08,69.08620429393174,0.001355849985236855,0.031749174767431866,2176,2176
per_vector,crossbar_core_read_only,"adc,dac,sense,digital_bias,layernorm,softmax,residual,encoder",checkpoints\caption_transformer_epoch_10.pt,checkpoints\caption_transformer_array-128x128_cmm_crosssim.pt,checkpoints\caption_transformer_crosssim_decoder.pt,0.1,10.0,200,200,200,9800,76192,76192,1000.0,100000.0,128x128,10,0,0.0001,0.0001,same_decoder_mapped_linear_mac_only,0.9,configurable_reference,,layers.1.self_attn.o_proj|r1c1|neg,layers.1.self_attn.o_proj,self_attn,neg,1,1,128,256,128,256,0.009566886736815904,0.9786931550803531,0.06473599562745558,1021.5483117416443,51357.855821083394,31262.69385631158,2.919703656814571e-08,68.00802180920026,0.0013417755775802249,0.03125368649319865,2176,2176
per_vector,crossbar_core_read_only,"adc,dac,sense,digital_bias,layernorm,softmax,residual,encoder",checkpoints\caption_transformer_epoch_10.pt,checkpoints\caption_transformer_array-128x128_cmm_crosssim.pt,checkpoints\caption_transformer_crosssim_decoder.pt,0.1,10.0,200,200,200,9800,76192,76192,1000.0,100000.0,128x128,10,0,0.0001,0.0001,same_decoder_mapped_linear_mac_only,0.9,configurable_reference,,layers.1.self_attn.o_proj|r1c1|pos,layers.1.self_attn.o_proj,self_attn,pos,1,1,128,256,128,256,0.009624914130428678,1.000086202520124,0.06402829908085284,999.9146667874558,51206.777347909076,31584.259121590996,2.8906934768051126e-08,67.39399199545973,0.0013284436933847042,0.030971503674384067,2176,2176
per_vector,crossbar_core_read_only,"adc,dac,sense,digital_bias,layernorm,softmax,residual,encoder",checkpoints\caption_transformer_epoch_10.pt,checkpoints\caption_transformer_array-128x128_cmm_crosssim.pt,checkpoints\caption_transformer_crosssim_decoder.pt,0.1,10.0,200,200,200,9800,76192,76192,1000.0,100000.0,128x128,10,0,0.0001,0.0001,same_decoder_mapped_linear_mac_only,0.9,configurable_reference,,layers.1.self_attn.q_proj|r0c0|neg,layers.1.self_attn.q_proj,self_attn,neg,0,0,0,128,0,128,0.009644228687594618,0.8347792777386386,0.10004350837506504,1195.5551865032019,51156.687488831725,29697.50720411969,4.2041827885768295e-08,99.44725619641386,0.0019320692962209668,0.04570186406085196,2176,2176
per_vector,crossbar_core_read_only,"adc,dac,sense,digital_bias,layernorm,softmax,residual,encoder",checkpoints\caption_transformer_epoch_10.pt,checkpoints\caption_transformer_array-128x128_cmm_crosssim.pt,checkpoints\caption_transformer_crosssim_decoder.pt,0.1,10.0,200,200,200,9800,76192,76192,1000.0,100000.0,128x128,10,0,0.0001,0.0001,same_decoder_mapped_linear_mac_only,0.9,configurable_reference,,layers.1.self_attn.q_proj|r0c0|pos,layers.1.self_attn.q_proj,self_attn,pos,0,0,0,128,0,128,0.009616496343553967,1.0000731287050397,0.10003904189852961,999.9276078230173,51228.63851678798,29773.204340431614,4.2212457150339035e-08,99.57659711930211,0.0019399107146295497,0.04576130382320869,2176,2176
per_vector,crossbar_core_read_only,"adc,dac,sense,digital_bias,layernorm,softmax,residual,encoder",checkpoints\caption_transformer_epoch_10.pt,checkpoints\caption_transformer_array-128x128_cmm_crosssim.pt,checkpoints\caption_transformer_crosssim_decoder.pt,0.1,10.0,200,200,200,9800,76192,76192,1000.0,100000.0,128x128,10,0,0.0001,0.0001,same_decoder_mapped_linear_mac_only,0.9,configurable_reference,,layers.1.self_attn.q_proj|r0c1|neg,layers.1.self_attn.q_proj,self_attn,neg,0,1,0,128,128,256,0.009569647202286398,0.8192911277755618,0.10100181187660631,1217.8811010761365,51350.648558740984,29589.295699522452,3.2001682134627114e-08,79.85050797756308,0.0014706655392751448,0.0366960055043948,2176,2176
per_vector,crossbar_core_read_only,"adc,dac,sense,digital_bias,layernorm,softmax,residual,encoder",checkpoints\caption_transformer_epoch_10.pt,checkpoints\caption_transformer_array-128x128_cmm_crosssim.pt,checkpoints\caption_transformer_crosssim_decoder.pt,0.1,10.0,200,200,200,9800,76192,76192,1000.0,100000.0,128x128,10,0,0.0001,0.0001,same_decoder_mapped_linear_mac_only,0.9,configurable_reference,,layers.1.self_attn.q_proj|r0c1|pos,layers.1.self_attn.q_proj,self_attn,pos,0,1,0,128,128,256,0.009598254861187113,0.853516911455994,0.09921271961157119,1169.6156192311453,51276.07613986555,29788.531078166998,3.1738452277418485e-08,78.83256489107355,0.0014585685789254806,0.03622820077714777,2176,2176
per_vector,crossbar_core_read_only,"adc,dac,sense,digital_bias,layernorm,softmax,residual,encoder",checkpoints\caption_transformer_epoch_10.pt,checkpoints\caption_transformer_array-128x128_cmm_crosssim.pt,checkpoints\caption_transformer_crosssim_decoder.pt,0.1,10.0,200,200,200,9800,76192,76192,1000.0,100000.0,128x128,10,0,0.0001,0.0001,same_decoder_mapped_linear_mac_only,0.9,configurable_reference,,layers.1.self_attn.q_proj|r1c0|neg,layers.1.self_attn.q_proj,self_attn,neg,1,0,128,256,0,128,0.009661384630589295,0.9417413975805697,0.10445450357060489,1061.206142896419,51112.277829664694,29655.567001657546,4.377651494979114e-08,103.5288751881908,0.002011788370854367,0.04757760808280827,2176,2176
per_vector,crossbar_core_read_only,"adc,dac,sense,digital_bias,layernorm,softmax,residual,encoder",checkpoints\caption_transformer_epoch_10.pt,checkpoints\caption_transformer_array-128x128_cmm_crosssim.pt,checkpoints\caption_transformer_crosssim_decoder.pt,0.1,10.0,200,200,200,9800,76192,76192,1000.0,100000.0,128x128,10,0,0.0001,0.0001,same_decoder_mapped_linear_mac_only,0.9,configurable_reference,,layers.1.self_attn.q_proj|r1c0|pos,layers.1.self_attn.q_proj,self_attn,pos,1,0,128,256,0,128,0.00960718602848333,0.9125469854913647,0.10525420461574236,1094.7848095117654,51252.83934988793,29443.338243839713,4.4234169042849645e-08,104.24153139878288,0.002032820268513307,0.0479051155325289,2176,2176
per_vector,crossbar_core_read_only,"adc,dac,sense,digital_bias,layernorm,softmax,residual,encoder",checkpoints\caption_transformer_epoch_10.pt,checkpoints\caption_transformer_array-128x128_cmm_crosssim.pt,checkpoints\caption_transformer_crosssim_decoder.pt,0.1,10.0,200,200,200,9800,76192,76192,1000.0,100000.0,128x128,10,0,0.0001,0.0001,same_decoder_mapped_linear_mac_only,0.9,configurable_reference,,layers.1.self_attn.q_proj|r1c1|neg,layers.1.self_attn.q_proj,self_attn,neg,1,1,128,256,128,256,0.009621910108014175,0.9427842708500079,0.10452952625300944,1060.0447192267347,51214.57671561414,29495.814127530008,3.2974998275283526e-08,82.32566327034645,0.0015153951413273672,0.03783348495879892,2176,2176
per_vector,crossbar_core_read_only,"adc,dac,sense,digital_bias,layernorm,softmax,residual,encoder",checkpoints\caption_transformer_epoch_10.pt,checkpoints\caption_transformer_array-128x128_cmm_crosssim.pt,checkpoints\caption_transformer_crosssim_decoder.pt,0.1,10.0,200,200,200,9800,76192,76192,1000.0,100000.0,128x128,10,0,0.0001,0.0001,same_decoder_mapped_linear_mac_only,0.9,configurable_reference,,layers.1.self_attn.q_proj|r1c1|pos,layers.1.self_attn.q_proj,self_attn,pos,1,1,128,256,128,256,0.00962487344616714,0.8812173027171911,0.10531444606051774,1133.2663040516218,51206.88296091836,29525.185213259974,3.3689320617134455e-08,83.43106657475724,0.001548222454831546,0.03834148280089947,2176,2176
per_vector,crossbar_core_read_only,"adc,dac,sense,digital_bias,layernorm,softmax,residual,encoder",checkpoints\caption_transformer_epoch_10.pt,checkpoints\caption_transformer_array-128x128_cmm_crosssim.pt,checkpoints\caption_transformer_crosssim_decoder.pt,0.1,10.0,200,200,200,9800,76192,76192,1000.0,100000.0,128x128,10,0,0.0001,0.0001,same_decoder_mapped_linear_mac_only,0.9,configurable_reference,,layers.1.self_attn.v_proj|r0c0|neg,layers.1.self_attn.v_proj,self_attn,neg,0,0,0,128,0,128,0.00964698242235024,0.8794282919414342,0.0998417911182869,1135.5455157932645,51149.554006876344,29766.78438335503,4.1882816405378864e-08,99.05914726803256,0.0019247617833354279,0.045523505178323785,2176,2176
per_vector,crossbar_core_read_only,"adc,dac,sense,digital_bias,layernorm,softmax,residual,encoder",checkpoints\caption_transformer_epoch_10.pt,checkpoints\caption_transformer_array-128x128_cmm_crosssim.pt,checkpoints\caption_transformer_crosssim_decoder.pt,0.1,10.0,200,200,200,9800,76192,76192,1000.0,100000.0,128x128,10,0,0.0001,0.0001,same_decoder_mapped_linear_mac_only,0.9,configurable_reference,,layers.1.self_attn.v_proj|r0c0|pos,layers.1.self_attn.v_proj,self_attn,pos,0,0,0,128,0,128,0.009604806735927458,0.9149222436398926,0.10100348145513702,1091.9736406798886,51259.027649522584,29631.957324831088,4.213196207471961e-08,99.97900603264706,0.00193621149240439,0.04594623439000325,2176,2176
per_vector,crossbar_core_read_only,"adc,dac,sense,digital_bias,layernorm,softmax,residual,encoder",checkpoints\caption_transformer_epoch_10.pt,checkpoints\caption_transformer_array-128x128_cmm_crosssim.pt,checkpoints\caption_transformer_crosssim_decoder.pt,0.1,10.0,200,200,200,9800,76192,76192,1000.0,100000.0,128x128,10,0,0.0001,0.0001,same_decoder_mapped_linear_mac_only,0.9,configurable_reference,,layers.1.self_attn.v_proj|r0c1|neg,layers.1.self_attn.v_proj,self_attn,neg,0,1,0,128,128,256,0.009590607525090148,0.9748266608114752,0.10103637991455372,1025.5585663109687,51295.98945503451,29671.401530719406,3.1437332747341853e-08,79.12480811152906,0.0014447303652271072,0.03636250372772475,2176,2176
per_vector,crossbar_core_read_only,"adc,dac,sense,digital_bias,layernorm,softmax,residual,encoder",checkpoints\caption_transformer_epoch_10.pt,checkpoints\caption_transformer_array-128x128_cmm_crosssim.pt,checkpoints\caption_transformer_crosssim_decoder.pt,0.1,10.0,200,200,200,9800,76192,76192,1000.0,100000.0,128x128,10,0,0.0001,0.0001,same_decoder_mapped_linear_mac_only,0.9,configurable_reference,,layers.1.self_attn.v_proj|r0c1|pos,layers.1.self_attn.v_proj,self_attn,pos,0,1,0,128,128,256,0.009642025089077105,0.9035194052954288,0.10077570660200928,1105.6024942948611,51162.39728976284,29782.378421327743,3.144466614663488e-08,79.0431388005217,0.0014450673780622635,0.03632497187523975,2176,2176
per_vector,crossbar_core_read_only,"adc,dac,sense,digital_bias,layernorm,softmax,residual,encoder",checkpoints\caption_transformer_epoch_10.pt,checkpoints\caption_transformer_array-128x128_cmm_crosssim.pt,checkpoints\caption_transformer_crosssim_decoder.pt,0.1,10.0,200,200,200,9800,76192,76192,1000.0,100000.0,128x128,10,0,0.0001,0.0001,same_decoder_mapped_linear_mac_only,0.9,configurable_reference,,layers.1.self_attn.v_proj|r1c0|neg,layers.1.self_attn.v_proj,self_attn,neg,1,0,128,256,0,128,0.00967089147131444,0.9999532669221742,0.09814770407310994,1000.0462678876659,51087.701726923704,29801.438022986636,4.1191272978057875e-08,97.59736819359107,0.0018929812949475108,0.044851731706613544,2176,2176
per_vector,crossbar_core_read_only,"adc,dac,sense,digital_bias,layernorm,softmax,residual,encoder",checkpoints\caption_transformer_epoch_10.pt,checkpoints\caption_transformer_array-128x128_cmm_crosssim.pt,checkpoints\caption_transformer_crosssim_decoder.pt,0.1,10.0,200,200,200,9800,76192,76192,1000.0,100000.0,128x128,10,0,0.0001,0.0001,same_decoder_mapped_linear_mac_only,0.9,configurable_reference,,layers.1.self_attn.v_proj|r1c0|pos,layers.1.self_attn.v_proj,self_attn,pos,1,0,128,256,0,128,0.00963038187121088,0.8691278782198308,0.09952485538996221,1148.8487508981987,51192.587503359624,29671.650828475715,4.1710580914654314e-08,98.7265638875476,0.001916846549386686,0.04537066355126268,2176,2176
per_vector,crossbar_core_read_only,"adc,dac,sense,digital_bias,layernorm,softmax,residual,encoder",checkpoints\caption_transformer_epoch_10.pt,checkpoints\caption_transformer_array-128x128_cmm_crosssim.pt,checkpoints\caption_transformer_crosssim_decoder.pt,0.1,10.0,200,200,200,9800,76192,76192,1000.0,100000.0,128x128,10,0,0.0001,0.0001,same_decoder_mapped_linear_mac_only,0.9,configurable_reference,,layers.1.self_attn.v_proj|r1c1|neg,layers.1.self_attn.v_proj,self_attn,neg,1,1,128,256,128,256,0.00957780436915822,0.9208209855863628,0.09738321595356628,1085.0544028183297,51329.362936585996,29768.048734144086,3.0659213221658446e-08,76.86973717189285,0.0014089711958482705,0.03532616597973017,2176,2176
per_vector,crossbar_core_read_only,"adc,dac,sense,digital_bias,layernorm,softmax,residual,encoder",checkpoints\caption_transformer_epoch_10.pt,checkpoints\caption_transformer_array-128x128_cmm_crosssim.pt,checkpoints\caption_transformer_crosssim_decoder.pt,0.1,10.0,200,200,200,9800,76192,76192,1000.0,100000.0,128x128,10,0,0.0001,0.0001,same_decoder_mapped_linear_mac_only,0.9,configurable_reference,,layers.1.self_attn.v_proj|r1c1|pos,layers.1.self_attn.v_proj,self_attn,pos,1,1,128,256,128,256,0.009659374212922931,0.8536687067921392,0.09668869121391872,1169.4100757944982,51117.47798289473,29918.46585757393,3.023615699490792e-08,76.07483946689842,0.001389529273663048,0.0349608637255967,2176,2176
per_vector,crossbar_core_read_only,"adc,dac,sense,digital_bias,layernorm,softmax,residual,encoder",checkpoints\caption_transformer_epoch_10.pt,checkpoints\caption_transformer_array-128x128_cmm_crosssim.pt,checkpoints\caption_transformer_crosssim_decoder.pt,0.1,10.0,200,200,200,9800,76192,76192,1000.0,100000.0,128x128,10,0,0.0001,0.0001,same_decoder_mapped_linear_mac_only,0.9,configurable_reference,,output_proj|r0c0|neg,output_proj,output_proj,neg,0,0,0,127,0,128,0.009637454728940504,0.897714212855903,0.04816922766603455,1112.6724740426077,51174.24373187881,33089.18122417795,2.0560102965829797e-08,49.580906860268314,0.0009448576730620326,0.022785343226226246,2176,2176
per_vector,crossbar_core_read_only,"adc,dac,sense,digital_bias,layernorm,softmax,residual,encoder",checkpoints\caption_transformer_epoch_10.pt,checkpoints\caption_transformer_array-128x128_cmm_crosssim.pt,checkpoints\caption_transformer_crosssim_decoder.pt,0.1,10.0,200,200,200,9800,76192,76192,1000.0,100000.0,128x128,10,0,0.0001,0.0001,same_decoder_mapped_linear_mac_only,0.9,configurable_reference,,output_proj|r0c0|pos,output_proj,output_proj,pos,0,0,0,127,0,128,0.00960106651554274,0.9222671690693032,0.047751550668034624,1083.3713898300014,51268.75860650986,32944.949187608305,1.936072374483212e-08,48.13745466765399,0.0008897391426853017,0.02212199203476746,2176,2176
per_vector,crossbar_core_read_only,"adc,dac,sense,digital_bias,layernorm,softmax,residual,encoder",checkpoints\caption_transformer_epoch_10.pt,checkpoints\caption_transformer_array-128x128_cmm_crosssim.pt,checkpoints\caption_transformer_crosssim_decoder.pt,0.1,10.0,200,200,200,9800,76192,76192,1000.0,100000.0,128x128,10,0,0.0001,0.0001,same_decoder_mapped_linear_mac_only,0.9,configurable_reference,,output_proj|r0c1|neg,output_proj,output_proj,neg,0,1,0,127,128,256,0.009621696788270278,0.8778949252324466,0.04744016493891923,1137.506344239854,51215.130649739396,32932.076336804734,2.0062151211228292e-08,48.529303799887764,0.0009219738608101216,0.022302069760977834,2176,2176
per_vector,crossbar_core_read_only,"adc,dac,sense,digital_bias,layernorm,softmax,residual,encoder",checkpoints\caption_transformer_epoch_10.pt,checkpoints\caption_transformer_array-128x128_cmm_crosssim.pt,checkpoints\caption_transformer_crosssim_decoder.pt,0.1,10.0,200,200,200,9800,76192,76192,1000.0,100000.0,128x128,10,0,0.0001,0.0001,same_decoder_mapped_linear_mac_only,0.9,configurable_reference,,output_proj|r0c1|pos,output_proj,output_proj,pos,0,1,0,127,128,256,0.009639371579827602,0.9266344525154385,0.04795437049123746,1078.3204548268516,51169.274557722,33017.52304419896,2.0127996772762338e-08,48.852788964372586,0.0009249998516894453,0.022450730222597696,2176,2176
per_vector,crossbar_core_read_only,"adc,dac,sense,digital_bias,layernorm,softmax,residual,encoder",checkpoints\caption_transformer_epoch_10.pt,checkpoints\caption_transformer_array-128x128_cmm_crosssim.pt,checkpoints\caption_transformer_crosssim_decoder.pt,0.1,10.0,200,200,200,9800,76192,76192,1000.0,100000.0,128x128,10,0,0.0001,0.0001,same_decoder_mapped_linear_mac_only,0.9,configurable_reference,,output_proj|r10c0|neg,output_proj,output_proj,neg,10,0,1270,1397,0,128,0.009573138106918845,0.6108719929999009,0.05454451024425285,1626.642390340541,51341.53709861379,32306.543307620344,2.3594771313651265e-08,55.830811862845295,0.0010843185346347064,0.02565754221638111,2176,2176
per_vector,crossbar_core_read_only,"adc,dac,sense,digital_bias,layernorm,softmax,residual,encoder",checkpoints\caption_transformer_epoch_10.pt,checkpoints\caption_transformer_array-128x128_cmm_crosssim.pt,checkpoints\caption_transformer_crosssim_decoder.pt,0.1,10.0,200,200,200,9800,76192,76192,1000.0,100000.0,128x128,10,0,0.0001,0.0001,same_decoder_mapped_linear_mac_only,0.9,configurable_reference,,output_proj|r10c0|pos,output_proj,output_proj,pos,10,0,1270,1397,0,128,0.00963677049303272,0.5507550611278067,0.05452307890279271,1800.9986196421353,51176.01775378305,32341.35124106715,2.1080320502088124e-08,53.20553232590175,0.0009687647289562541,0.024451071840947497,2176,2176
per_vector,crossbar_core_read_only,"adc,dac,sense,digital_bias,layernorm,softmax,residual,encoder",checkpoints\caption_transformer_epoch_10.pt,checkpoints\caption_transformer_array-128x128_cmm_crosssim.pt,checkpoints\caption_transformer_crosssim_decoder.pt,0.1,10.0,200,200,200,9800,76192,76192,1000.0,100000.0,128x128,10,0,0.0001,0.0001,same_decoder_mapped_linear_mac_only,0.9,configurable_reference,,output_proj|r10c1|neg,output_proj,output_proj,neg,10,1,1270,1397,128,256,0.009622452160954512,0.4694130694715127,0.05343719409298706,2106.5095961342677,51213.169203508594,32452.483868449734,2.2484093404456807e-08,53.95031369765762,0.0010332763513077573,0.024793342691938246,2176,2176
per_vector,crossbar_core_read_only,"adc,dac,sense,digital_bias,layernorm,softmax,residual,encoder",checkpoints\caption_transformer_epoch_10.pt,checkpoints\caption_transformer_array-128x128_cmm_crosssim.pt,checkpoints\caption_transformer_crosssim_decoder.pt,0.1,10.0,200,200,200,9800,76192,76192,1000.0,100000.0,128x128,10,0,0.0001,0.0001,same_decoder_mapped_linear_mac_only,0.9,configurable_reference,,output_proj|r10c1|pos,output_proj,output_proj,pos,10,1,1270,1397,128,256,0.009654409890620327,0.6690306766419144,0.0559359222712653,1487.341895274236,51130.32324946517,31998.301864027526,2.3267943428566264e-08,55.97667763561835,0.0010692988707980847,0.025724576119309905,2176,2176
per_vector,crossbar_core_read_only,"adc,dac,sense,digital_bias,layernorm,softmax,residual,encoder",checkpoints\caption_transformer_epoch_10.pt,checkpoints\caption_transformer_array-128x128_cmm_crosssim.pt,checkpoints\caption_transformer_crosssim_decoder.pt,0.1,10.0,200,200,200,9800,76192,76192,1000.0,100000.0,128x128,10,0,0.0001,0.0001,same_decoder_mapped_linear_mac_only,0.9,configurable_reference,,output_proj|r11c0|neg,output_proj,output_proj,neg,11,0,1397,1524,0,128,0.009640171524121567,0.6013715065631386,0.05495102658947243,1651.9156341016846,51167.20109677189,32371.38554196143,2.404509185155583e-08,56.50783032404573,0.0011050134122957645,0.025968672023918074,2176,2176
per_vector,crossbar_core_read_only,"adc,dac,sense,digital_bias,layernorm,softmax,residual,encoder",checkpoints\caption_transformer_epoch_10.pt,checkpoints\caption_transformer_array-128x128_cmm_crosssim.pt,checkpoints\caption_transformer_crosssim_decoder.pt,0.1,10.0,200,200,200,9800,76192,76192,1000.0,100000.0,128x128,10,0,0.0001,0.0001,same_decoder_mapped_linear_mac_only,0.9,configurable_reference,,output_proj|r11c0|pos,output_proj,output_proj,pos,11,0,1397,1524,0,128,0.009536505335956564,0.6432228848991342,0.05543844582865024,1546.095310199525,51437.3120847836,32105.47577676485,2.1226896485094047e-08,53.782424787810584,0.0009755007575870414,0.024716187862045304,2176,2176
per_vector,crossbar_core_read_only,"adc,dac,sense,digital_bias,layernorm,softmax,residual,encoder",checkpoints\caption_transformer_epoch_10.pt,checkpoints\caption_transformer_array-128x128_cmm_crosssim.pt,checkpoints\caption_transformer_crosssim_decoder.pt,0.1,10.0,200,200,200,9800,76192,76192,1000.0,100000.0,128x128,10,0,0.0001,0.0001,same_decoder_mapped_linear_mac_only,0.9,configurable_reference,,output_proj|r11c1|neg,output_proj,output_proj,neg,11,1,1397,1524,128,256,0.009639591983756563,0.5796330126714633,0.053696831116845395,1712.8077592544112,51168.70325249503,32438.184370321324,2.2460332716864332e-08,54.033785528247826,0.001032184407944133,0.024831702908202125,2176,2176
per_vector,crossbar_core_read_only,"adc,dac,sense,digital_bias,layernorm,softmax,residual,encoder",checkpoints\caption_transformer_epoch_10.pt,checkpoints\caption_transformer_array-128x128_cmm_crosssim.pt,checkpoints\caption_transformer_crosssim_decoder.pt,0.1,10.0,200,200,200,9800,76192,76192,1000.0,100000.0,128x128,10,0,0.0001,0.0001,same_decoder_mapped_linear_mac_only,0.9,configurable_reference,,output_proj|r11c1|pos,output_proj,output_proj,pos,11,1,1397,1524,128,256,0.009576004518518888,0.620712488385741,0.055681754818917815,1601.267272377852,51334.05801805462,32205.966487175207,2.3102419254280977e-08,55.711874670226095,0.001061692061318056,0.02560288358006714,2176,2176
per_vector,crossbar_core_read_only,"adc,dac,sense,digital_bias,layernorm,softmax,residual,encoder",checkpoints\caption_transformer_epoch_10.pt,checkpoints\caption_transformer_array-128x128_cmm_crosssim.pt,checkpoints\caption_transformer_crosssim_decoder.pt,0.1,10.0,200,200,200,9800,76192,76192,1000.0,100000.0,128x128,10,0,0.0001,0.0001,same_decoder_mapped_linear_mac_only,0.9,configurable_reference,,output_proj|r12c0|neg,output_proj,output_proj,neg,12,0,1524,1651,0,128,0.00962224397018626,0.6507534457646855,0.055572186627712315,1528.4772632391712,51213.70978920518,31932.35904236112,2.424529509629749e-08,56.99148942363714,0.0011142139290577892,0.0261909418307156,2176,2176
per_vector,crossbar_core_read_only,"adc,dac,sense,digital_bias,layernorm,softmax,residual,encoder",checkpoints\caption_transformer_epoch_10.pt,checkpoints\caption_transformer_array-128x128_cmm_crosssim.pt,checkpoints\caption_transformer_crosssim_decoder.pt,0.1,10.0,200,200,200,9800,76192,76192,1000.0,100000.0,128x128,10,0,0.0001,0.0001,same_decoder_mapped_linear_mac_only,0.9,configurable_reference,,output_proj|r12c0|pos,output_proj,output_proj,pos,12,0,1524,1651,0,128,0.009632254581428586,0.6551369431335974,0.054056641757356236,1518.4055647901087,51187.72926610232,32618.416069293577,2.0789899696186038e-08,52.67239936724939,0.0009554181845673734,0.024206065885684462,2176,2176
per_vector,crossbar_core_read_only,"adc,dac,sense,digital_bias,layernorm,softmax,residual,encoder",checkpoints\caption_transformer_epoch_10.pt,checkpoints\caption_transformer_array-128x128_cmm_crosssim.pt,checkpoints\caption_transformer_crosssim_decoder.pt,0.1,10.0,200,200,200,9800,76192,76192,1000.0,100000.0,128x128,10,0,0.0001,0.0001,same_decoder_mapped_linear_mac_only,0.9,configurable_reference,,output_proj|r12c1|neg,output_proj,output_proj,neg,12,1,1524,1651,128,256,0.009644453327850903,0.566465165294839,0.05344719870525568,1751.9255433385629,51156.105489253474,32495.33519336359,2.2374333145949292e-08,53.83199100137641,0.0010282322217807548,0.024738966452838424,2176,2176
per_vector,crossbar_core_read_only,"adc,dac,sense,digital_bias,layernorm,softmax,residual,encoder",checkpoints\caption_transformer_epoch_10.pt,checkpoints\caption_transformer_array-128x128_cmm_crosssim.pt,checkpoints\caption_transformer_crosssim_decoder.pt,0.1,10.0,200,200,200,9800,76192,76192,1000.0,100000.0,128x128,10,0,0.0001,0.0001,same_decoder_mapped_linear_mac_only,0.9,configurable_reference,,output_proj|r12c1|pos,output_proj,output_proj,pos,12,1,1524,1651,128,256,0.00966537204712076,0.6474356546965828,0.056467633296116704,1536.1896365306804,51101.96709398977,31982.486084587057,2.349006438562274e-08,56.46902936323581,0.0010795066353686932,0.025950840700016457,2176,2176
per_vector,crossbar_core_read_only,"adc,dac,sense,digital_bias,layernorm,softmax,residual,encoder",checkpoints\caption_transformer_epoch_10.pt,checkpoints\caption_transformer_array-128x128_cmm_crosssim.pt,checkpoints\caption_transformer_crosssim_decoder.pt,0.1,10.0,200,200,200,9800,76192,76192,1000.0,100000.0,128x128,10,0,0.0001,0.0001,same_decoder_mapped_linear_mac_only,0.9,configurable_reference,,output_proj|r13c0|neg,output_proj,output_proj,neg,13,0,1651,1778,0,128,0.009617955295851448,0.5835780893337285,0.05612210603922914,1701.425923639152,51224.848249988645,32262.038765287165,2.447278358354588e-08,57.50413345963969,0.0011246683632144254,0.026426531920790298,2176,2176
per_vector,crossbar_core_read_only,"adc,dac,sense,digital_bias,layernorm,softmax,residual,encoder",checkpoints\caption_transformer_epoch_10.pt,checkpoints\caption_transformer_array-128x128_cmm_crosssim.pt,checkpoints\caption_transformer_crosssim_decoder.pt,0.1,10.0,200,200,200,9800,76192,76192,1000.0,100000.0,128x128,10,0,0.0001,0.0001,same_decoder_mapped_linear_mac_only,0.9,configurable_reference,,output_proj|r13c0|pos,output_proj,output_proj,pos,13,0,1651,1778,0,128,0.009641449576051477,0.5969441815460166,0.05606290433788662,1663.963447861959,51163.88872631858,32091.73349281567,2.1416252544440928e-08,54.2714759972768,0.0009842027823732064,0.024940935660513235,2176,2176
per_vector,crossbar_core_read_only,"adc,dac,sense,digital_bias,layernorm,softmax,residual,encoder",checkpoints\caption_transformer_epoch_10.pt,checkpoints\caption_transformer_array-128x128_cmm_crosssim.pt,checkpoints\caption_transformer_crosssim_decoder.pt,0.1,10.0,200,200,200,9800,76192,76192,1000.0,100000.0,128x128,10,0,0.0001,0.0001,same_decoder_mapped_linear_mac_only,0.9,configurable_reference,,output_proj|r13c1|neg,output_proj,output_proj,neg,13,1,1651,1778,128,256,0.009617918263734366,0.5648721139347411,0.05492796518183181,1756.7795221645924,51224.94445017473,32194.484650612016,2.2922027012723626e-08,55.12619060041581,0.0010534019766876657,0.025333727297985206,2176,2176
per_vector,crossbar_core_read_only,"adc,dac,sense,digital_bias,layernorm,softmax,residual,encoder",checkpoints\caption_transformer_epoch_10.pt,checkpoints\caption_transformer_array-128x128_cmm_crosssim.pt,checkpoints\caption_transformer_crosssim_decoder.pt,0.1,10.0,200,200,200,9800,76192,76192,1000.0,100000.0,128x128,10,0,0.0001,0.0001,same_decoder_mapped_linear_mac_only,0.9,configurable_reference,,output_proj|r13c1|pos,output_proj,output_proj,pos,13,1,1651,1778,128,256,0.009616730890936783,0.5938030377516595,0.057094819475308756,1672.6183798447357,51228.02913952238,32019.15377073872,2.3665242585756822e-08,56.954866450682374,0.0010875571041248512,0.026174111420350355,2176,2176
per_vector,crossbar_core_read_only,"adc,dac,sense,digital_bias,layernorm,softmax,residual,encoder",checkpoints\caption_transformer_epoch_10.pt,checkpoints\caption_transformer_array-128x128_cmm_crosssim.pt,checkpoints\caption_transformer_crosssim_decoder.pt,0.1,10.0,200,200,200,9800,76192,76192,1000.0,100000.0,128x128,10,0,0.0001,0.0001,same_decoder_mapped_linear_mac_only,0.9,configurable_reference,,output_proj|r14c0|neg,output_proj,output_proj,neg,14,0,1778,1905,0,128,0.009635148299265784,0.6455606482950831,0.058156976531920423,1540.5827032374611,51180.22411529136,32145.71296292006,2.5243119115885223e-08,59.30576823322947,0.0011600698123109027,0.027254489077770897,2176,2176
per_vector,crossbar_core_read_only,"adc,dac,sense,digital_bias,layernorm,softmax,residual,encoder",checkpoints\caption_transformer_epoch_10.pt,checkpoints\caption_transformer_array-128x128_cmm_crosssim.pt,checkpoints\caption_transformer_crosssim_decoder.pt,0.1,10.0,200,200,200,9800,76192,76192,1000.0,100000.0,128x128,10,0,0.0001,0.0001,same_decoder_mapped_linear_mac_only,0.9,configurable_reference,,output_proj|r14c0|pos,output_proj,output_proj,pos,14,0,1778,1905,0,128,0.009603906374794618,0.6300674070088981,0.05859833675352834,1577.8676096849517,51261.36978765138,31809.678848917407,2.229313987659582e-08,56.42889594336915,0.0010245009134465008,0.025932397032798322,2176,2176
per_vector,crossbar_core_read_only,"adc,dac,sense,digital_bias,layernorm,softmax,residual,encoder",checkpoints\caption_transformer_epoch_10.pt,checkpoints\caption_transformer_array-128x128_cmm_crosssim.pt,checkpoints\caption_transformer_crosssim_decoder.pt,0.1,10.0,200,200,200,9800,76192,76192,1000.0,100000.0,128x128,10,0,0.0001,0.0001,same_decoder_mapped_linear_mac_only,0.9,configurable_reference,,output_proj|r14c1|neg,output_proj,output_proj,neg,14,1,1778,1905,128,256,0.009626699887072968,0.5402428728009125,0.05683039747772259,1835.3997227602895,51202.14209916825,31932.077569968427,2.3654187449778146e-08,56.78513232290482,0.0010870490555964225,0.02609610860427611,2176,2176
per_vector,crossbar_core_read_only,"adc,dac,sense,digital_bias,layernorm,softmax,residual,encoder",checkpoints\caption_transformer_epoch_10.pt,checkpoints\caption_transformer_array-128x128_cmm_crosssim.pt,checkpoints\caption_transformer_crosssim_decoder.pt,0.1,10.0,200,200,200,9800,76192,76192,1000.0,100000.0,128x128,10,0,0.0001,0.0001,same_decoder_mapped_linear_mac_only,0.9,configurable_reference,,output_proj|r14c1|pos,output_proj,output_proj,pos,14,1,1778,1905,128,256,0.009633761963030967,0.6007478276059615,0.058245047509344235,1653.6022461674265,51183.8194443363,32136.927009259558,2.404508192749555e-08,57.9356516739003,0.0011050129562268193,0.026624839923667418,2176,2176
per_vector,crossbar_core_read_only,"adc,dac,sense,digital_bias,layernorm,softmax,residual,encoder",checkpoints\caption_transformer_epoch_10.pt,checkpoints\caption_transformer_array-128x128_cmm_crosssim.pt,checkpoints\caption_transformer_crosssim_decoder.pt,0.1,10.0,200,200,200,9800,76192,76192,1000.0,100000.0,128x128,10,0,0.0001,0.0001,same_decoder_mapped_linear_mac_only,0.9,configurable_reference,,output_proj|r15c0|neg,output_proj,output_proj,neg,15,0,1905,2032,0,128,0.0096520181539044,0.7925770565436743,0.059938982823600044,1258.4136182060947,51136.514212685324,31749.61991245129,2.61043323247363e-08,61.07589683792809,0.0011996476252176624,0.028067967296841953,2176,2176
per_vector,crossbar_core_read_only,"adc,dac,sense,digital_bias,layernorm,softmax,residual,encoder",checkpoints\caption_transformer_epoch_10.pt,checkpoints\caption_transformer_array-128x128_cmm_crosssim.pt,checkpoints\caption_transformer_crosssim_decoder.pt,0.1,10.0,200,200,200,9800,76192,76192,1000.0,100000.0,128x128,10,0,0.0001,0.0001,same_decoder_mapped_linear_mac_only,0.9,configurable_reference,,output_proj|r15c0|pos,output_proj,output_proj,pos,15,0,1905,2032,0,128,0.009635114491074086,0.7212095789537127,0.05903688747623865,1381.2202711390328,51180.31178756055,31927.8277707208,2.2336819229572907e-08,56.69163529901176,0.0010265082366531697,0.026053141221972314,2176,2176
per_vector,crossbar_core_read_only,"adc,dac,sense,digital_bias,layernorm,softmax,residual,encoder",checkpoints\caption_transformer_epoch_10.pt,checkpoints\caption_transformer_array-128x128_cmm_crosssim.pt,checkpoints\caption_transformer_crosssim_decoder.pt,0.1,10.0,200,200,200,9800,76192,76192,1000.0,100000.0,128x128,10,0,0.0001,0.0001,same_decoder_mapped_linear_mac_only,0.9,configurable_reference,,output_proj|r15c1|neg,output_proj,output_proj,neg,15,1,1905,2032,128,256,0.009646781604572278,0.5708710036498388,0.05714549360943644,1738.639704139336,51150.07415312523,32031.242414787273,2.3699405315830273e-08,56.99780571901391,0.0010891270825289648,0.02619384453998801,2176,2176
per_vector,crossbar_core_read_only,"adc,dac,sense,digital_bias,layernorm,softmax,residual,encoder",checkpoints\caption_transformer_epoch_10.pt,checkpoints\caption_transformer_array-128x128_cmm_crosssim.pt,checkpoints\caption_transformer_crosssim_decoder.pt,0.1,10.0,200,200,200,9800,76192,76192,1000.0,100000.0,128x128,10,0,0.0001,0.0001,same_decoder_mapped_linear_mac_only,0.9,configurable_reference,,output_proj|r15c1|pos,output_proj,output_proj,pos,15,1,1905,2032,128,256,0.009565622933700065,0.6220022819075534,0.060083008988531375,1597.9999200626305,51361.15614290743,31791.526633704376,2.483932730904494e-08,59.61796192556152,0.0011415132035406696,0.027397960443732314,2176,2176
per_vector,crossbar_core_read_only,"adc,dac,sense,digital_bias,layernorm,softmax,residual,encoder",checkpoints\caption_transformer_epoch_10.pt,checkpoints\caption_transformer_array-128x128_cmm_crosssim.pt,checkpoints\caption_transformer_crosssim_decoder.pt,0.1,10.0,200,200,200,9800,76192,76192,1000.0,100000.0,128x128,10,0,0.0001,0.0001,same_decoder_mapped_linear_mac_only,0.9,configurable_reference,,output_proj|r16c0|neg,output_proj,output_proj,neg,16,0,2032,2159,0,128,0.009641453303854321,0.5893495487774911,0.058037313158863554,1685.0447382863163,51163.879065473026,31909.57171325444,2.5362805874730856e-08,59.359229567853006,0.0011655701229196151,0.0272790577058148,2176,2176
per_vector,crossbar_core_read_only,"adc,dac,sense,digital_bias,layernorm,softmax,residual,encoder",checkpoints\caption_transformer_epoch_10.pt,checkpoints\caption_transformer_array-128x128_cmm_crosssim.pt,checkpoints\caption_transformer_crosssim_decoder.pt,0.1,10.0,200,200,200,9800,76192,76192,1000.0,100000.0,128x128,10,0,0.0001,0.0001,same_decoder_mapped_linear_mac_only,0.9,configurable_reference,,output_proj|r16c0|pos,output_proj,output_proj,pos,16,0,2032,2159,0,128,0.009626908572797094,0.6037301526235259,0.05778212085473454,1645.5681487684665,51201.600473045524,32077.451263987925,2.2016155531117332e-08,55.752903820351435,0.0010117718534520827,0.025621738888029152,2176,2176
per_vector,crossbar_core_read_only,"adc,dac,sense,digital_bias,layernorm,softmax,residual,encoder",checkpoints\caption_transformer_epoch_10.pt,checkpoints\caption_transformer_array-128x128_cmm_crosssim.pt,checkpoints\caption_transformer_crosssim_decoder.pt,0.1,10.0,200,200,200,9800,76192,76192,1000.0,100000.0,128x128,10,0,0.0001,0.0001,same_decoder_mapped_linear_mac_only,0.9,configurable_reference,,output_proj|r16c1|neg,output_proj,output_proj,neg,16,1,2032,2159,128,256,0.00959739488285624,0.6160318985555645,0.05616018770615547,1613.237375221619,51278.31471270475,32048.332935115253,2.334729365798787e-08,56.14860415204789,0.001072945480606059,0.025803586466933773,2176,2176
per_vector,crossbar_core_read_only,"adc,dac,sense,digital_bias,layernorm,softmax,residual,encoder",checkpoints\caption_transformer_epoch_10.pt,checkpoints\caption_transformer_array-128x128_cmm_crosssim.pt,checkpoints\caption_transformer_crosssim_decoder.pt,0.1,10.0,200,200,200,9800,76192,76192,1000.0,100000.0,128x128,10,0,0.0001,0.0001,same_decoder_mapped_linear_mac_only,0.9,configurable_reference,,output_proj|r16c1|pos,output_proj,output_proj,pos,16,1,2032,2159,128,256,0.00959779037288737,0.7310667655459814,0.05889022841872802,1362.8506841372823,51277.28520523251,31943.64838064001,2.440159680014785e-08,58.59837465031522,0.0011213969117715005,0.026929400115034568,2176,2176
per_vector,crossbar_core_read_only,"adc,dac,sense,digital_bias,layernorm,softmax,residual,encoder",checkpoints\caption_transformer_epoch_10.pt,checkpoints\caption_transformer_array-128x128_cmm_crosssim.pt,checkpoints\caption_transformer_crosssim_decoder.pt,0.1,10.0,200,200,200,9800,76192,76192,1000.0,100000.0,128x128,10,0,0.0001,0.0001,same_decoder_mapped_linear_mac_only,0.9,configurable_reference,,output_proj|r17c0|neg,output_proj,output_proj,neg,17,0,2159,2286,0,128,0.009651233727248881,0.581849381067709,0.05779213078556553,1706.3946999117848,51138.54501208044,31926.021530825983,2.522572606428905e-08,59.09557128792469,0.0011592704992779872,0.027157891216877155,2176,2176
per_vector,crossbar_core_read_only,"adc,dac,sense,digital_bias,layernorm,softmax,residual,encoder",checkpoints\caption_transformer_epoch_10.pt,checkpoints\caption_transformer_array-128x128_cmm_crosssim.pt,checkpoints\caption_transformer_crosssim_decoder.pt,0.1,10.0,200,200,200,9800,76192,76192,1000.0,100000.0,128x128,10,0,0.0001,0.0001,same_decoder_mapped_linear_mac_only,0.9,configurable_reference,,output_proj|r17c0|pos,output_proj,output_proj,pos,17,0,2159,2286,0,128,0.00959272271819812,0.6231924987097042,0.05706429241579815,1594.9966264424797,51290.4800412348,32236.390709492025,2.175444202693645e-08,55.13245594343322,0.0009997445784437706,0.025336606591651295,2176,2176
per_vector,crossbar_core_read_only,"adc,dac,sense,digital_bias,layernorm,softmax,residual,encoder",checkpoints\caption_transformer_epoch_10.pt,checkpoints\caption_transformer_array-128x128_cmm_crosssim.pt,checkpoints\caption_transformer_crosssim_decoder.pt,0.1,10.0,200,200,200,9800,76192,76192,1000.0,100000.0,128x128,10,0,0.0001,0.0001,same_decoder_mapped_linear_mac_only,0.9,configurable_reference,,output_proj|r17c1|neg,output_proj,output_proj,neg,17,1,2159,2286,128,256,0.009589461835771494,0.5205720917630443,0.05523357901282238,1903.4335950944305,51298.97411012033,32280.84600681275,2.3191202390191703e-08,55.549145416736,0.001065772168666899,0.025528099915779413,2176,2176
per_vector,crossbar_core_read_only,"adc,dac,sense,digital_bias,layernorm,softmax,residual,encoder",checkpoints\caption_transformer_epoch_10.pt,checkpoints\caption_transformer_array-128x128_cmm_crosssim.pt,checkpoints\caption_transformer_crosssim_decoder.pt,0.1,10.0,200,200,200,9800,76192,76192,1000.0,100000.0,128x128,10,0,0.0001,0.0001,same_decoder_mapped_linear_mac_only,0.9,configurable_reference,,output_proj|r17c1|pos,output_proj,output_proj,pos,17,1,2159,2286,128,256,0.009639760868523046,0.7417029488532915,0.05868585429059838,1343.5696873769841,51168.2654978342,31891.387154821467,2.4245874712536378e-08,58.35239480598047,0.0011142405658334724,0.02681635790716014,2176,2176
per_vector,crossbar_core_read_only,"adc,dac,sense,digital_bias,layernorm,softmax,residual,encoder",checkpoints\caption_transformer_epoch_10.pt,checkpoints\caption_transformer_array-128x128_cmm_crosssim.pt,checkpoints\caption_transformer_crosssim_decoder.pt,0.1,10.0,200,200,200,9800,76192,76192,1000.0,100000.0,128x128,10,0,0.0001,0.0001,same_decoder_mapped_linear_mac_only,0.9,configurable_reference,,output_proj|r18c0|neg,output_proj,output_proj,neg,18,0,2286,2413,0,128,0.009614498825270806,0.6451119952110222,0.058860972340763686,1541.6376077882785,51233.82885412299,31936.866943180055,2.5723771094324953e-08,60.14506219863884,0.001182158598084785,0.02764019402510976,2176,2176
per_vector,crossbar_core_read_only,"adc,dac,sense,digital_bias,layernorm,softmax,residual,encoder",checkpoints\caption_transformer_epoch_10.pt,checkpoints\caption_transformer_array-128x128_cmm_crosssim.pt,checkpoints\caption_transformer_crosssim_decoder.pt,0.1,10.0,200,200,200,9800,76192,76192,1000.0,100000.0,128x128,10,0,0.0001,0.0001,same_decoder_mapped_linear_mac_only,0.9,configurable_reference,,output_proj|r18c0|pos,output_proj,output_proj,pos,18,0,2286,2413,0,128,0.009640619692820434,0.6638217364579685,0.058797130298031595,1498.8379829268913,51166.039513955286,31933.554201730778,2.2327728286116158e-08,56.57538201111219,0.0010260904543251933,0.025999715997753765,2176,2176
per_vector,crossbar_core_read_only,"adc,dac,sense,digital_bias,layernorm,softmax,residual,encoder",checkpoints\caption_transformer_epoch_10.pt,checkpoints\caption_transformer_array-128x128_cmm_crosssim.pt,checkpoints\caption_transformer_crosssim_decoder.pt,0.1,10.0,200,200,200,9800,76192,76192,1000.0,100000.0,128x128,10,0,0.0001,0.0001,same_decoder_mapped_linear_mac_only,0.9,configurable_reference,,output_proj|r18c1|neg,output_proj,output_proj,neg,18,1,2286,2413,128,256,0.009600875508947013,0.5162574820927034,0.05696994898915072,1919.0362178658775,51269.25564883577,32148.379080189898,2.3636591560953655e-08,56.8364822939457,0.001086240420999707,0.02611970693655593,2176,2176
per_vector,crossbar_core_read_only,"adc,dac,sense,digital_bias,layernorm,softmax,residual,encoder",checkpoints\caption_transformer_epoch_10.pt,checkpoints\caption_transformer_array-128x128_cmm_crosssim.pt,checkpoints\caption_transformer_crosssim_decoder.pt,0.1,10.0,200,200,200,9800,76192,76192,1000.0,100000.0,128x128,10,0,0.0001,0.0001,same_decoder_mapped_linear_mac_only,0.9,configurable_reference,,output_proj|r18c1|pos,output_proj,output_proj,pos,18,1,2286,2413,128,256,0.009593390146575174,0.7973669196613464,0.060479862100088655,1250.9487657278103,51288.7418455334,31750.080190952303,2.4937782777192826e-08,59.93633228514395,0.0011460378114518735,0.027544270351628652,2176,2176
per_vector,crossbar_core_read_only,"adc,dac,sense,digital_bias,layernorm,softmax,residual,encoder",checkpoints\caption_transformer_epoch_10.pt,checkpoints\caption_transformer_array-128x128_cmm_crosssim.pt,checkpoints\caption_transformer_crosssim_decoder.pt,0.1,10.0,200,200,200,9800,76192,76192,1000.0,100000.0,128x128,10,0,0.0001,0.0001,same_decoder_mapped_linear_mac_only,0.9,configurable_reference,,output_proj|r19c0|neg,output_proj,output_proj,neg,19,0,2413,2540,0,128,0.009595039643863863,0.6217891136124607,0.058463605954457716,1598.5390057449897,51284.44653547324,31943.75382097163,2.542739408205563e-08,59.63817537023323,0.0011685383309768232,0.027407249710585124,2176,2176
per_vector,crossbar_core_read_only,"adc,dac,sense,digital_bias,layernorm,softmax,residual,encoder",checkpoints\caption_transformer_epoch_10.pt,checkpoints\caption_transformer_array-128x128_cmm_crosssim.pt,checkpoints\caption_transformer_crosssim_decoder.pt,0.1,10.0,200,200,200,9800,76192,76192,1000.0,100000.0,128x128,10,0,0.0001,0.0001,same_decoder_mapped_linear_mac_only,0.9,configurable_reference,,output_proj|r19c0|pos,output_proj,output_proj,pos,19,0,2413,2540,0,128,0.009605581768829983,0.6786884195336171,0.05792554801385367,1466.4873859008326,51257.01170312038,32040.395575636,2.201809445074232e-08,55.82192145798329,0.0010118609582142587,0.025653456552382024,2176,2176
per_vector,crossbar_core_read_only,"adc,dac,sense,digital_bias,layernorm,softmax,residual,encoder",checkpoints\caption_transformer_epoch_10.pt,checkpoints\caption_transformer_array-128x128_cmm_crosssim.pt,checkpoints\caption_transformer_crosssim_decoder.pt,0.1,10.0,200,200,200,9800,76192,76192,1000.0,100000.0,128x128,10,0,0.0001,0.0001,same_decoder_mapped_linear_mac_only,0.9,configurable_reference,,output_proj|r19c1|neg,output_proj,output_proj,neg,19,1,2413,2540,128,256,0.009576602830947654,0.6806472869204433,0.05629692823689087,1462.3286289037903,51332.49716791302,32076.48758063991,2.3426772178242618e-08,56.30386849129269,0.0010765979861324742,0.025874939564013183,2176,2176
per_vector,crossbar_core_read_only,"adc,dac,sense,digital_bias,layernorm,softmax,residual,encoder",checkpoints\caption_transformer_epoch_10.pt,checkpoints\caption_transformer_array-128x128_cmm_crosssim.pt,checkpoints\caption_transformer_crosssim_decoder.pt,0.1,10.0,200,200,200,9800,76192,76192,1000.0,100000.0,128x128,10,0,0.0001,0.0001,same_decoder_mapped_linear_mac_only,0.9,configurable_reference,,output_proj|r19c1|pos,output_proj,output_proj,pos,19,1,2413,2540,128,256,0.00960856635944299,0.9192779029989905,0.059076391612210205,1086.8559592467575,51249.24993328798,31907.987173854108,2.4486964156905228e-08,58.76922069439359,0.0011253200439754211,0.027007913922055878,2176,2176
per_vector,crossbar_core_read_only,"adc,dac,sense,digital_bias,layernorm,softmax,residual,encoder",checkpoints\caption_transformer_epoch_10.pt,checkpoints\caption_transformer_array-128x128_cmm_crosssim.pt,checkpoints\caption_transformer_crosssim_decoder.pt,0.1,10.0,200,200,200,9800,76192,76192,1000.0,100000.0,128x128,10,0,0.0001,0.0001,same_decoder_mapped_linear_mac_only,0.9,configurable_reference,,output_proj|r1c0|neg,output_proj,output_proj,neg,1,0,127,254,0,128,0.009590102618647674,0.4187185555332976,0.04744788704079069,2355.538531939124,51297.30475274865,32926.41688844657,2.0339445523786395e-08,48.97252347331592,0.0009347171656151861,0.022505755272663564,2176,2176
per_vector,crossbar_core_read_only,"adc,dac,sense,digital_bias,layernorm,softmax,residual,encoder",checkpoints\caption_transformer_epoch_10.pt,checkpoints\caption_transformer_array-128x128_cmm_crosssim.pt,checkpoints\caption_transformer_crosssim_decoder.pt,0.1,10.0,200,200,200,9800,76192,76192,1000.0,100000.0,128x128,10,0,0.0001,0.0001,same_decoder_mapped_linear_mac_only,0.9,configurable_reference,,output_proj|r1c0|pos,output_proj,output_proj,pos,1,0,127,254,0,128,0.009628458482841051,0.43423064791494975,0.04701200481888,2273.304167907677,51197.57817135489,33012.7132213147,1.887158771726062e-08,47.280592565265636,0.0008672604649476392,0.021728213495066928,2176,2176
per_vector,crossbar_core_read_only,"adc,dac,sense,digital_bias,layernorm,softmax,residual,encoder",checkpoints\caption_transformer_epoch_10.pt,checkpoints\caption_transformer_array-128x128_cmm_crosssim.pt,checkpoints\caption_transformer_crosssim_decoder.pt,0.1,10.0,200,200,200,9800,76192,76192,1000.0,100000.0,128x128,10,0,0.0001,0.0001,same_decoder_mapped_linear_mac_only,0.9,configurable_reference,,output_proj|r1c1|neg,output_proj,output_proj,neg,1,1,127,254,128,256,0.009620459402127383,0.4102837947244319,0.04608858920263938,2402.8009540459916,51218.3440458285,33126.40940306969,1.966670658585028e-08,47.466440060233445,0.0009038008541291486,0.021813621351210222,2176,2176
per_vector,crossbar_core_read_only,"adc,dac,sense,digital_bias,layernorm,softmax,residual,encoder",checkpoints\caption_transformer_epoch_10.pt,checkpoints\caption_transformer_array-128x128_cmm_crosssim.pt,checkpoints\caption_transformer_crosssim_decoder.pt,0.1,10.0,200,200,200,9800,76192,76192,1000.0,100000.0,128x128,10,0,0.0001,0.0001,same_decoder_mapped_linear_mac_only,0.9,configurable_reference,,output_proj|r1c1|pos,output_proj,output_proj,pos,1,1,127,254,128,256,0.009661843916515919,0.42260344089674823,0.047402930323343896,2334.3901542307985,51111.08998757144,32957.19413746286,1.9907670409994644e-08,48.35386610297657,0.000914874559282843,0.022221445819382613,2176,2176
per_vector,crossbar_core_read_only,"adc,dac,sense,digital_bias,layernorm,softmax,residual,encoder",checkpoints\caption_transformer_epoch_10.pt,checkpoints\caption_transformer_array-128x128_cmm_crosssim.pt,checkpoints\caption_transformer_crosssim_decoder.pt,0.1,10.0,200,200,200,9800,76192,76192,1000.0,100000.0,128x128,10,0,0.0001,0.0001,same_decoder_mapped_linear_mac_only,0.9,configurable_reference,,output_proj|r20c0|neg,output_proj,output_proj,neg,20,0,2540,2667,0,128,0.009620601188872669,0.5864508148654803,0.06076864308590612,1693.2326209173016,51217.975816164384,31710.188929985925,2.6364330002034973e-08,61.745020768121705,0.0012115960478876365,0.028375469102997108,2176,2176
per_vector,crossbar_core_read_only,"adc,dac,sense,digital_bias,layernorm,softmax,residual,encoder",checkpoints\caption_transformer_epoch_10.pt,checkpoints\caption_transformer_array-128x128_cmm_crosssim.pt,checkpoints\caption_transformer_crosssim_decoder.pt,0.1,10.0,200,200,200,9800,76192,76192,1000.0,100000.0,128x128,10,0,0.0001,0.0001,same_decoder_mapped_linear_mac_only,0.9,configurable_reference,,output_proj|r20c0|pos,output_proj,output_proj,pos,20,0,2540,2667,0,128,0.00967117437275859,0.6995590443384715,0.060411808709187005,1423.3589784038627,51086.97076142943,31852.89852223716,2.286172359853906e-08,57.90437513961601,0.0010506306800799183,0.02661046651636765,2176,2176
per_vector,crossbar_core_read_only,"adc,dac,sense,digital_bias,layernorm,softmax,residual,encoder",checkpoints\caption_transformer_epoch_10.pt,checkpoints\caption_transformer_array-128x128_cmm_crosssim.pt,checkpoints\caption_transformer_crosssim_decoder.pt,0.1,10.0,200,200,200,9800,76192,76192,1000.0,100000.0,128x128,10,0,0.0001,0.0001,same_decoder_mapped_linear_mac_only,0.9,configurable_reference,,output_proj|r20c1|neg,output_proj,output_proj,neg,20,1,2540,2667,128,256,0.00961514443237719,0.5718748814238542,0.058313259226983945,1735.6406421826057,51232.151198171385,31898.19267984772,2.420743878276697e-08,58.07758527267742,0.0011124742087668643,0.026690066761340725,2176,2176
per_vector,crossbar_core_read_only,"adc,dac,sense,digital_bias,layernorm,softmax,residual,encoder",checkpoints\caption_transformer_epoch_10.pt,checkpoints\caption_transformer_array-128x128_cmm_crosssim.pt,checkpoints\caption_transformer_crosssim_decoder.pt,0.1,10.0,200,200,200,9800,76192,76192,1000.0,100000.0,128x128,10,0,0.0001,0.0001,same_decoder_mapped_linear_mac_only,0.9,configurable_reference,,output_proj|r20c1|pos,output_proj,output_proj,pos,20,1,2540,2667,128,256,0.009640955920870647,0.692437010732554,0.06173121253066659,1437.7883903030915,51165.1680983281,31745.297208013315,2.5360316189963187e-08,60.980067640946004,0.0011654557072593363,0.028023928143817097,2176,2176
per_vector,crossbar_core_read_only,"adc,dac,sense,digital_bias,layernorm,softmax,residual,encoder",checkpoints\caption_transformer_epoch_10.pt,checkpoints\caption_transformer_array-128x128_cmm_crosssim.pt,checkpoints\caption_transformer_crosssim_decoder.pt,0.1,10.0,200,200,200,9800,76192,76192,1000.0,100000.0,128x128,10,0,0.0001,0.0001,same_decoder_mapped_linear_mac_only,0.9,configurable_reference,,output_proj|r21c0|neg,output_proj,output_proj,neg,21,0,2667,2794,0,128,0.009670624518538971,0.6078625564720748,0.06076623874088912,1634.564017588484,51088.3915031628,31698.345881538797,2.6600579783803307e-08,61.99197669153872,0.001222453115064492,0.02848895987662625,2176,2176
per_vector,crossbar_core_read_only,"adc,dac,sense,digital_bias,layernorm,softmax,residual,encoder",checkpoints\caption_transformer_epoch_10.pt,checkpoints\caption_transformer_array-128x128_cmm_crosssim.pt,checkpoints\caption_transformer_crosssim_decoder.pt,0.1,10.0,200,200,200,9800,76192,76192,1000.0,100000.0,128x128,10,0,0.0001,0.0001,same_decoder_mapped_linear_mac_only,0.9,configurable_reference,,output_proj|r21c0|pos,output_proj,output_proj,pos,21,0,2667,2794,0,128,0.009627897833939672,0.6646645960552662,0.06008190594810354,1496.9657624592528,51199.03308543579,31863.281498548855,2.2683706848158795e-08,57.555311965046684,0.0010424497632425893,0.02645005145452513,2176,2176
per_vector,crossbar_core_read_only,"adc,dac,sense,digital_bias,layernorm,softmax,residual,encoder",checkpoints\caption_transformer_epoch_10.pt,checkpoints\caption_transformer_array-128x128_cmm_crosssim.pt,checkpoints\caption_transformer_crosssim_decoder.pt,0.1,10.0,200,200,200,9800,76192,76192,1000.0,100000.0,128x128,10,0,0.0001,0.0001,same_decoder_mapped_linear_mac_only,0.9,configurable_reference,,output_proj|r21c1|neg,output_proj,output_proj,neg,21,1,2667,2794,128,256,0.009577075891377854,0.6346931842121791,0.05850320463962941,1566.5479295714379,51331.263136655965,31810.228334296175,2.410801087305068e-08,58.081564502293105,0.001107904911445343,0.026691895451421463,2176,2176
per_vector,crossbar_core_read_only,"adc,dac,sense,digital_bias,layernorm,softmax,residual,encoder",checkpoints\caption_transformer_epoch_10.pt,checkpoints\caption_transformer_array-128x128_cmm_crosssim.pt,checkpoints\caption_transformer_crosssim_decoder.pt,0.1,10.0,200,200,200,9800,76192,76192,1000.0,100000.0,128x128,10,0,0.0001,0.0001,same_decoder_mapped_linear_mac_only,0.9,configurable_reference,,output_proj|r21c1|pos,output_proj,output_proj,pos,21,1,2667,2794,128,256,0.009613898706870305,0.6188099182148021,0.061381912184424216,1606.1113976918848,51235.38840297624,31849.91027744665,2.5155708999487e-08,60.60706263224047,0.0011560528032852515,0.027852510400845805,2176,2176
per_vector,crossbar_core_read_only,"adc,dac,sense,digital_bias,layernorm,softmax,residual,encoder",checkpoints\caption_transformer_epoch_10.pt,checkpoints\caption_transformer_array-128x128_cmm_crosssim.pt,checkpoints\caption_transformer_crosssim_decoder.pt,0.1,10.0,200,200,200,9800,76192,76192,1000.0,100000.0,128x128,10,0,0.0001,0.0001,same_decoder_mapped_linear_mac_only,0.9,configurable_reference,,output_proj|r22c0|neg,output_proj,output_proj,neg,22,0,2794,2921,0,128,0.009618435291014372,0.6247910120138372,0.06010545553057651,1590.9807887273944,51223.60137519614,31797.82002522856,2.6229376309869087e-08,61.28886987245248,0.0012053941318873691,0.02816584093403147,2176,2176
per_vector,crossbar_core_read_only,"adc,dac,sense,digital_bias,layernorm,softmax,residual,encoder",checkpoints\caption_transformer_epoch_10.pt,checkpoints\caption_transformer_array-128x128_cmm_crosssim.pt,checkpoints\caption_transformer_crosssim_decoder.pt,0.1,10.0,200,200,200,9800,76192,76192,1000.0,100000.0,128x128,10,0,0.0001,0.0001,same_decoder_mapped_linear_mac_only,0.9,configurable_reference,,output_proj|r22c0|pos,output_proj,output_proj,pos,22,0,2794,2921,0,128,0.009587986848246337,0.6635196733845022,0.05949533476375426,1499.5100875977398,51302.817137119666,31865.211236021572,2.2492975249649035e-08,57.0704513894188,0.0010336845243404877,0.026227229498813787,2176,2176
per_vector,crossbar_core_read_only,"adc,dac,sense,digital_bias,layernorm,softmax,residual,encoder",checkpoints\caption_transformer_epoch_10.pt,checkpoints\caption_transformer_array-128x128_cmm_crosssim.pt,checkpoints\caption_transformer_crosssim_decoder.pt,0.1,10.0,200,200,200,9800,76192,76192,1000.0,100000.0,128x128,10,0,0.0001,0.0001,same_decoder_mapped_linear_mac_only,0.9,configurable_reference,,output_proj|r22c1|neg,output_proj,output_proj,neg,22,1,2794,2921,128,256,0.00961434358451792,0.7086043813140014,0.05846298815232653,1405.4451548113323,51234.23227463938,31846.403268085156,2.4191925597471387e-08,58.15263067218532,0.0011117612866484994,0.02672455453684987,2176,2176
per_vector,crossbar_core_read_only,"adc,dac,sense,digital_bias,layernorm,softmax,residual,encoder",checkpoints\caption_transformer_epoch_10.pt,checkpoints\caption_transformer_array-128x128_cmm_crosssim.pt,checkpoints\caption_transformer_crosssim_decoder.pt,0.1,10.0,200,200,200,9800,76192,76192,1000.0,100000.0,128x128,10,0,0.0001,0.0001,same_decoder_mapped_linear_mac_only,0.9,configurable_reference,,output_proj|r22c1|pos,output_proj,output_proj,pos,22,1,2794,2921,128,256,0.009618083307519827,0.6950802912974238,0.06131966192257916,1432.399027169176,51224.51571044684,31761.92379909665,2.5283630525440985e-08,60.71095225992331,0.0011619315498823954,0.02790025379592064,2176,2176
per_vector,crossbar_core_read_only,"adc,dac,sense,digital_bias,layernorm,softmax,residual,encoder",checkpoints\caption_transformer_epoch_10.pt,checkpoints\caption_transformer_array-128x128_cmm_crosssim.pt,checkpoints\caption_transformer_crosssim_decoder.pt,0.1,10.0,200,200,200,9800,76192,76192,1000.0,100000.0,128x128,10,0,0.0001,0.0001,same_decoder_mapped_linear_mac_only,0.9,configurable_reference,,output_proj|r23c0|neg,output_proj,output_proj,neg,23,0,2921,3048,0,128,0.00961447285924503,0.6066530029567164,0.061535218161640086,1637.7696597273173,51233.89633098488,31556.92295763017,2.6901330567974637e-08,62.695164097846984,0.0012362743827194244,0.028812115853789975,2176,2176
per_vector,crossbar_core_read_only,"adc,dac,sense,digital_bias,layernorm,softmax,residual,encoder",checkpoints\caption_transformer_epoch_10.pt,checkpoints\caption_transformer_array-128x128_cmm_crosssim.pt,checkpoints\caption_transformer_crosssim_decoder.pt,0.1,10.0,200,200,200,9800,76192,76192,1000.0,100000.0,128x128,10,0,0.0001,0.0001,same_decoder_mapped_linear_mac_only,0.9,configurable_reference,,output_proj|r23c0|pos,output_proj,output_proj,pos,23,0,2921,3048,0,128,0.009607205140242799,0.7112487105511925,0.060232114751375423,1400.2930633808733,51252.78964818102,32038.985119382756,2.2773819534027977e-08,57.72403144735526,0.0010465909712329038,0.02652758798132135,2176,2176
per_vector,crossbar_core_read_only,"adc,dac,sense,digital_bias,layernorm,softmax,residual,encoder",checkpoints\caption_transformer_epoch_10.pt,checkpoints\caption_transformer_array-128x128_cmm_crosssim.pt,checkpoints\caption_transformer_crosssim_decoder.pt,0.1,10.0,200,200,200,9800,76192,76192,1000.0,100000.0,128x128,10,0,0.0001,0.0001,same_decoder_mapped_linear_mac_only,0.9,configurable_reference,,output_proj|r23c1|neg,output_proj,output_proj,neg,23,1,2921,3048,128,256,0.009604710584358432,0.5727853211099585,0.05877685810635251,1732.9296571468517,51259.27776145779,31832.5651519665,2.4252339365354602e-08,58.36205652320508,0.0011145376546578393,0.026820798034561156,2176,2176
per_vector,crossbar_core_read_only,"adc,dac,sense,digital_bias,layernorm,softmax,residual,encoder",checkpoints\caption_transformer_epoch_10.pt,checkpoints\caption_transformer_array-128x128_cmm_crosssim.pt,checkpoints\caption_transformer_crosssim_decoder.pt,0.1,10.0,200,200,200,9800,76192,76192,1000.0,100000.0,128x128,10,0,0.0001,0.0001,same_decoder_mapped_linear_mac_only,0.9,configurable_reference,,output_proj|r23c1|pos,output_proj,output_proj,pos,23,1,2921,3048,128,256,0.00956164240426259,0.730736689979258,0.06202214067625666,1363.457893667625,51371.55375299155,31769.875293969595,2.5549631678312883e-08,61.32084318726946,0.0011741558675695258,0.028180534552973098,2176,2176
per_vector,crossbar_core_read_only,"adc,dac,sense,digital_bias,layernorm,softmax,residual,encoder",checkpoints\caption_transformer_epoch_10.pt,checkpoints\caption_transformer_array-128x128_cmm_crosssim.pt,checkpoints\caption_transformer_crosssim_decoder.pt,0.1,10.0,200,200,200,9800,76192,76192,1000.0,100000.0,128x128,10,0,0.0001,0.0001,same_decoder_mapped_linear_mac_only,0.9,configurable_reference,,output_proj|r24c0|neg,output_proj,output_proj,neg,24,0,3048,3175,0,128,0.00961112279658189,0.63241290801068,0.06192920630919909,1572.1075942909322,51242.60349443985,31698.788157985116,2.696010041884143e-08,62.93262249481478,0.0012389752030717573,0.028921241955337674,2176,2176
per_vector,crossbar_core_read_only,"adc,dac,sense,digital_bias,layernorm,softmax,residual,encoder",checkpoints\caption_transformer_epoch_10.pt,checkpoints\caption_transformer_array-128x128_cmm_crosssim.pt,checkpoints\caption_transformer_crosssim_decoder.pt,0.1,10.0,200,200,200,9800,76192,76192,1000.0,100000.0,128x128,10,0,0.0001,0.0001,same_decoder_mapped_linear_mac_only,0.9,configurable_reference,,output_proj|r24c0|pos,output_proj,output_proj,pos,24,0,3048,3175,0,128,0.009589533286900341,0.6202172785866368,0.06216957743476793,1602.525308608908,51298.787961392154,31705.87537293248,2.338197494109597e-08,59.29219175802251,0.0010745392895724255,0.02724824988879711,2176,2176
per_vector,crossbar_core_read_only,"adc,dac,sense,digital_bias,layernorm,softmax,residual,encoder",checkpoints\caption_transformer_epoch_10.pt,checkpoints\caption_transformer_array-128x128_cmm_crosssim.pt,checkpoints\caption_transformer_crosssim_decoder.pt,0.1,10.0,200,200,200,9800,76192,76192,1000.0,100000.0,128x128,10,0,0.0001,0.0001,same_decoder_mapped_linear_mac_only,0.9,configurable_reference,,output_proj|r24c1|neg,output_proj,output_proj,neg,24,1,3048,3175,128,256,0.009645730975804062,0.5710066781906271,0.06017603069126206,1738.23377396803,51152.79560165148,31799.10196898252,2.4922083428895407e-08,59.734826604626,0.0011453163340485013,0.02745166663815533,2176,2176
per_vector,crossbar_core_read_only,"adc,dac,sense,digital_bias,layernorm,softmax,residual,encoder",checkpoints\caption_transformer_epoch_10.pt,checkpoints\caption_transformer_array-128x128_cmm_crosssim.pt,checkpoints\caption_transformer_crosssim_decoder.pt,0.1,10.0,200,200,200,9800,76192,76192,1000.0,100000.0,128x128,10,0,0.0001,0.0001,same_decoder_mapped_linear_mac_only,0.9,configurable_reference,,output_proj|r24c1|pos,output_proj,output_proj,pos,24,1,3048,3175,128,256,0.00963027810887505,0.7107666573511546,0.062979969112964,1401.2294568171046,51192.8567134791,31606.032072579717,2.596915816912155e-08,62.2325040911296,0.0011934355776250713,0.028599496365408823,2176,2176
per_vector,crossbar_core_read_only,"adc,dac,sense,digital_bias,layernorm,softmax,residual,encoder",checkpoints\caption_transformer_epoch_10.pt,checkpoints\caption_transformer_array-128x128_cmm_crosssim.pt,checkpoints\caption_transformer_crosssim_decoder.pt,0.1,10.0,200,200,200,9800,76192,76192,1000.0,100000.0,128x128,10,0,0.0001,0.0001,same_decoder_mapped_linear_mac_only,0.9,configurable_reference,,output_proj|r25c0|neg,output_proj,output_proj,neg,25,0,3175,3302,0,128,0.009621590137886738,0.6618526746571484,0.06153186305470968,1503.2301079866145,51215.40759665617,31743.9223528933,2.6683397655802844e-08,62.44087986976937,0.0012262590834468236,0.02869525729309254,2176,2176
per_vector,crossbar_core_read_only,"adc,dac,sense,digital_bias,layernorm,softmax,residual,encoder",checkpoints\caption_transformer_epoch_10.pt,checkpoints\caption_transformer_array-128x128_cmm_crosssim.pt,checkpoints\caption_transformer_crosssim_decoder.pt,0.1,10.0,200,200,200,9800,76192,76192,1000.0,100000.0,128x128,10,0,0.0001,0.0001,same_decoder_mapped_linear_mac_only,0.9,configurable_reference,,output_proj|r25c0|pos,output_proj,output_proj,pos,25,0,3175,3302,0,128,0.009660384635909507,0.6247237517468928,0.06158736384838948,1591.1493546041281,51114.86428707733,31722.707351049863,2.315383064925863e-08,58.78160043147416,0.0010640547173372543,0.02701360313946423,2176,2176
per_vector,crossbar_core_read_only,"adc,dac,sense,digital_bias,layernorm,softmax,residual,encoder",checkpoints\caption_transformer_epoch_10.pt,checkpoints\caption_transformer_array-128x128_cmm_crosssim.pt,checkpoints\caption_transformer_crosssim_decoder.pt,0.1,10.0,200,200,200,9800,76192,76192,1000.0,100000.0,128x128,10,0,0.0001,0.0001,same_decoder_mapped_linear_mac_only,0.9,configurable_reference,,output_proj|r25c1|neg,output_proj,output_proj,neg,25,1,3175,3302,128,256,0.009617988269945017,0.5830222368080977,0.05925473133086443,1703.0204352381443,51224.76259183769,31800.07992556009,2.450583528253119e-08,58.854258389376284,0.0011261872832045567,0.02704699374511778,2176,2176
per_vector,crossbar_core_read_only,"adc,dac,sense,digital_bias,layernorm,softmax,residual,encoder",checkpoints\caption_transformer_epoch_10.pt,checkpoints\caption_transformer_array-128x128_cmm_crosssim.pt,checkpoints\caption_transformer_crosssim_decoder.pt,0.1,10.0,200,200,200,9800,76192,76192,1000.0,100000.0,128x128,10,0,0.0001,0.0001,same_decoder_mapped_linear_mac_only,0.9,configurable_reference,,output_proj|r25c1|pos,output_proj,output_proj,pos,25,1,3175,3302,128,256,0.009619042593064113,0.6945761573874886,0.06176461554211439,1433.423781419023,51222.0238845782,31807.38321292525,2.5508334555718908e-08,61.152639038478625,0.0011722580218620857,0.028103234852242014,2176,2176
per_vector,crossbar_core_read_only,"adc,dac,sense,digital_bias,layernorm,softmax,residual,encoder",checkpoints\caption_transformer_epoch_10.pt,checkpoints\caption_transformer_array-128x128_cmm_crosssim.pt,checkpoints\caption_transformer_crosssim_decoder.pt,0.1,10.0,200,200,200,9800,76192,76192,1000.0,100000.0,128x128,10,0,0.0001,0.0001,same_decoder_mapped_linear_mac_only,0.9,configurable_reference,,output_proj|r26c0|neg,output_proj,output_proj,neg,26,0,3302,3429,0,128,0.009616511120848742,0.6352472593050815,0.06140105891736459,1565.2029423284846,51228.60012348876,31779.491183143815,2.6766192597640872e-08,62.45326324479492,0.0012300639980533463,0.028700948182350607,2176,2176
per_vector,crossbar_core_read_only,"adc,dac,sense,digital_bias,layernorm,softmax,residual,encoder",checkpoints\caption_transformer_epoch_10.pt,checkpoints\caption_transformer_array-128x128_cmm_crosssim.pt,checkpoints\caption_transformer_crosssim_decoder.pt,0.1,10.0,200,200,200,9800,76192,76192,1000.0,100000.0,128x128,10,0,0.0001,0.0001,same_decoder_mapped_linear_mac_only,0.9,configurable_reference,,output_proj|r26c0|pos,output_proj,output_proj,pos,26,0,3302,3429,0,128,0.009647348887738874,0.7128859935996303,0.06090519498253055,1397.1219467718838,51148.60483731759,31768.167698876692,2.2997757795169418e-08,58.27781044798172,0.0010568822516162425,0.02678208200734454,2176,2176
per_vector,crossbar_core_read_only,"adc,dac,sense,digital_bias,layernorm,softmax,residual,encoder",checkpoints\caption_transformer_epoch_10.pt,checkpoints\caption_transformer_array-128x128_cmm_crosssim.pt,checkpoints\caption_transformer_crosssim_decoder.pt,0.1,10.0,200,200,200,9800,76192,76192,1000.0,100000.0,128x128,10,0,0.0001,0.0001,same_decoder_mapped_linear_mac_only,0.9,configurable_reference,,output_proj|r26c1|neg,output_proj,output_proj,neg,26,1,3302,3429,128,256,0.009651258763630509,0.8375697938068808,0.059355740443324534,1191.6194417034199,51138.48019298864,31695.23417189092,2.464594012434859e-08,59.051617316835916,0.0011326259248321958,0.027137691781634152,2176,2176
per_vector,crossbar_core_read_only,"adc,dac,sense,digital_bias,layernorm,softmax,residual,encoder",checkpoints\caption_transformer_epoch_10.pt,checkpoints\caption_transformer_array-128x128_cmm_crosssim.pt,checkpoints\caption_transformer_crosssim_decoder.pt,0.1,10.0,200,200,200,9800,76192,76192,1000.0,100000.0,128x128,10,0,0.0001,0.0001,same_decoder_mapped_linear_mac_only,0.9,configurable_reference,,output_proj|r26c1|pos,output_proj,output_proj,pos,26,1,3302,3429,128,256,0.009634129597802401,0.6506127871775753,0.06199371233296481,1528.8026589750598,51182.865969871484,31892.875810543508,2.55053742561163e-08,61.2487961099012,0.001172121978681814,0.028147424682859006,2176,2176
per_vector,crossbar_core_read_only,"adc,dac,sense,digital_bias,layernorm,softmax,residual,encoder",checkpoints\caption_transformer_epoch_10.pt,checkpoints\caption_transformer_array-128x128_cmm_crosssim.pt,checkpoints\caption_transformer_crosssim_decoder.pt,0.1,10.0,200,200,200,9800,76192,76192,1000.0,100000.0,128x128,10,0,0.0001,0.0001,same_decoder_mapped_linear_mac_only,0.9,configurable_reference,,output_proj|r27c0|neg,output_proj,output_proj,neg,27,0,3429,3556,0,128,0.009614851184650039,0.6914388796979842,0.06261543268565961,1439.8340347979713,51232.91320961376,31648.424612281797,2.7179497716149603e-08,63.50550778870084,0.0012490577994554038,0.029184516447013253,2176,2176
per_vector,crossbar_core_read_only,"adc,dac,sense,digital_bias,layernorm,softmax,residual,encoder",checkpoints\caption_transformer_epoch_10.pt,checkpoints\caption_transformer_array-128x128_cmm_crosssim.pt,checkpoints\caption_transformer_crosssim_decoder.pt,0.1,10.0,200,200,200,9800,76192,76192,1000.0,100000.0,128x128,10,0,0.0001,0.0001,same_decoder_mapped_linear_mac_only,0.9,configurable_reference,,output_proj|r27c0|pos,output_proj,output_proj,pos,27,0,3429,3556,0,128,0.009590910492510497,0.7412844009047928,0.061726589254041855,1344.318102675019,51295.20024742392,31768.0641647634,2.3214857021337657e-08,58.8924748759708,0.0010668592381129433,0.02706455646873658,2176,2176
per_vector,crossbar_core_read_only,"adc,dac,sense,digital_bias,layernorm,softmax,residual,encoder",checkpoints\caption_transformer_epoch_10.pt,checkpoints\caption_transformer_array-128x128_cmm_crosssim.pt,checkpoints\caption_transformer_crosssim_decoder.pt,0.1,10.0,200,200,200,9800,76192,76192,1000.0,100000.0,128x128,10,0,0.0001,0.0001,same_decoder_mapped_linear_mac_only,0.9,configurable_reference,,output_proj|r27c1|neg,output_proj,output_proj,neg,27,1,3429,3556,128,256,0.009648001806724971,0.6089865552899569,0.06013494128828473,1631.5963468965972,51146.913821313006,31755.288923569347,2.487749013765664e-08,59.6545564200448,0.0011432670100026013,0.027414777766564705,2176,2176
per_vector,crossbar_core_read_only,"adc,dac,sense,digital_bias,layernorm,softmax,residual,encoder",checkpoints\caption_transformer_epoch_10.pt,checkpoints\caption_transformer_array-128x128_cmm_crosssim.pt,checkpoints\caption_transformer_crosssim_decoder.pt,0.1,10.0,200,200,200,9800,76192,76192,1000.0,100000.0,128x128,10,0,0.0001,0.0001,same_decoder_mapped_linear_mac_only,0.9,configurable_reference,,output_proj|r27c1|pos,output_proj,output_proj,pos,27,1,3429,3556,128,256,0.009625613606762683,0.6643711363869479,0.06371193775149284,1497.6170852431849,51204.96163279097,31547.03656831118,2.6118080011908825e-08,62.73459164766809,0.0012002794123119843,0.02883023513220041,2176,2176
per_vector,crossbar_core_read_only,"adc,dac,sense,digital_bias,layernorm,softmax,residual,encoder",checkpoints\caption_transformer_epoch_10.pt,checkpoints\caption_transformer_array-128x128_cmm_crosssim.pt,checkpoints\caption_transformer_crosssim_decoder.pt,0.1,10.0,200,200,200,9800,76192,76192,1000.0,100000.0,128x128,10,0,0.0001,0.0001,same_decoder_mapped_linear_mac_only,0.9,configurable_reference,,output_proj|r28c0|neg,output_proj,output_proj,neg,28,0,3556,3683,0,128,0.009645126196208892,0.6266640015621109,0.06427906624665213,1586.301055491098,51154.3622963481,31489.0011132122,2.7869873117517536e-08,65.01596184574869,0.0012807846101800368,0.02987865893646539,2176,2176
per_vector,crossbar_core_read_only,"adc,dac,sense,digital_bias,layernorm,softmax,residual,encoder",checkpoints\caption_transformer_epoch_10.pt,checkpoints\caption_transformer_array-128x128_cmm_crosssim.pt,checkpoints\caption_transformer_crosssim_decoder.pt,0.1,10.0,200,200,200,9800,76192,76192,1000.0,100000.0,128x128,10,0,0.0001,0.0001,same_decoder_mapped_linear_mac_only,0.9,configurable_reference,,output_proj|r28c0|pos,output_proj,output_proj,pos,28,0,3556,3683,0,128,0.009621152261417125,0.6423414954025244,0.06297316158770715,1548.1839420033587,51216.54469417399,31591.33228499405,2.3626342664841797e-08,59.95275646800565,0.0010857694239357466,0.027551818229782008,2176,2176
per_vector,crossbar_core_read_only,"adc,dac,sense,digital_bias,layernorm,softmax,residual,encoder",checkpoints\caption_transformer_epoch_10.pt,checkpoints\caption_transformer_array-128x128_cmm_crosssim.pt,checkpoints\caption_transformer_crosssim_decoder.pt,0.1,10.0,200,200,200,9800,76192,76192,1000.0,100000.0,128x128,10,0,0.0001,0.0001,same_decoder_mapped_linear_mac_only,0.9,configurable_reference,,output_proj|r28c1|neg,output_proj,output_proj,neg,28,1,3556,3683,128,256,0.009657625633352068,0.7977311048402825,0.06178378694879559,1250.3848156301844,51122.00172526827,31622.24014872144,2.549936580872821e-08,61.09745412577395,0.0011718458551805227,0.02807787413868288,2176,2176
per_vector,crossbar_core_read_only,"adc,dac,sense,digital_bias,layernorm,softmax,residual,encoder",checkpoints\caption_transformer_epoch_10.pt,checkpoints\caption_transformer_array-128x128_cmm_crosssim.pt,checkpoints\caption_transformer_crosssim_decoder.pt,0.1,10.0,200,200,200,9800,76192,76192,1000.0,100000.0,128x128,10,0,0.0001,0.0001,same_decoder_mapped_linear_mac_only,0.9,configurable_reference,,output_proj|r28c1|pos,output_proj,output_proj,pos,28,1,3556,3683,128,256,0.009660538475487488,0.8256304741952711,0.06506402277682129,1208.6430020660941,51114.46636840614,31380.274864554714,2.658052992466597e-08,63.86592338850122,0.001221531706096781,0.029350148616039164,2176,2176
per_vector,crossbar_core_read_only,"adc,dac,sense,digital_bias,layernorm,softmax,residual,encoder",checkpoints\caption_transformer_epoch_10.pt,checkpoints\caption_transformer_array-128x128_cmm_crosssim.pt,checkpoints\caption_transformer_crosssim_decoder.pt,0.1,10.0,200,200,200,9800,76192,76192,1000.0,100000.0,128x128,10,0,0.0001,0.0001,same_decoder_mapped_linear_mac_only,0.9,configurable_reference,,output_proj|r29c0|neg,output_proj,output_proj,neg,29,0,3683,3810,0,128,0.009638881469345625,0.5967612296884736,0.06375402576524541,1664.4650859335177,51170.54501038515,31558.05936080831,2.776726370322768e-08,64.66385307704176,0.0012760691040086276,0.029716844244964045,2176,2176
per_vector,crossbar_core_read_only,"adc,dac,sense,digital_bias,layernorm,softmax,residual,encoder",checkpoints\caption_transformer_epoch_10.pt,checkpoints\caption_transformer_array-128x128_cmm_crosssim.pt,checkpoints\caption_transformer_crosssim_decoder.pt,0.1,10.0,200,200,200,9800,76192,76192,1000.0,100000.0,128x128,10,0,0.0001,0.0001,same_decoder_mapped_linear_mac_only,0.9,configurable_reference,,output_proj|r29c0|pos,output_proj,output_proj,pos,29,0,3683,3810,0,128,0.009595472064461201,0.6813653779713957,0.06271079305484782,1460.8099938405667,51283.320626246474,31631.707181958227,2.348175880616356e-08,59.66703509753757,0.0010791249451361903,0.027420512452912486,2176,2176
per_vector,crossbar_core_read_only,"adc,dac,sense,digital_bias,layernorm,softmax,residual,encoder",checkpoints\caption_transformer_epoch_10.pt,checkpoints\caption_transformer_array-128x128_cmm_crosssim.pt,checkpoints\caption_transformer_crosssim_decoder.pt,0.1,10.0,200,200,200,9800,76192,76192,1000.0,100000.0,128x128,10,0,0.0001,0.0001,same_decoder_mapped_linear_mac_only,0.9,configurable_reference,,output_proj|r29c1|neg,output_proj,output_proj,neg,29,1,3683,3810,128,256,0.009602454320831434,0.6053908593811881,0.06094693350846961,1641.1281126276926,51265.14751290644,31605.060461755616,2.5146331719143322e-08,60.33758086958777,0.0011556218620929863,0.027728667679038498,2176,2176
per_vector,crossbar_core_read_only,"adc,dac,sense,digital_bias,layernorm,softmax,residual,encoder",checkpoints\caption_transformer_epoch_10.pt,checkpoints\caption_transformer_array-128x128_cmm_crosssim.pt,checkpoints\caption_transformer_crosssim_decoder.pt,0.1,10.0,200,200,200,9800,76192,76192,1000.0,100000.0,128x128,10,0,0.0001,0.0001,same_decoder_mapped_linear_mac_only,0.9,configurable_reference,,output_proj|r29c1|pos,output_proj,output_proj,pos,29,1,3683,3810,128,256,0.009577862462626431,0.6602746120959371,0.06430781936623081,1506.7687079531902,51329.21140855997,31629.42909313201,2.6385537770189622e-08,63.31506277590541,0.0012125706695859198,0.02909699576098594,2176,2176
per_vector,crossbar_core_read_only,"adc,dac,sense,digital_bias,layernorm,softmax,residual,encoder",checkpoints\caption_transformer_epoch_10.pt,checkpoints\caption_transformer_array-128x128_cmm_crosssim.pt,checkpoints\caption_transformer_crosssim_decoder.pt,0.1,10.0,200,200,200,9800,76192,76192,1000.0,100000.0,128x128,10,0,0.0001,0.0001,same_decoder_mapped_linear_mac_only,0.9,configurable_reference,,output_proj|r2c0|neg,output_proj,output_proj,neg,2,0,254,381,0,128,0.009590569570417894,0.599152954458825,0.04892032266434377,1657.9309595970756,51296.088325846315,32821.42260807657,2.1110436295460863e-08,50.5067356878977,0.000970148726813459,0.023210816033041225,2176,2176
per_vector,crossbar_core_read_only,"adc,dac,sense,digital_bias,layernorm,softmax,residual,encoder",checkpoints\caption_transformer_epoch_10.pt,checkpoints\caption_transformer_array-128x128_cmm_crosssim.pt,checkpoints\caption_transformer_crosssim_decoder.pt,0.1,10.0,200,200,200,9800,76192,76192,1000.0,100000.0,128x128,10,0,0.0001,0.0001,same_decoder_mapped_linear_mac_only,0.9,configurable_reference,,output_proj|r2c0|pos,output_proj,output_proj,pos,2,0,254,381,0,128,0.009606687762765104,0.6074869989597533,0.047542265719482085,1635.5580019067825,51254.135165004765,32898.03835034888,1.891715786238466e-08,47.563530527822195,0.0008693546811757647,0.02185824013227123,2176,2176
per_vector,crossbar_core_read_only,"adc,dac,sense,digital_bias,layernorm,softmax,residual,encoder",checkpoints\caption_transformer_epoch_10.pt,checkpoints\caption_transformer_array-128x128_cmm_crosssim.pt,checkpoints\caption_transformer_crosssim_decoder.pt,0.1,10.0,200,200,200,9800,76192,76192,1000.0,100000.0,128x128,10,0,0.0001,0.0001,same_decoder_mapped_linear_mac_only,0.9,configurable_reference,,output_proj|r2c1|neg,output_proj,output_proj,neg,2,1,254,381,128,256,0.009605043504269552,0.5197603207017799,0.046584196528280664,1906.3497397906192,51258.41177202438,33227.81931729563,1.97296210338339e-08,47.767911058287176,0.0009066921430989826,0.021952165008404034,2176,2176
per_vector,crossbar_core_read_only,"adc,dac,sense,digital_bias,layernorm,softmax,residual,encoder",checkpoints\caption_transformer_epoch_10.pt,checkpoints\caption_transformer_array-128x128_cmm_crosssim.pt,checkpoints\caption_transformer_crosssim_decoder.pt,0.1,10.0,200,200,200,9800,76192,76192,1000.0,100000.0,128x128,10,0,0.0001,0.0001,same_decoder_mapped_linear_mac_only,0.9,configurable_reference,,output_proj|r2c1|pos,output_proj,output_proj,pos,2,1,254,381,128,256,0.009657348920097166,0.6059345675466036,0.04856983104335315,1639.67966583711,51122.717682270544,32693.632652304503,2.0444362095451124e-08,49.50012150386841,0.0009395386992394815,0.0227482176028807,2176,2176
per_vector,crossbar_core_read_only,"adc,dac,sense,digital_bias,layernorm,softmax,residual,encoder",checkpoints\caption_transformer_epoch_10.pt,checkpoints\caption_transformer_array-128x128_cmm_crosssim.pt,checkpoints\caption_transformer_crosssim_decoder.pt,0.1,10.0,200,200,200,9800,76192,76192,1000.0,100000.0,128x128,10,0,0.0001,0.0001,same_decoder_mapped_linear_mac_only,0.9,configurable_reference,,output_proj|r30c0|neg,output_proj,output_proj,neg,30,0,3810,3937,0,128,0.00960458582316962,0.6586907368110688,0.06457055846792659,1510.337133741276,51259.602297110294,31594.13999012992,2.808671175832856e-08,65.36814912359131,0.0012907496212467159,0.030040509707532772,2176,2176
per_vector,crossbar_core_read_only,"adc,dac,sense,digital_bias,layernorm,softmax,residual,encoder",checkpoints\caption_transformer_epoch_10.pt,checkpoints\caption_transformer_array-128x128_cmm_crosssim.pt,checkpoints\caption_transformer_crosssim_decoder.pt,0.1,10.0,200,200,200,9800,76192,76192,1000.0,100000.0,128x128,10,0,0.0001,0.0001,same_decoder_mapped_linear_mac_only,0.9,configurable_reference,,output_proj|r30c0|pos,output_proj,output_proj,pos,30,0,3810,3937,0,128,0.00960384472589463,0.6461810869629008,0.06446260812429397,1539.12626082598,51261.53016473039,31430.600712276595,2.403878422441789e-08,61.086802541523284,0.0011047235397250864,0.028072979109155922,2176,2176
per_vector,crossbar_core_read_only,"adc,dac,sense,digital_bias,layernorm,softmax,residual,encoder",checkpoints\caption_transformer_epoch_10.pt,checkpoints\caption_transformer_array-128x128_cmm_crosssim.pt,checkpoints\caption_transformer_crosssim_decoder.pt,0.1,10.0,200,200,200,9800,76192,76192,1000.0,100000.0,128x128,10,0,0.0001,0.0001,same_decoder_mapped_linear_mac_only,0.9,configurable_reference,,output_proj|r30c1|neg,output_proj,output_proj,neg,30,1,3810,3937,128,256,0.009587995301920414,0.7315299524738011,0.06184914214459998,1361.9995133349319,51302.79510973502,31505.24230500271,2.547827516346264e-08,61.115272452190915,0.0011708766159679535,0.028086062707808324,2176,2176
per_vector,crossbar_core_read_only,"adc,dac,sense,digital_bias,layernorm,softmax,residual,encoder",checkpoints\caption_transformer_epoch_10.pt,checkpoints\caption_transformer_array-128x128_cmm_crosssim.pt,checkpoints\caption_transformer_crosssim_decoder.pt,0.1,10.0,200,200,200,9800,76192,76192,1000.0,100000.0,128x128,10,0,0.0001,0.0001,same_decoder_mapped_linear_mac_only,0.9,configurable_reference,,output_proj|r30c1|pos,output_proj,output_proj,pos,30,1,3810,3937,128,256,0.009630742598199363,0.6674413211515561,0.06531922108286722,1490.8308507213796,51191.65162360255,31571.652067101273,2.689792150641607e-08,64.30840638811057,0.001236117716287509,0.0295534955827714,2176,2176
per_vector,crossbar_core_read_only,"adc,dac,sense,digital_bias,layernorm,softmax,residual,encoder",checkpoints\caption_transformer_epoch_10.pt,checkpoints\caption_transformer_array-128x128_cmm_crosssim.pt,checkpoints\caption_transformer_crosssim_decoder.pt,0.1,10.0,200,200,200,9800,76192,76192,1000.0,100000.0,128x128,10,0,0.0001,0.0001,same_decoder_mapped_linear_mac_only,0.9,configurable_reference,,output_proj|r31c0|neg,output_proj,output_proj,neg,31,0,3937,4064,0,128,0.0095197427053237,0.7068714119230742,0.0634118824925271,1408.842207974185,51481.25660983498,31601.26945808789,2.7671007282362886e-08,64.39567444517101,0.0012716455552556514,0.029593600388405795,2176,2176
per_vector,crossbar_core_read_only,"adc,dac,sense,digital_bias,layernorm,softmax,residual,encoder",checkpoints\caption_transformer_epoch_10.pt,checkpoints\caption_transformer_array-128x128_cmm_crosssim.pt,checkpoints\caption_transformer_crosssim_decoder.pt,0.1,10.0,200,200,200,9800,76192,76192,1000.0,100000.0,128x128,10,0,0.0001,0.0001,same_decoder_mapped_linear_mac_only,0.9,configurable_reference,,output_proj|r31c0|pos,output_proj,output_proj,pos,31,0,3937,4064,0,128,0.009582954140951177,0.7213479427187219,0.06288875158203161,1380.9589940720753,51315.93401027055,31525.275886484804,2.356695058116168e-08,59.83290987524625,0.001083040008325445,0.02749674167060949,2176,2176
per_vector,crossbar_core_read_only,"adc,dac,sense,digital_bias,layernorm,softmax,residual,encoder",checkpoints\caption_transformer_epoch_10.pt,checkpoints\caption_transformer_array-128x128_cmm_crosssim.pt,checkpoints\caption_transformer_crosssim_decoder.pt,0.1,10.0,200,200,200,9800,76192,76192,1000.0,100000.0,128x128,10,0,0.0001,0.0001,same_decoder_mapped_linear_mac_only,0.9,configurable_reference,,output_proj|r31c1|neg,output_proj,output_proj,neg,31,1,3937,4064,128,256,0.009589037411447732,0.8847173023524991,0.06028106591358148,1128.8336369999026,51300.07987344481,31647.515739837527,2.498241091115084e-08,59.849877289545056,0.0011480887367256829,0.027504539195562984,2176,2176
per_vector,crossbar_core_read_only,"adc,dac,sense,digital_bias,layernorm,softmax,residual,encoder",checkpoints\caption_transformer_epoch_10.pt,checkpoints\caption_transformer_array-128x128_cmm_crosssim.pt,checkpoints\caption_transformer_crosssim_decoder.pt,0.1,10.0,200,200,200,9800,76192,76192,1000.0,100000.0,128x128,10,0,0.0001,0.0001,same_decoder_mapped_linear_mac_only,0.9,configurable_reference,,output_proj|r31c1|pos,output_proj,output_proj,pos,31,1,3937,4064,128,256,0.009500450819013068,0.6110106676943392,0.06411029766214976,1626.279212276909,51531.924800012115,31549.228364997893,2.626190438850067e-08,63.06112892958441,0.001206888988442126,0.028980298221316366,2176,2176
per_vector,crossbar_core_read_only,"adc,dac,sense,digital_bias,layernorm,softmax,residual,encoder",checkpoints\caption_transformer_epoch_10.pt,checkpoints\caption_transformer_array-128x128_cmm_crosssim.pt,checkpoints\caption_transformer_crosssim_decoder.pt,0.1,10.0,200,200,200,9800,76192,76192,1000.0,100000.0,128x128,10,0,0.0001,0.0001,same_decoder_mapped_linear_mac_only,0.9,configurable_reference,,output_proj|r32c0|neg,output_proj,output_proj,neg,32,0,4064,4191,0,128,0.009633080667595894,0.6322022613721848,0.06409439219414956,1572.6231750061456,51185.586503328064,31618.577832775514,2.8016081541898523e-08,65.07808552183873,0.0012875037473298984,0.029907208419962653,2176,2176
per_vector,crossbar_core_read_only,"adc,dac,sense,digital_bias,layernorm,softmax,residual,encoder",checkpoints\caption_transformer_epoch_10.pt,checkpoints\caption_transformer_array-128x128_cmm_crosssim.pt,checkpoints\caption_transformer_crosssim_decoder.pt,0.1,10.0,200,200,200,9800,76192,76192,1000.0,100000.0,128x128,10,0,0.0001,0.0001,same_decoder_mapped_linear_mac_only,0.9,configurable_reference,,output_proj|r32c0|pos,output_proj,output_proj,pos,32,0,4064,4191,0,128,0.00955551961182849,0.7079179162444027,0.06413685493952315,1406.7888366707025,51387.55542598479,31383.943775912496,2.3952209325694292e-08,60.85937488323592,0.0011007449138646273,0.027968462722075333,2176,2176
per_vector,crossbar_core_read_only,"adc,dac,sense,digital_bias,layernorm,softmax,residual,encoder",checkpoints\caption_transformer_epoch_10.pt,checkpoints\caption_transformer_array-128x128_cmm_crosssim.pt,checkpoints\caption_transformer_crosssim_decoder.pt,0.1,10.0,200,200,200,9800,76192,76192,1000.0,100000.0,128x128,10,0,0.0001,0.0001,same_decoder_mapped_linear_mac_only,0.9,configurable_reference,,output_proj|r32c1|neg,output_proj,output_proj,neg,32,1,4064,4191,128,256,0.009595697862785583,0.5796719325737266,0.06177375951963288,1712.6947287883413,51282.732726588954,31521.44519903598,2.553173974345543e-08,61.12884541843904,0.001173333627916152,0.02809230028420912,2176,2176
per_vector,crossbar_core_read_only,"adc,dac,sense,digital_bias,layernorm,softmax,residual,encoder",checkpoints\caption_transformer_epoch_10.pt,checkpoints\caption_transformer_array-128x128_cmm_crosssim.pt,checkpoints\caption_transformer_crosssim_decoder.pt,0.1,10.0,200,200,200,9800,76192,76192,1000.0,100000.0,128x128,10,0,0.0001,0.0001,same_decoder_mapped_linear_mac_only,0.9,configurable_reference,,output_proj|r32c1|pos,output_proj,output_proj,pos,32,1,4064,4191,128,256,0.009630697733334253,0.6844316415734862,0.0653862608884139,1454.360723956877,51191.768020346506,31458.801630128946,2.6843713351610086e-08,64.30636348414068,0.0012336265327026676,0.029552556748226412,2176,2176
per_vector,crossbar_core_read_only,"adc,dac,sense,digital_bias,layernorm,softmax,residual,encoder",checkpoints\caption_transformer_epoch_10.pt,checkpoints\caption_transformer_array-128x128_cmm_crosssim.pt,checkpoints\caption_transformer_crosssim_decoder.pt,0.1,10.0,200,200,200,9800,76192,76192,1000.0,100000.0,128x128,10,0,0.0001,0.0001,same_decoder_mapped_linear_mac_only,0.9,configurable_reference,,output_proj|r33c0|neg,output_proj,output_proj,neg,33,0,4191,4318,0,128,0.009613622338159536,0.633072563732277,0.0629568154842001,1570.4951994231524,51236.10664402296,31569.87496742227,2.7507127124447633e-08,64.00613756185493,0.0012641142979985102,0.029414585276587742,2176,2176
per_vector,crossbar_core_read_only,"adc,dac,sense,digital_bias,layernorm,softmax,residual,encoder",checkpoints\caption_transformer_epoch_10.pt,checkpoints\caption_transformer_array-128x128_cmm_crosssim.pt,checkpoints\caption_transformer_crosssim_decoder.pt,0.1,10.0,200,200,200,9800,76192,76192,1000.0,100000.0,128x128,10,0,0.0001,0.0001,same_decoder_mapped_linear_mac_only,0.9,configurable_reference,,output_proj|r33c0|pos,output_proj,output_proj,pos,33,0,4191,4318,0,128,0.009618834571804966,0.6585256947552478,0.06276689412375544,1510.709941383754,51222.56421692266,31622.52790573178,2.353622174399686e-08,59.74341598095679,0.0010816278374998541,0.02745561396183676,2176,2176
per_vector,crossbar_core_read_only,"adc,dac,sense,digital_bias,layernorm,softmax,residual,encoder",checkpoints\caption_transformer_epoch_10.pt,checkpoints\caption_transformer_array-128x128_cmm_crosssim.pt,checkpoints\caption_transformer_crosssim_decoder.pt,0.1,10.0,200,200,200,9800,76192,76192,1000.0,100000.0,128x128,10,0,0.0001,0.0001,same_decoder_mapped_linear_mac_only,0.9,configurable_reference,,output_proj|r33c1|neg,output_proj,output_proj,neg,33,1,4191,4318,128,256,0.00963000310204525,0.6910942732972317,0.06086820380652456,1440.5416494042875,51193.57022905422,31637.33108343723,2.5216037955458684e-08,60.3788208363156,0.0011588252736883624,0.02774761986963033,2176,2176
per_vector,crossbar_core_read_only,"adc,dac,sense,digital_bias,layernorm,softmax,residual,encoder",checkpoints\caption_transformer_epoch_10.pt,checkpoints\caption_transformer_array-128x128_cmm_crosssim.pt,checkpoints\caption_transformer_crosssim_decoder.pt,0.1,10.0,200,200,200,9800,76192,76192,1000.0,100000.0,128x128,10,0,0.0001,0.0001,same_decoder_mapped_linear_mac_only,0.9,configurable_reference,,output_proj|r33c1|pos,output_proj,output_proj,pos,33,1,4191,4318,128,256,0.009612832613862848,0.7467896704594659,0.0635238173372992,1334.5401602157822,51238.15913063705,31686.713508881996,2.6077843442371017e-08,62.582214843593526,0.0011984303052560209,0.02876020902738673,2176,2176
per_vector,crossbar_core_read_only,"adc,dac,sense,digital_bias,layernorm,softmax,residual,encoder",checkpoints\caption_transformer_epoch_10.pt,checkpoints\caption_transformer_array-128x128_cmm_crosssim.pt,checkpoints\caption_transformer_crosssim_decoder.pt,0.1,10.0,200,200,200,9800,76192,76192,1000.0,100000.0,128x128,10,0,0.0001,0.0001,same_decoder_mapped_linear_mac_only,0.9,configurable_reference,,output_proj|r34c0|neg,output_proj,output_proj,neg,34,0,4318,4445,0,128,0.009638825817934661,0.7215663863788536,0.064531815586474,1380.546700537324,51170.68927262934,31503.758107468908,2.81820678553905e-08,65.47883191317236,0.0012951317948249358,0.03009137496009759,2176,2176
per_vector,crossbar_core_read_only,"adc,dac,sense,digital_bias,layernorm,softmax,residual,encoder",checkpoints\caption_transformer_epoch_10.pt,checkpoints\caption_transformer_array-128x128_cmm_crosssim.pt,checkpoints\caption_transformer_crosssim_decoder.pt,0.1,10.0,200,200,200,9800,76192,76192,1000.0,100000.0,128x128,10,0,0.0001,0.0001,same_decoder_mapped_linear_mac_only,0.9,configurable_reference,,output_proj|r34c0|pos,output_proj,output_proj,pos,34,0,4318,4445,0,128,0.009643813996294374,0.8402305376403589,0.06382453308854624,1187.8907854048425,51157.76190879852,31465.432887937215,2.3895836703942628e-08,60.636601106056055,0.0010981542602914814,0.02786608506712135,2176,2176
per_vector,crossbar_core_read_only,"adc,dac,sense,digital_bias,layernorm,softmax,residual,encoder",checkpoints\caption_transformer_epoch_10.pt,checkpoints\caption_transformer_array-128x128_cmm_crosssim.pt,checkpoints\caption_transformer_crosssim_decoder.pt,0.1,10.0,200,200,200,9800,76192,76192,1000.0,100000.0,128x128,10,0,0.0001,0.0001,same_decoder_mapped_linear_mac_only,0.9,configurable_reference,,output_proj|r34c1|neg,output_proj,output_proj,neg,34,1,4318,4445,128,256,0.0096415643805577,0.6138998284947489,0.06167946584384279,1618.7494433086413,51163.59120458517,31614.074963709045,2.551799428952374e-08,61.08993159175083,0.0011727019434523763,0.028074417091797258,2176,2176
per_vector,crossbar_core_read_only,"adc,dac,sense,digital_bias,layernorm,softmax,residual,encoder",checkpoints\caption_transformer_epoch_10.pt,checkpoints\caption_transformer_array-128x128_cmm_crosssim.pt,checkpoints\caption_transformer_crosssim_decoder.pt,0.1,10.0,200,200,200,9800,76192,76192,1000.0,100000.0,128x128,10,0,0.0001,0.0001,same_decoder_mapped_linear_mac_only,0.9,configurable_reference,,output_proj|r34c1|pos,output_proj,output_proj,pos,34,1,4318,4445,128,256,0.00961698950396299,0.7301243336857823,0.06611397901555793,1364.585823194876,51227.35725414315,31374.85528808585,2.7022101819533915e-08,64.840357445237,0.0012418245321476943,0.029797958384759654,2176,2176
per_vector,crossbar_core_read_only,"adc,dac,sense,digital_bias,layernorm,softmax,residual,encoder",checkpoints\caption_transformer_epoch_10.pt,checkpoints\caption_transformer_array-128x128_cmm_crosssim.pt,checkpoints\caption_transformer_crosssim_decoder.pt,0.1,10.0,200,200,200,9800,76192,76192,1000.0,100000.0,128x128,10,0,0.0001,0.0001,same_decoder_mapped_linear_mac_only,0.9,configurable_reference,median,output_proj|r35c0|neg,output_proj,output_proj,neg,35,0,4445,4572,0,128,0.009658323583024415,0.7273762942250445,0.06522617808546123,1369.6706382362415,51120.19596678853,31576.31369154641,2.828714237710626e-08,65.90314032618852,0.0012999605871831955,0.03028636963519693,2176,2176
per_vector,crossbar_core_read_only,"adc,dac,sense,digital_bias,layernorm,softmax,residual,encoder",checkpoints\caption_transformer_epoch_10.pt,checkpoints\caption_transformer_array-128x128_cmm_crosssim.pt,checkpoints\caption_transformer_crosssim_decoder.pt,0.1,10.0,200,200,200,9800,76192,76192,1000.0,100000.0,128x128,10,0,0.0001,0.0001,same_decoder_mapped_linear_mac_only,0.9,configurable_reference,,output_proj|r35c0|pos,output_proj,output_proj,pos,35,0,4445,4572,0,128,0.009544701150305392,0.629484827290239,0.06498144153693439,1579.3048423664648,51415.853423651075,31329.341274715534,2.420689380463715e-08,61.52013227340509,0.0011124491638160464,0.02827211961093984,2176,2176
per_vector,crossbar_core_read_only,"adc,dac,sense,digital_bias,layernorm,softmax,residual,encoder",checkpoints\caption_transformer_epoch_10.pt,checkpoints\caption_transformer_array-128x128_cmm_crosssim.pt,checkpoints\caption_transformer_crosssim_decoder.pt,0.1,10.0,200,200,200,9800,76192,76192,1000.0,100000.0,128x128,10,0,0.0001,0.0001,same_decoder_mapped_linear_mac_only,0.9,configurable_reference,,output_proj|r35c1|neg,output_proj,output_proj,neg,35,1,4445,4572,128,256,0.009614365873720124,0.7486580708034926,0.06256061129243236,1331.2539322717396,51234.17435181992,31523.999759485734,2.56990786372297e-08,61.69275092983572,0.0011810238344315124,0.028351448037608327,2176,2176
per_vector,crossbar_core_read_only,"adc,dac,sense,digital_bias,layernorm,softmax,residual,encoder",checkpoints\caption_transformer_epoch_10.pt,checkpoints\caption_transformer_array-128x128_cmm_crosssim.pt,checkpoints\caption_transformer_crosssim_decoder.pt,0.1,10.0,200,200,200,9800,76192,76192,1000.0,100000.0,128x128,10,0,0.0001,0.0001,same_decoder_mapped_linear_mac_only,0.9,configurable_reference,,output_proj|r35c1|pos,output_proj,output_proj,pos,35,1,4445,4572,128,256,0.009628354586451933,0.8350763756017485,0.066288293442294,1195.1349233760186,51197.84778183592,31424.7370047484,2.708732783376641e-08,64.98888923459155,0.0012448220511841173,0.029866217479132148,2176,2176
per_vector,crossbar_core_read_only,"adc,dac,sense,digital_bias,layernorm,softmax,residual,encoder",checkpoints\caption_transformer_epoch_10.pt,checkpoints\caption_transformer_array-128x128_cmm_crosssim.pt,checkpoints\caption_transformer_crosssim_decoder.pt,0.1,10.0,200,200,200,9800,76192,76192,1000.0,100000.0,128x128,10,0,0.0001,0.0001,same_decoder_mapped_linear_mac_only,0.9,configurable_reference,,output_proj|r36c0|neg,output_proj,output_proj,neg,36,0,4572,4699,0,128,0.00960619212306556,0.5891383491585231,0.06549442924744255,1685.6386258559007,51255.42421577234,31499.88325508074,2.842532557689679e-08,66.16801555543238,0.0013063109180559138,0.03040809538393032,2176,2176
per_vector,crossbar_core_read_only,"adc,dac,sense,digital_bias,layernorm,softmax,residual,encoder",checkpoints\caption_transformer_epoch_10.pt,checkpoints\caption_transformer_array-128x128_cmm_crosssim.pt,checkpoints\caption_transformer_crosssim_decoder.pt,0.1,10.0,200,200,200,9800,76192,76192,1000.0,100000.0,128x128,10,0,0.0001,0.0001,same_decoder_mapped_linear_mac_only,0.9,configurable_reference,,output_proj|r36c0|pos,output_proj,output_proj,pos,36,0,4572,4699,0,128,0.009643052290969324,0.7449858769732399,0.06476498365176074,1337.7281838582421,51159.735521872164,31502.044374198944,2.412904609677487e-08,61.33670836937195,0.001108871603712082,0.028187825537395197,2176,2176
per_vector,crossbar_core_read_only,"adc,dac,sense,digital_bias,layernorm,softmax,residual,encoder",checkpoints\caption_transformer_epoch_10.pt,checkpoints\caption_transformer_array-128x128_cmm_crosssim.pt,checkpoints\caption_transformer_crosssim_decoder.pt,0.1,10.0,200,200,200,9800,76192,76192,1000.0,100000.0,128x128,10,0,0.0001,0.0001,same_decoder_mapped_linear_mac_only,0.9,configurable_reference,,output_proj|r36c1|neg,output_proj,output_proj,neg,36,1,4572,4699,128,256,0.009593250893616633,0.7540068836138503,0.06201851514089353,1321.9350544727472,51289.104494786574,31667.659557815146,2.56988052589471e-08,61.428139955507426,0.0011810112710913202,0.028229843729553044,2176,2176
per_vector,crossbar_core_read_only,"adc,dac,sense,digital_bias,layernorm,softmax,residual,encoder",checkpoints\caption_transformer_epoch_10.pt,checkpoints\caption_transformer_array-128x128_cmm_crosssim.pt,checkpoints\caption_transformer_crosssim_decoder.pt,0.1,10.0,200,200,200,9800,76192,76192,1000.0,100000.0,128x128,10,0,0.0001,0.0001,same_decoder_mapped_linear_mac_only,0.9,configurable_reference,,output_proj|r36c1|pos,output_proj,output_proj,pos,36,1,4572,4699,128,256,0.009639741512159176,0.6450338170800658,0.06612471571020082,1541.821573503103,51168.31566976205,31332.564827169026,2.7027719992264408e-08,64.83099169709035,0.0012420827202327424,0.029793654272559904,2176,2176
per_vector,crossbar_core_read_only,"adc,dac,sense,digital_bias,layernorm,softmax,residual,encoder",checkpoints\caption_transformer_epoch_10.pt,checkpoints\caption_transformer_array-128x128_cmm_crosssim.pt,checkpoints\caption_transformer_crosssim_decoder.pt,0.1,10.0,200,200,200,9800,76192,76192,1000.0,100000.0,128x128,10,0,0.0001,0.0001,same_decoder_mapped_linear_mac_only,0.9,configurable_reference,,output_proj|r37c0|neg,output_proj,output_proj,neg,37,0,4699,4826,0,128,0.00965571268256171,0.5995581273893252,0.06539888282170168,1656.8291164454542,51126.95162888722,31419.996038283552,2.8364350121941263e-08,66.09537827781912,0.0013035087372215686,0.030374714282085994,2176,2176
per_vector,crossbar_core_read_only,"adc,dac,sense,digital_bias,layernorm,softmax,residual,encoder",checkpoints\caption_transformer_epoch_10.pt,checkpoints\caption_transformer_array-128x128_cmm_crosssim.pt,checkpoints\caption_transformer_crosssim_decoder.pt,0.1,10.0,200,200,200,9800,76192,76192,1000.0,100000.0,128x128,10,0,0.0001,0.0001,same_decoder_mapped_linear_mac_only,0.9,configurable_reference,,output_proj|r37c0|pos,output_proj,output_proj,pos,37,0,4699,4826,0,128,0.009653461556539704,0.610100787961756,0.06621088701126608,1628.6650784569074,51132.77781412937,31397.577648063925,2.458549177056765e-08,62.49726358162298,0.0011298479673974083,0.02872116892537821,2176,2176
per_vector,crossbar_core_read_only,"adc,dac,sense,digital_bias,layernorm,softmax,residual,encoder",checkpoints\caption_transformer_epoch_10.pt,checkpoints\caption_transformer_array-128x128_cmm_crosssim.pt,checkpoints\caption_transformer_crosssim_decoder.pt,0.1,10.0,200,200,200,9800,76192,76192,1000.0,100000.0,128x128,10,0,0.0001,0.0001,same_decoder_mapped_linear_mac_only,0.9,configurable_reference,,output_proj|r37c1|neg,output_proj,output_proj,neg,37,1,4699,4826,128,256,0.009602017406520936,0.5979866278044557,0.062124694757566205,1661.1109108882129,51266.28431670827,31567.416245412478,2.554678928395525e-08,61.33669647025523,0.0011740252428288221,0.028187820069051114,2176,2176
per_vector,crossbar_core_read_only,"adc,dac,sense,digital_bias,layernorm,softmax,residual,encoder",checkpoints\caption_transformer_epoch_10.pt,checkpoints\caption_transformer_array-128x128_cmm_crosssim.pt,checkpoints\caption_transformer_crosssim_decoder.pt,0.1,10.0,200,200,200,9800,76192,76192,1000.0,100000.0,128x128,10,0,0.0001,0.0001,same_decoder_mapped_linear_mac_only,0.9,configurable_reference,,output_proj|r37c1|pos,output_proj,output_proj,pos,37,1,4699,4826,128,256,0.009641706369800617,0.7761694883680229,0.0673870924635867,1284.6736740953693,51163.22323700631,31284.86222110433,2.765032382825779e-08,66.079704223514,0.0012706950288721417,0.030367511132129595,2176,2176
per_vector,crossbar_core_read_only,"adc,dac,sense,digital_bias,layernorm,softmax,residual,encoder",checkpoints\caption_transformer_epoch_10.pt,checkpoints\caption_transformer_array-128x128_cmm_crosssim.pt,checkpoints\caption_transformer_crosssim_decoder.pt,0.1,10.0,200,200,200,9800,76192,76192,1000.0,100000.0,128x128,10,0,0.0001,0.0001,same_decoder_mapped_linear_mac_only,0.9,configurable_reference,,output_proj|r38c0|neg,output_proj,output_proj,neg,38,0,4826,4953,0,128,0.009610609605557452,0.6378032524822078,0.0674272793172667,1559.0281904824958,51243.93759303619,31417.595647007143,2.9388024609860264e-08,68.1250807385822,0.0013505526015560778,0.031307481957069026,2176,2176
per_vector,crossbar_core_read_only,"adc,dac,sense,digital_bias,layernorm,softmax,residual,encoder",checkpoints\caption_transformer_epoch_10.pt,checkpoints\caption_transformer_array-128x128_cmm_crosssim.pt,checkpoints\caption_transformer_crosssim_decoder.pt,0.1,10.0,200,200,200,9800,76192,76192,1000.0,100000.0,128x128,10,0,0.0001,0.0001,same_decoder_mapped_linear_mac_only,0.9,configurable_reference,,output_proj|r38c0|pos,output_proj,output_proj,pos,38,0,4826,4953,0,128,0.009509678444057378,0.6894378727842098,0.06744707328576366,1443.952630531257,51507.67693748686,31243.45668139266,2.4926480124610877e-08,63.43776187371545,0.001145518388079545,0.029153383214023644,2176,2176
per_vector,crossbar_core_read_only,"adc,dac,sense,digital_bias,layernorm,softmax,residual,encoder",checkpoints\caption_transformer_epoch_10.pt,checkpoints\caption_transformer_array-128x128_cmm_crosssim.pt,checkpoints\caption_transformer_crosssim_decoder.pt,0.1,10.0,200,200,200,9800,76192,76192,1000.0,100000.0,128x128,10,0,0.0001,0.0001,same_decoder_mapped_linear_mac_only,0.9,configurable_reference,,output_proj|r38c1|neg,output_proj,output_proj,neg,38,1,4826,4953,128,256,0.009636110902620286,0.6315804611665757,0.06483647570639266,1574.1470734781285,51177.727993622524,31132.173015756962,2.6708020970742268e-08,63.84101580583526,0.0012273906696113124,0.029338702116652234,2176,2176
per_vector,crossbar_core_read_only,"adc,dac,sense,digital_bias,layernorm,softmax,residual,encoder",checkpoints\caption_transformer_epoch_10.pt,checkpoints\caption_transformer_array-128x128_cmm_crosssim.pt,checkpoints\caption_transformer_crosssim_decoder.pt,0.1,10.0,200,200,200,9800,76192,76192,1000.0,100000.0,128x128,10,0,0.0001,0.0001,same_decoder_mapped_linear_mac_only,0.9,configurable_reference,,output_proj|r38c1|pos,output_proj,output_proj,pos,38,1,4826,4953,128,256,0.00962922009312331,0.7924571516489531,0.06750471192019669,1258.6016294426606,51195.60188412569,31555.00536053407,2.748843910370577e-08,66.00582116406883,0.0012632554735158958,0.03033355752025222,2176,2176
per_vector,crossbar_core_read_only,"adc,dac,sense,digital_bias,layernorm,softmax,residual,encoder",checkpoints\caption_transformer_epoch_10.pt,checkpoints\caption_transformer_array-128x128_cmm_crosssim.pt,checkpoints\caption_transformer_crosssim_decoder.pt,0.1,10.0,200,200,200,9800,76192,76192,1000.0,100000.0,128x128,10,0,0.0001,0.0001,same_decoder_mapped_linear_mac_only,0.9,configurable_reference,,output_proj|r39c0|neg,output_proj,output_proj,neg,39,0,4953,5080,0,128,0.009598703162194869,0.6995417786192843,0.06640957540215435,1423.3936089487145,51274.90926417045,31504.662557914733,2.8888349367286743e-08,67.14278529383074,0.0013275895848936902,0.030856059418120745,2176,2176
per_vector,crossbar_core_read_only,"adc,dac,sense,digital_bias,layernorm,softmax,residual,encoder",checkpoints\caption_transformer_epoch_10.pt,checkpoints\caption_transformer_array-128x128_cmm_crosssim.pt,checkpoints\caption_transformer_crosssim_decoder.pt,0.1,10.0,200,200,200,9800,76192,76192,1000.0,100000.0,128x128,10,0,0.0001,0.0001,same_decoder_mapped_linear_mac_only,0.9,configurable_reference,,output_proj|r39c0|pos,output_proj,output_proj,pos,39,0,4953,5080,0,128,0.009583545828915524,0.645513040691613,0.06680219097063915,1540.6945730949785,51314.39153094609,31252.893268521864,2.4799374753591498e-08,63.01629395514111,0.0011396771486025482,0.02895969391320823,2176,2176
per_vector,crossbar_core_read_only,"adc,dac,sense,digital_bias,layernorm,softmax,residual,encoder",checkpoints\caption_transformer_epoch_10.pt,checkpoints\caption_transformer_array-128x128_cmm_crosssim.pt,checkpoints\caption_transformer_crosssim_decoder.pt,0.1,10.0,200,200,200,9800,76192,76192,1000.0,100000.0,128x128,10,0,0.0001,0.0001,same_decoder_mapped_linear_mac_only,0.9,configurable_reference,,output_proj|r39c1|neg,output_proj,output_proj,neg,39,1,4953,5080,128,256,0.009627353618927177,0.6023206225902942,0.06312907361104834,1649.355535763968,51200.4454317827,31383.99298320664,2.5879154936819213e-08,62.16472143104454,0.0011892993996699998,0.02856834624588444,2176,2176
per_vector,crossbar_core_read_only,"adc,dac,sense,digital_bias,layernorm,softmax,residual,encoder",checkpoints\caption_transformer_epoch_10.pt,checkpoints\caption_transformer_array-128x128_cmm_crosssim.pt,checkpoints\caption_transformer_crosssim_decoder.pt,0.1,10.0,200,200,200,9800,76192,76192,1000.0,100000.0,128x128,10,0,0.0001,0.0001,same_decoder_mapped_linear_mac_only,0.9,configurable_reference,,output_proj|r39c1|pos,output_proj,output_proj,pos,39,1,4953,5080,128,256,0.009632541132123678,0.9323642143089446,0.06765990245007313,1071.7647547509246,51186.98596961057,31445.5210789066,2.752983407393703e-08,66.09971075383781,0.0012651578158978402,0.03037670530966811,2176,2176
per_vector,crossbar_core_read_only,"adc,dac,sense,digital_bias,layernorm,softmax,residual,encoder",checkpoints\caption_transformer_epoch_10.pt,checkpoints\caption_transformer_array-128x128_cmm_crosssim.pt,checkpoints\caption_transformer_crosssim_decoder.pt,0.1,10.0,200,200,200,9800,76192,76192,1000.0,100000.0,128x128,10,0,0.0001,0.0001,same_decoder_mapped_linear_mac_only,0.9,configurable_reference,,output_proj|r3c0|neg,output_proj,output_proj,neg,3,0,381,508,0,128,0.009591946314685207,0.44560697354092,0.050516698089722784,2216.5532454105323,51292.50219108586,32578.14776701482,2.1801424300133926e-08,51.9988212415075,0.0010019036902635054,0.02389651711466337,2176,2176
per_vector,crossbar_core_read_only,"adc,dac,sense,digital_bias,layernorm,softmax,residual,encoder",checkpoints\caption_transformer_epoch_10.pt,checkpoints\caption_transformer_array-128x128_cmm_crosssim.pt,checkpoints\caption_transformer_crosssim_decoder.pt,0.1,10.0,200,200,200,9800,76192,76192,1000.0,100000.0,128x128,10,0,0.0001,0.0001,same_decoder_mapped_linear_mac_only,0.9,configurable_reference,,output_proj|r3c0|pos,output_proj,output_proj,pos,3,0,381,508,0,128,0.009609630345404836,0.5944741666692206,0.049809460188662974,1670.761633809024,51246.483484240714,32795.40185867759,1.953868544823703e-08,49.29566176409048,0.0008979175297903048,0.02265425632540923,2176,2176
per_vector,crossbar_core_read_only,"adc,dac,sense,digital_bias,layernorm,softmax,residual,encoder",checkpoints\caption_transformer_epoch_10.pt,checkpoints\caption_transformer_array-128x128_cmm_crosssim.pt,checkpoints\caption_transformer_crosssim_decoder.pt,0.1,10.0,200,200,200,9800,76192,76192,1000.0,100000.0,128x128,10,0,0.0001,0.0001,same_decoder_mapped_linear_mac_only,0.9,configurable_reference,,output_proj|r3c1|neg,output_proj,output_proj,neg,3,1,381,508,128,256,0.00958260363271695,0.5143225002342114,0.04805134542019933,1926.116945930464,51316.84779864604,33142.9997929676,2.0376561119215666e-08,49.15654041052822,0.0009364228455521931,0.022590321879838338,2176,2176
per_vector,crossbar_core_read_only,"adc,dac,sense,digital_bias,layernorm,softmax,residual,encoder",checkpoints\caption_transformer_epoch_10.pt,checkpoints\caption_transformer_array-128x128_cmm_crosssim.pt,checkpoints\caption_transformer_crosssim_decoder.pt,0.1,10.0,200,200,200,9800,76192,76192,1000.0,100000.0,128x128,10,0,0.0001,0.0001,same_decoder_mapped_linear_mac_only,0.9,configurable_reference,,output_proj|r3c1|pos,output_proj,output_proj,pos,3,1,381,508,128,256,0.009602446282067736,0.621245888215668,0.05128160883167458,1599.9144254833295,51265.16842844526,32441.559130915968,2.1508781268984452e-08,51.9202212957439,0.0009884550215525925,0.02386039581605878,2176,2176
per_vector,crossbar_core_read_only,"adc,dac,sense,digital_bias,layernorm,softmax,residual,encoder",checkpoints\caption_transformer_epoch_10.pt,checkpoints\caption_transformer_array-128x128_cmm_crosssim.pt,checkpoints\caption_transformer_crosssim_decoder.pt,0.1,10.0,200,200,200,9800,76192,76192,1000.0,100000.0,128x128,10,0,0.0001,0.0001,same_decoder_mapped_linear_mac_only,0.9,configurable_reference,,output_proj|r40c0|neg,output_proj,output_proj,neg,40,0,5080,5207,0,128,0.009574432022967773,0.6936458848144276,0.06637750377652785,1435.3186030360873,51338.160725243884,31464.0142467184,2.891490344685025e-08,67.11623648676338,0.0013288099010501041,0.03084385867957876,2176,2176
per_vector,crossbar_core_read_only,"adc,dac,sense,digital_bias,layernorm,softmax,residual,encoder",checkpoints\caption_transformer_epoch_10.pt,checkpoints\caption_transformer_array-128x128_cmm_crosssim.pt,checkpoints\caption_transformer_crosssim_decoder.pt,0.1,10.0,200,200,200,9800,76192,76192,1000.0,100000.0,128x128,10,0,0.0001,0.0001,same_decoder_mapped_linear_mac_only,0.9,configurable_reference,,output_proj|r40c0|pos,output_proj,output_proj,pos,40,0,5080,5207,0,128,0.009615886959096648,0.6750625614298624,0.06656768641051486,1474.2479782515645,51230.22182556048,31281.512536113547,2.4716453602386254e-08,62.827826375998576,0.0011358664339331927,0.028873081974264053,2176,2176
per_vector,crossbar_core_read_only,"adc,dac,sense,digital_bias,layernorm,softmax,residual,encoder",checkpoints\caption_transformer_epoch_10.pt,checkpoints\caption_transformer_array-128x128_cmm_crosssim.pt,checkpoints\caption_transformer_crosssim_decoder.pt,0.1,10.0,200,200,200,9800,76192,76192,1000.0,100000.0,128x128,10,0,0.0001,0.0001,same_decoder_mapped_linear_mac_only,0.9,configurable_reference,,output_proj|r40c1|neg,output_proj,output_proj,neg,40,1,5080,5207,128,256,0.009631185979964275,0.6026365946428878,0.06486057874344646,1648.5050081481381,51190.50134895737,31276.007801925844,2.653141526103816e-08,63.686220615927716,0.0012192745983933024,0.02926756462129031,2176,2176
per_vector,crossbar_core_read_only,"adc,dac,sense,digital_bias,layernorm,softmax,residual,encoder",checkpoints\caption_transformer_epoch_10.pt,checkpoints\caption_transformer_array-128x128_cmm_crosssim.pt,checkpoints\caption_transformer_crosssim_decoder.pt,0.1,10.0,200,200,200,9800,76192,76192,1000.0,100000.0,128x128,10,0,0.0001,0.0001,same_decoder_mapped_linear_mac_only,0.9,configurable_reference,,output_proj|r40c1|pos,output_proj,output_proj,pos,40,1,5080,5207,128,256,0.009627372276059826,0.7954787740223421,0.06817615968801065,1253.8807825226422,51200.39701151772,31269.266718325714,2.7795102701097328e-08,66.61078241087239,0.0012773484697195458,0.03061157279911415,2176,2176
per_vector,crossbar_core_read_only,"adc,dac,sense,digital_bias,layernorm,softmax,residual,encoder",checkpoints\caption_transformer_epoch_10.pt,checkpoints\caption_transformer_array-128x128_cmm_crosssim.pt,checkpoints\caption_transformer_crosssim_decoder.pt,0.1,10.0,200,200,200,9800,76192,76192,1000.0,100000.0,128x128,10,0,0.0001,0.0001,same_decoder_mapped_linear_mac_only,0.9,configurable_reference,,output_proj|r41c0|neg,output_proj,output_proj,neg,41,0,5207,5334,0,128,0.009618666303204107,0.708852810563713,0.06639618731307848,1404.9595134873907,51223.001300627104,31459.791405194395,2.880041331958469e-08,67.0169811806364,0.0013235484062309108,0.030798245027865996,2176,2176
per_vector,crossbar_core_read_only,"adc,dac,sense,digital_bias,layernorm,softmax,residual,encoder",checkpoints\caption_transformer_epoch_10.pt,checkpoints\caption_transformer_array-128x128_cmm_crosssim.pt,checkpoints\caption_transformer_crosssim_decoder.pt,0.1,10.0,200,200,200,9800,76192,76192,1000.0,100000.0,128x128,10,0,0.0001,0.0001,same_decoder_mapped_linear_mac_only,0.9,configurable_reference,,output_proj|r41c0|pos,output_proj,output_proj,pos,41,0,5207,5334,0,128,0.009641911140394366,0.6255962268495541,0.06647305425795376,1588.9655505606072,51162.69257979139,31233.278557890633,2.471479746035314e-08,62.772093712653664,0.0011357903244647565,0.0288474695370651,2176,2176
per_vector,crossbar_core_read_only,"adc,dac,sense,digital_bias,layernorm,softmax,residual,encoder",checkpoints\caption_transformer_epoch_10.pt,checkpoints\caption_transformer_array-128x128_cmm_crosssim.pt,checkpoints\caption_transformer_crosssim_decoder.pt,0.1,10.0,200,200,200,9800,76192,76192,1000.0,100000.0,128x128,10,0,0.0001,0.0001,same_decoder_mapped_linear_mac_only,0.9,configurable_reference,,output_proj|r41c1|neg,output_proj,output_proj,neg,41,1,5207,5334,128,256,0.009619666428998716,0.7402753761124945,0.0640889669313948,1346.1257958797307,51220.40354771533,31364.09966352832,2.6329184579020896e-08,63.08981353468632,0.0012099809089623555,0.028993480484690404,2176,2176
per_vector,crossbar_core_read_only,"adc,dac,sense,digital_bias,layernorm,softmax,residual,encoder",checkpoints\caption_transformer_epoch_10.pt,checkpoints\caption_transformer_array-128x128_cmm_crosssim.pt,checkpoints\caption_transformer_crosssim_decoder.pt,0.1,10.0,200,200,200,9800,76192,76192,1000.0,100000.0,128x128,10,0,0.0001,0.0001,same_decoder_mapped_linear_mac_only,0.9,configurable_reference,,output_proj|r41c1|pos,output_proj,output_proj,pos,41,1,5207,5334,128,256,0.009619381101739427,0.7064407419231962,0.06768035180371429,1409.6889779939675,51221.14463734249,31332.34421357889,2.765388559494812e-08,66.23562245620417,0.0012708587130031328,0.030439164731711474,2176,2176
per_vector,crossbar_core_read_only,"adc,dac,sense,digital_bias,layernorm,softmax,residual,encoder",checkpoints\caption_transformer_epoch_10.pt,checkpoints\caption_transformer_array-128x128_cmm_crosssim.pt,checkpoints\caption_transformer_crosssim_decoder.pt,0.1,10.0,200,200,200,9800,76192,76192,1000.0,100000.0,128x128,10,0,0.0001,0.0001,same_decoder_mapped_linear_mac_only,0.9,configurable_reference,,output_proj|r42c0|neg,output_proj,output_proj,neg,42,0,5334,5461,0,128,0.009596808354591256,0.6722993960330363,0.06820101132658081,1480.2174808533046,51279.841591482094,31449.078779161726,2.958182529583122e-08,68.72826099283262,0.0013594588830804747,0.03158467876508852,2176,2176
per_vector,crossbar_core_read_only,"adc,dac,sense,digital_bias,layernorm,softmax,residual,encoder",checkpoints\caption_transformer_epoch_10.pt,checkpoints\caption_transformer_array-128x128_cmm_crosssim.pt,checkpoints\caption_transformer_crosssim_decoder.pt,0.1,10.0,200,200,200,9800,76192,76192,1000.0,100000.0,128x128,10,0,0.0001,0.0001,same_decoder_mapped_linear_mac_only,0.9,configurable_reference,,output_proj|r42c0|pos,output_proj,output_proj,pos,42,0,5334,5461,0,128,0.009594994970677605,0.6613797695009915,0.06910590976018816,1504.2887909609485,51284.5628554896,31025.0403589441,2.5550951945428823e-08,64.92094371359369,0.0011742165416097818,0.029834992515438277,2176,2176
per_vector,crossbar_core_read_only,"adc,dac,sense,digital_bias,layernorm,softmax,residual,encoder",checkpoints\caption_transformer_epoch_10.pt,checkpoints\caption_transformer_array-128x128_cmm_crosssim.pt,checkpoints\caption_transformer_crosssim_decoder.pt,0.1,10.0,200,200,200,9800,76192,76192,1000.0,100000.0,128x128,10,0,0.0001,0.0001,same_decoder_mapped_linear_mac_only,0.9,configurable_reference,,output_proj|r42c1|neg,output_proj,output_proj,neg,42,1,5334,5461,128,256,0.009552708727099018,0.5516106378968615,0.06569557050083061,1798.2554104073654,51394.904899949244,31147.404130821233,2.6863645672997886e-08,64.43201232799787,0.001234542540119386,0.029610299783087254,2176,2176
per_vector,crossbar_core_read_only,"adc,dac,sense,digital_bias,layernorm,softmax,residual,encoder",checkpoints\caption_transformer_epoch_10.pt,checkpoints\caption_transformer_array-128x128_cmm_crosssim.pt,checkpoints\caption_transformer_crosssim_decoder.pt,0.1,10.0,200,200,200,9800,76192,76192,1000.0,100000.0,128x128,10,0,0.0001,0.0001,same_decoder_mapped_linear_mac_only,0.9,configurable_reference,,output_proj|r42c1|pos,output_proj,output_proj,pos,42,1,5334,5461,128,256,0.009632351289951685,0.7959202368308976,0.06971887999391368,1253.1940242840062,51187.478407183764,31314.231417316474,2.8424841813724346e-08,68.03559136203168,0.0013062886862924789,0.03126635632446309,2176,2176
per_vector,crossbar_core_read_only,"adc,dac,sense,digital_bias,layernorm,softmax,residual,encoder",checkpoints\caption_transformer_epoch_10.pt,checkpoints\caption_transformer_array-128x128_cmm_crosssim.pt,checkpoints\caption_transformer_crosssim_decoder.pt,0.1,10.0,200,200,200,9800,76192,76192,1000.0,100000.0,128x128,10,0,0.0001,0.0001,same_decoder_mapped_linear_mac_only,0.9,configurable_reference,,output_proj|r43c0|neg,output_proj,output_proj,neg,43,0,5461,5588,0,128,0.00962142067725347,0.5880920783433596,0.06630516211251072,1688.5868954584996,51215.847653741526,31502.970228579798,2.8904010484564794e-08,67.09235735725393,0.0013283093053568411,0.03083288481491449,2176,2176
per_vector,crossbar_core_read_only,"adc,dac,sense,digital_bias,layernorm,softmax,residual,encoder",checkpoints\caption_transformer_epoch_10.pt,checkpoints\caption_transformer_array-128x128_cmm_crosssim.pt,checkpoints\caption_transformer_crosssim_decoder.pt,0.1,10.0,200,200,200,9800,76192,76192,1000.0,100000.0,128x128,10,0,0.0001,0.0001,same_decoder_mapped_linear_mac_only,0.9,configurable_reference,,output_proj|r43c0|pos,output_proj,output_proj,pos,43,0,5461,5588,0,128,0.00955142747729774,0.7373848894855832,0.06682480955846865,1351.3311898721558,51398.25561465968,31106.538404967,2.480891907142684e-08,63.041027629234016,0.001140115766150126,0.028971060491375926,2176,2176
per_vector,crossbar_core_read_only,"adc,dac,sense,digital_bias,layernorm,softmax,residual,encoder",checkpoints\caption_transformer_epoch_10.pt,checkpoints\caption_transformer_array-128x128_cmm_crosssim.pt,checkpoints\caption_transformer_crosssim_decoder.pt,0.1,10.0,200,200,200,9800,76192,76192,1000.0,100000.0,128x128,10,0,0.0001,0.0001,same_decoder_mapped_linear_mac_only,0.9,configurable_reference,,output_proj|r43c1|neg,output_proj,output_proj,neg,43,1,5461,5588,128,256,0.009575149757065724,0.6171264473629388,0.06380227442723561,1610.4221811097416,51336.288045374225,31214.385791564633,2.5918936895668452e-08,62.54157899627579,0.0011911276146906462,0.02874153446520027,2176,2176
per_vector,crossbar_core_read_only,"adc,dac,sense,digital_bias,layernorm,softmax,residual,encoder",checkpoints\caption_transformer_epoch_10.pt,checkpoints\caption_transformer_array-128x128_cmm_crosssim.pt,checkpoints\caption_transformer_crosssim_decoder.pt,0.1,10.0,200,200,200,9800,76192,76192,1000.0,100000.0,128x128,10,0,0.0001,0.0001,same_decoder_mapped_linear_mac_only,0.9,configurable_reference,,output_proj|r43c1|pos,output_proj,output_proj,pos,43,1,5461,5588,128,256,0.009642199019565253,0.6868899431550275,0.0683338268942427,1449.2311634494808,51161.946567659805,31363.03872288144,2.8005043423051604e-08,66.93431984564405,0.0012869964808387684,0.03076025728200554,2176,2176
per_vector,crossbar_core_read_only,"adc,dac,sense,digital_bias,layernorm,softmax,residual,encoder",checkpoints\caption_transformer_epoch_10.pt,checkpoints\caption_transformer_array-128x128_cmm_crosssim.pt,checkpoints\caption_transformer_crosssim_decoder.pt,0.1,10.0,200,200,200,9800,76192,76192,1000.0,100000.0,128x128,10,0,0.0001,0.0001,same_decoder_mapped_linear_mac_only,0.9,configurable_reference,,output_proj|r44c0|neg,output_proj,output_proj,neg,44,0,5588,5715,0,128,0.009606721936207555,0.6270992011001764,0.06774507682980004,1585.2176322993805,51254.04628972297,31505.83852334048,2.943392287860375e-08,68.35011227213722,0.0013526618969946556,0.031410897183886594,2176,2176
per_vector,crossbar_core_read_only,"adc,dac,sense,digital_bias,layernorm,softmax,residual,encoder",checkpoints\caption_transformer_epoch_10.pt,checkpoints\caption_transformer_array-128x128_cmm_crosssim.pt,checkpoints\caption_transformer_crosssim_decoder.pt,0.1,10.0,200,200,200,9800,76192,76192,1000.0,100000.0,128x128,10,0,0.0001,0.0001,same_decoder_mapped_linear_mac_only,0.9,configurable_reference,,output_proj|r44c0|pos,output_proj,output_proj,pos,44,0,5588,5715,0,128,0.009639607871942495,0.6850666050600762,0.0693232357741384,1453.0323163384796,51168.66206949496,30991.081161214184,2.566310721636774e-08,65.14754218577374,0.0011793707360463143,0.029939127842726905,2176,2176
per_vector,crossbar_core_read_only,"adc,dac,sense,digital_bias,layernorm,softmax,residual,encoder",checkpoints\caption_transformer_epoch_10.pt,checkpoints\caption_transformer_array-128x128_cmm_crosssim.pt,checkpoints\caption_transformer_crosssim_decoder.pt,0.1,10.0,200,200,200,9800,76192,76192,1000.0,100000.0,128x128,10,0,0.0001,0.0001,same_decoder_mapped_linear_mac_only,0.9,configurable_reference,,output_proj|r44c1|neg,output_proj,output_proj,neg,44,1,5588,5715,128,256,0.009634632882566718,0.5649539534912449,0.06617422591286032,1756.5295042253147,51181.56073970198,31183.79995387285,2.6828611731758923e-08,64.64969719120117,0.0012329325244374507,0.029710338782721127,2176,2176
per_vector,crossbar_core_read_only,"adc,dac,sense,digital_bias,layernorm,softmax,residual,encoder",checkpoints\caption_transformer_epoch_10.pt,checkpoints\caption_transformer_array-128x128_cmm_crosssim.pt,checkpoints\caption_transformer_crosssim_decoder.pt,0.1,10.0,200,200,200,9800,76192,76192,1000.0,100000.0,128x128,10,0,0.0001,0.0001,same_decoder_mapped_linear_mac_only,0.9,configurable_reference,,output_proj|r44c1|pos,output_proj,output_proj,pos,44,1,5588,5715,128,256,0.009564976154903586,0.7718485263598353,0.07102491844502212,1291.7726310994353,51362.84531864077,31170.19396384869,2.8848045609794675e-08,69.1321343368519,0.0013257373901560063,0.031770282323920915,2176,2176
per_vector,crossbar_core_read_only,"adc,dac,sense,digital_bias,layernorm,softmax,residual,encoder",checkpoints\caption_transformer_epoch_10.pt,checkpoints\caption_transformer_array-128x128_cmm_crosssim.pt,checkpoints\caption_transformer_crosssim_decoder.pt,0.1,10.0,200,200,200,9800,76192,76192,1000.0,100000.0,128x128,10,0,0.0001,0.0001,same_decoder_mapped_linear_mac_only,0.9,configurable_reference,,output_proj|r45c0|neg,output_proj,output_proj,neg,45,0,5715,5842,0,128,0.009617447061181953,0.702397260090881,0.06880384090436048,1417.6890700786798,51226.16854820499,31432.219350400093,2.999697621672862e-08,69.46150615570174,0.0013785375099599536,0.03192164804949529,2176,2176
per_vector,crossbar_core_read_only,"adc,dac,sense,digital_bias,layernorm,softmax,residual,encoder",checkpoints\caption_transformer_epoch_10.pt,checkpoints\caption_transformer_array-128x128_cmm_crosssim.pt,checkpoints\caption_transformer_crosssim_decoder.pt,0.1,10.0,200,200,200,9800,76192,76192,1000.0,100000.0,128x128,10,0,0.0001,0.0001,same_decoder_mapped_linear_mac_only,0.9,configurable_reference,,output_proj|r45c0|pos,output_proj,output_proj,pos,45,0,5715,5842,0,128,0.009621232057754526,0.7252375164686372,0.06979669147479002,1373.6544103205488,51216.33747165598,30944.572636035646,2.5810119654032618e-08,65.51778431449914,0.0011861268223360589,0.03010927587982497,2176,2176
per_vector,crossbar_core_read_only,"adc,dac,sense,digital_bias,layernorm,softmax,residual,encoder",checkpoints\caption_transformer_epoch_10.pt,checkpoints\caption_transformer_array-128x128_cmm_crosssim.pt,checkpoints\caption_transformer_crosssim_decoder.pt,0.1,10.0,200,200,200,9800,76192,76192,1000.0,100000.0,128x128,10,0,0.0001,0.0001,same_decoder_mapped_linear_mac_only,0.9,configurable_reference,,output_proj|r45c1|neg,output_proj,output_proj,neg,45,1,5715,5842,128,256,0.00967885413349359,0.6359643227042218,0.06669384090705126,1563.465734518096,51067.13565500644,31069.38579390985,2.7182106087860936e-08,65.25884029995069,0.0012491776694789078,0.029990275873139103,2176,2176
per_vector,crossbar_core_read_only,"adc,dac,sense,digital_bias,layernorm,softmax,residual,encoder",checkpoints\caption_transformer_epoch_10.pt,checkpoints\caption_transformer_array-128x128_cmm_crosssim.pt,checkpoints\caption_transformer_crosssim_decoder.pt,0.1,10.0,200,200,200,9800,76192,76192,1000.0,100000.0,128x128,10,0,0.0001,0.0001,same_decoder_mapped_linear_mac_only,0.9,configurable_reference,,output_proj|r45c1|pos,output_proj,output_proj,pos,45,1,5715,5842,128,256,0.009666693530463379,0.7132293500170266,0.07029489943771153,1396.458749410403,51098.55089555071,31343.288083271513,2.8628298317967522e-08,68.5510450063681,0.001315638709465423,0.03150323759483828,2176,2176
per_vector,crossbar_core_read_only,"adc,dac,sense,digital_bias,layernorm,softmax,residual,encoder",checkpoints\caption_transformer_epoch_10.pt,checkpoints\caption_transformer_array-128x128_cmm_crosssim.pt,checkpoints\caption_transformer_crosssim_decoder.pt,0.1,10.0,200,200,200,9800,76192,76192,1000.0,100000.0,128x128,10,0,0.0001,0.0001,same_decoder_mapped_linear_mac_only,0.9,configurable_reference,,output_proj|r46c0|neg,output_proj,output_proj,neg,46,0,5842,5969,0,128,0.009618603198218691,0.6892204605141368,0.06945713230652946,1444.4015414148387,51223.16522000529,31255.968059320254,3.0305565404446384e-08,70.1125950655984,0.0013927189983661049,0.03222086170294044,2176,2176
per_vector,crossbar_core_read_only,"adc,dac,sense,digital_bias,layernorm,softmax,residual,encoder",checkpoints\caption_transformer_epoch_10.pt,checkpoints\caption_transformer_array-128x128_cmm_crosssim.pt,checkpoints\caption_transformer_crosssim_decoder.pt,0.1,10.0,200,200,200,9800,76192,76192,1000.0,100000.0,128x128,10,0,0.0001,0.0001,same_decoder_mapped_linear_mac_only,0.9,configurable_reference,,output_proj|r46c0|pos,output_proj,output_proj,pos,46,0,5842,5969,0,128,0.009578579013914292,0.6945033079048714,0.06982912268129833,1433.5719840033375,51327.342466463415,30971.242295538243,2.5809635175527544e-08,65.5342624582225,0.001186104557698874,0.03011684855616843,2176,2176
per_vector,crossbar_core_read_only,"adc,dac,sense,digital_bias,layernorm,softmax,residual,encoder",checkpoints\caption_transformer_epoch_10.pt,checkpoints\caption_transformer_array-128x128_cmm_crosssim.pt,checkpoints\caption_transformer_crosssim_decoder.pt,0.1,10.0,200,200,200,9800,76192,76192,1000.0,100000.0,128x128,10,0,0.0001,0.0001,same_decoder_mapped_linear_mac_only,0.9,configurable_reference,,output_proj|r46c1|neg,output_proj,output_proj,neg,46,1,5842,5969,128,256,0.009572232370423399,0.671437467600469,0.06615590707269522,1482.0894830584236,51343.90081186289,31253.48498440072,2.6882440987932458e-08,64.68920306030184,0.0012354062954013027,0.029728494053447536,2176,2176
per_vector,crossbar_core_read_only,"adc,dac,sense,digital_bias,layernorm,softmax,residual,encoder",checkpoints\caption_transformer_epoch_10.pt,checkpoints\caption_transformer_array-128x128_cmm_crosssim.pt,checkpoints\caption_transformer_crosssim_decoder.pt,0.1,10.0,200,200,200,9800,76192,76192,1000.0,100000.0,128x128,10,0,0.0001,0.0001,same_decoder_mapped_linear_mac_only,0.9,configurable_reference,,output_proj|r46c1|pos,output_proj,output_proj,pos,46,1,5842,5969,128,256,0.009644080810510776,0.7245265400685325,0.07094683272625982,1374.9838402710213,51157.07061706339,31111.832434705448,2.8824699192649705e-08,69.06817415274664,0.0013246644849563268,0.03174088885696077,2176,2176
per_vector,crossbar_core_read_only,"adc,dac,sense,digital_bias,layernorm,softmax,residual,encoder",checkpoints\caption_transformer_epoch_10.pt,checkpoints\caption_transformer_array-128x128_cmm_crosssim.pt,checkpoints\caption_transformer_crosssim_decoder.pt,0.1,10.0,200,200,200,9800,76192,76192,1000.0,100000.0,128x128,10,0,0.0001,0.0001,same_decoder_mapped_linear_mac_only,0.9,configurable_reference,,output_proj|r47c0|neg,output_proj,output_proj,neg,47,0,5969,6096,0,128,0.009665375000763324,0.6791594958214959,0.06817970115158413,1465.485112554202,51101.95945794785,31289.26155133921,2.9632602524079392e-08,68.77536108022585,0.0013617923954080558,0.031606324025839086,2176,2176
per_vector,crossbar_core_read_only,"adc,dac,sense,digital_bias,layernorm,softmax,residual,encoder",checkpoints\caption_transformer_epoch_10.pt,checkpoints\caption_transformer_array-128x128_cmm_crosssim.pt,checkpoints\caption_transformer_crosssim_decoder.pt,0.1,10.0,200,200,200,9800,76192,76192,1000.0,100000.0,128x128,10,0,0.0001,0.0001,same_decoder_mapped_linear_mac_only,0.9,configurable_reference,,output_proj|r47c0|pos,output_proj,output_proj,pos,47,0,5969,6096,0,128,0.009647935891432929,0.8507806983531467,0.0683505759886743,1173.3331074193677,51147.084532386034,31223.8168638187,2.5342839610412714e-08,64.35129539184317,0.0011646525556255833,0.029573205602869104,2176,2176
per_vector,crossbar_core_read_only,"adc,dac,sense,digital_bias,layernorm,softmax,residual,encoder",checkpoints\caption_transformer_epoch_10.pt,checkpoints\caption_transformer_array-128x128_cmm_crosssim.pt,checkpoints\caption_transformer_crosssim_decoder.pt,0.1,10.0,200,200,200,9800,76192,76192,1000.0,100000.0,128x128,10,0,0.0001,0.0001,same_decoder_mapped_linear_mac_only,0.9,configurable_reference,,output_proj|r47c1|neg,output_proj,output_proj,neg,47,1,5969,6096,128,256,0.009636969960280779,0.6422330828871471,0.06556221091070326,1548.4412373328892,51175.50058133703,31295.254278532768,2.666291727506701e-08,64.14661438876134,0.0012253178894791807,0.029479142641893996,2176,2176
per_vector,crossbar_core_read_only,"adc,dac,sense,digital_bias,layernorm,softmax,residual,encoder",checkpoints\caption_transformer_epoch_10.pt,checkpoints\caption_transformer_array-128x128_cmm_crosssim.pt,checkpoints\caption_transformer_crosssim_decoder.pt,0.1,10.0,200,200,200,9800,76192,76192,1000.0,100000.0,128x128,10,0,0.0001,0.0001,same_decoder_mapped_linear_mac_only,0.9,configurable_reference,,output_proj|r47c1|pos,output_proj,output_proj,pos,47,1,5969,6096,128,256,0.00955424871987032,0.7771885313091011,0.0699676079523479,1283.0108327005362,51390.8781006713,31161.38328423422,2.8587576002238918e-08,68.3363576321978,0.0013137672795146531,0.03140457611773796,2176,2176
per_vector,crossbar_core_read_only,"adc,dac,sense,digital_bias,layernorm,softmax,residual,encoder",checkpoints\caption_transformer_epoch_10.pt,checkpoints\caption_transformer_array-128x128_cmm_crosssim.pt,checkpoints\caption_transformer_crosssim_decoder.pt,0.1,10.0,200,200,200,9800,76192,76192,1000.0,100000.0,128x128,10,0,0.0001,0.0001,same_decoder_mapped_linear_mac_only,0.9,configurable_reference,,output_proj|r48c0|neg,output_proj,output_proj,neg,48,0,6096,6223,0,128,0.009649220851846054,0.6465251235945124,0.06930584140865348,1538.3198417889864,51143.756876166335,31256.419547965965,3.017920609049795e-08,69.87603832032734,0.00138691204460009,0.032112149963385725,2176,2176
per_vector,crossbar_core_read_only,"adc,dac,sense,digital_bias,layernorm,softmax,residual,encoder",checkpoints\caption_transformer_epoch_10.pt,checkpoints\caption_transformer_array-128x128_cmm_crosssim.pt,checkpoints\caption_transformer_crosssim_decoder.pt,0.1,10.0,200,200,200,9800,76192,76192,1000.0,100000.0,128x128,10,0,0.0001,0.0001,same_decoder_mapped_linear_mac_only,0.9,configurable_reference,,output_proj|r48c0|pos,output_proj,output_proj,pos,48,0,6096,6223,0,128,0.009616148846257517,0.7732389621635715,0.06967310015390732,1289.4797225537695,51229.541375736015,31003.77172535151,2.575760448646747e-08,65.42229656302713,0.0011837134414736886,0.03006539364109703,2176,2176
per_vector,crossbar_core_read_only,"adc,dac,sense,digital_bias,layernorm,softmax,residual,encoder",checkpoints\caption_transformer_epoch_10.pt,checkpoints\caption_transformer_array-128x128_cmm_crosssim.pt,checkpoints\caption_transformer_crosssim_decoder.pt,0.1,10.0,200,200,200,9800,76192,76192,1000.0,100000.0,128x128,10,0,0.0001,0.0001,same_decoder_mapped_linear_mac_only,0.9,configurable_reference,,output_proj|r48c1|neg,output_proj,output_proj,neg,48,1,6096,6223,128,256,0.009678329722035911,0.6749705794236419,0.06729265954498757,1474.445920026964,51068.489602675465,30981.070430920903,2.740627327045056e-08,65.76643483734935,0.0012594794701493827,0.030223545421575987,2176,2176
per_vector,crossbar_core_read_only,"adc,dac,sense,digital_bias,layernorm,softmax,residual,encoder",checkpoints\caption_transformer_epoch_10.pt,checkpoints\caption_transformer_array-128x128_cmm_crosssim.pt,checkpoints\caption_transformer_crosssim_decoder.pt,0.1,10.0,200,200,200,9800,76192,76192,1000.0,100000.0,128x128,10,0,0.0001,0.0001,same_decoder_mapped_linear_mac_only,0.9,configurable_reference,,output_proj|r48c1|pos,output_proj,output_proj,pos,48,1,6096,6223,128,256,0.00962797431403166,0.7040004989261901,0.07040688065367,1414.506197413084,51198.83461060923,31398.37710748425,2.8678509688547243e-08,68.64626256072769,0.001317946217304562,0.03154699566209912,2176,2176
per_vector,crossbar_core_read_only,"adc,dac,sense,digital_bias,layernorm,softmax,residual,encoder",checkpoints\caption_transformer_epoch_10.pt,checkpoints\caption_transformer_array-128x128_cmm_crosssim.pt,checkpoints\caption_transformer_crosssim_decoder.pt,0.1,10.0,200,200,200,9800,76192,76192,1000.0,100000.0,128x128,10,0,0.0001,0.0001,same_decoder_mapped_linear_mac_only,0.9,configurable_reference,,output_proj|r49c0|neg,output_proj,output_proj,neg,49,0,6223,6350,0,128,0.009615395327422003,0.8032027995428775,0.07018504856640462,1241.9725545651777,51231.499259210344,31090.383258428406,3.0432142260730515e-08,70.57358966353135,0.0013985359494821032,0.032432715838019925,2176,2176
per_vector,crossbar_core_read_only,"adc,dac,sense,digital_bias,layernorm,softmax,residual,encoder",checkpoints\caption_transformer_epoch_10.pt,checkpoints\caption_transformer_array-128x128_cmm_crosssim.pt,checkpoints\caption_transformer_crosssim_decoder.pt,0.1,10.0,200,200,200,9800,76192,76192,1000.0,100000.0,128x128,10,0,0.0001,0.0001,same_decoder_mapped_linear_mac_only,0.9,configurable_reference,,output_proj|r49c0|pos,output_proj,output_proj,pos,49,0,6223,6350,0,128,0.009661887169702161,0.7644437579204884,0.07024556660225807,1304.1221783489905,51110.978125557274,31070.103760216458,2.5865599981245205e-08,65.80107544304131,0.001188676469726344,0.030239464817574134,2176,2176
per_vector,crossbar_core_read_only,"adc,dac,sense,digital_bias,layernorm,softmax,residual,encoder",checkpoints\caption_transformer_epoch_10.pt,checkpoints\caption_transformer_array-128x128_cmm_crosssim.pt,checkpoints\caption_transformer_crosssim_decoder.pt,0.1,10.0,200,200,200,9800,76192,76192,1000.0,100000.0,128x128,10,0,0.0001,0.0001,same_decoder_mapped_linear_mac_only,0.9,configurable_reference,,output_proj|r49c1|neg,output_proj,output_proj,neg,49,1,6223,6350,128,256,0.009646147571492101,0.651315638525189,0.06731480570300286,1527.1780838886482,51151.71645727879,31154.382786367983,2.7528351262938273e-08,65.91049069156013,0.0012650896720100293,0.03028974756045962,2176,2176
per_vector,crossbar_core_read_only,"adc,dac,sense,digital_bias,layernorm,softmax,residual,encoder",checkpoints\caption_transformer_epoch_10.pt,checkpoints\caption_transformer_array-128x128_cmm_crosssim.pt,checkpoints\caption_transformer_crosssim_decoder.pt,0.1,10.0,200,200,200,9800,76192,76192,1000.0,100000.0,128x128,10,0,0.0001,0.0001,same_decoder_mapped_linear_mac_only,0.9,configurable_reference,,output_proj|r49c1|pos,output_proj,output_proj,pos,49,1,6223,6350,128,256,0.009651986757407869,0.8847857854804748,0.07175680191658801,1128.7472505890094,51136.59549186551,31014.59606104462,2.9260266337780468e-08,69.89858649075885,0.001344681357434766,0.03212251217406197,2176,2176
per_vector,crossbar_core_read_only,"adc,dac,sense,digital_bias,layernorm,softmax,residual,encoder",checkpoints\caption_transformer_epoch_10.pt,checkpoints\caption_transformer_array-128x128_cmm_crosssim.pt,checkpoints\caption_transformer_crosssim_decoder.pt,0.1,10.0,200,200,200,9800,76192,76192,1000.0,100000.0,128x128,10,0,0.0001,0.0001,same_decoder_mapped_linear_mac_only,0.9,configurable_reference,,output_proj|r4c0|neg,output_proj,output_proj,neg,4,0,508,635,0,128,0.009633074793845477,0.5614277126613655,0.04901948294477591,1767.3670103907964,51185.60173845864,32793.79185588005,2.122633664300332e-08,50.683479140634695,0.0009754750295497864,0.02329204004624756,2176,2176
per_vector,crossbar_core_read_only,"adc,dac,sense,digital_bias,layernorm,softmax,residual,encoder",checkpoints\caption_transformer_epoch_10.pt,checkpoints\caption_transformer_array-128x128_cmm_crosssim.pt,checkpoints\caption_transformer_crosssim_decoder.pt,0.1,10.0,200,200,200,9800,76192,76192,1000.0,100000.0,128x128,10,0,0.0001,0.0001,same_decoder_mapped_linear_mac_only,0.9,configurable_reference,,output_proj|r4c0|pos,output_proj,output_proj,pos,4,0,508,635,0,128,0.009622837053714044,0.63292124241044,0.04898679942935673,1570.8647813599941,51212.16982555437,32804.211902470524,1.937978811127132e-08,48.746844482184535,0.0008906152624665122,0.022402042501003923,2176,2176
per_vector,crossbar_core_read_only,"adc,dac,sense,digital_bias,layernorm,softmax,residual,encoder",checkpoints\caption_transformer_epoch_10.pt,checkpoints\caption_transformer_array-128x128_cmm_crosssim.pt,checkpoints\caption_transformer_crosssim_decoder.pt,0.1,10.0,200,200,200,9800,76192,76192,1000.0,100000.0,128x128,10,0,0.0001,0.0001,same_decoder_mapped_linear_mac_only,0.9,configurable_reference,,output_proj|r4c1|neg,output_proj,output_proj,neg,4,1,508,635,128,256,0.009527690571352583,0.6105733778555612,0.048287493135111055,1627.4249907854858,51460.411311036885,32997.2859402788,2.04011600948921e-08,49.286901767370736,0.0009375533131843789,0.02265023059162258,2176,2176
per_vector,crossbar_core_read_only,"adc,dac,sense,digital_bias,layernorm,softmax,residual,encoder",checkpoints\caption_transformer_epoch_10.pt,checkpoints\caption_transformer_array-128x128_cmm_crosssim.pt,checkpoints\caption_transformer_crosssim_decoder.pt,0.1,10.0,200,200,200,9800,76192,76192,1000.0,100000.0,128x128,10,0,0.0001,0.0001,same_decoder_mapped_linear_mac_only,0.9,configurable_reference,,output_proj|r4c1|pos,output_proj,output_proj,pos,4,1,508,635,128,256,0.009617492937943044,0.6709620855605136,0.04993771888363162,1483.1239815158217,51226.0493662016,32703.078463348204,2.098808555912003e-08,50.716993475850394,0.0009645259907683852,0.023307441854710658,2176,2176
per_vector,crossbar_core_read_only,"adc,dac,sense,digital_bias,layernorm,softmax,residual,encoder",checkpoints\caption_transformer_epoch_10.pt,checkpoints\caption_transformer_array-128x128_cmm_crosssim.pt,checkpoints\caption_transformer_crosssim_decoder.pt,0.1,10.0,200,200,200,9800,76192,76192,1000.0,100000.0,128x128,10,0,0.0001,0.0001,same_decoder_mapped_linear_mac_only,0.9,configurable_reference,,output_proj|r50c0|neg,output_proj,output_proj,neg,50,0,6350,6477,0,128,0.00963200734323701,0.7105837975886908,0.0709788843340652,1401.5849915569756,51188.370605504686,31295.461411577613,3.072548244465303e-08,71.26971515104974,0.001412016656463835,0.03275262644809271,2176,2176
per_vector,crossbar_core_read_only,"adc,dac,sense,digital_bias,layernorm,softmax,residual,encoder",checkpoints\caption_transformer_epoch_10.pt,checkpoints\caption_transformer_array-128x128_cmm_crosssim.pt,checkpoints\caption_transformer_crosssim_decoder.pt,0.1,10.0,200,200,200,9800,76192,76192,1000.0,100000.0,128x128,10,0,0.0001,0.0001,same_decoder_mapped_linear_mac_only,0.9,configurable_reference,,output_proj|r50c0|pos,output_proj,output_proj,pos,50,0,6350,6477,0,128,0.009628055183454918,0.7964761074355311,0.07167457014507445,1252.3303576799628,51198.62474662597,30867.571926379034,2.6429955978921104e-08,67.0975288631826,0.001214611947560711,0.030835261426094947,2176,2176
per_vector,crossbar_core_read_only,"adc,dac,sense,digital_bias,layernorm,softmax,residual,encoder",checkpoints\caption_transformer_epoch_10.pt,checkpoints\caption_transformer_array-128x128_cmm_crosssim.pt,checkpoints\caption_transformer_crosssim_decoder.pt,0.1,10.0,200,200,200,9800,76192,76192,1000.0,100000.0,128x128,10,0,0.0001,0.0001,same_decoder_mapped_linear_mac_only,0.9,configurable_reference,,output_proj|r50c1|neg,output_proj,output_proj,neg,50,1,6350,6477,128,256,0.009631416851985836,0.612435282130706,0.06784675162267803,1622.5576286965086,51189.90241327858,31040.04335772869,2.7566304575543e-08,66.19822792651458,0.0012668338499789986,0.03042197974564089,2176,2176
per_vector,crossbar_core_read_only,"adc,dac,sense,digital_bias,layernorm,softmax,residual,encoder",checkpoints\caption_transformer_epoch_10.pt,checkpoints\caption_transformer_array-128x128_cmm_crosssim.pt,checkpoints\caption_transformer_crosssim_decoder.pt,0.1,10.0,200,200,200,9800,76192,76192,1000.0,100000.0,128x128,10,0,0.0001,0.0001,same_decoder_mapped_linear_mac_only,0.9,configurable_reference,,output_proj|r50c1|pos,output_proj,output_proj,pos,50,1,6350,6477,128,256,0.009662556845382959,0.719498844727856,0.07271177891803197,1384.4588967714885,51109.24626312753,31021.9951563601,2.9556179603226843e-08,70.65497497394085,0.0013582803126482965,0.03247011717552429,2176,2176
per_vector,crossbar_core_read_only,"adc,dac,sense,digital_bias,layernorm,softmax,residual,encoder",checkpoints\caption_transformer_epoch_10.pt,checkpoints\caption_transformer_array-128x128_cmm_crosssim.pt,checkpoints\caption_transformer_crosssim_decoder.pt,0.1,10.0,200,200,200,9800,76192,76192,1000.0,100000.0,128x128,10,0,0.0001,0.0001,same_decoder_mapped_linear_mac_only,0.9,configurable_reference,,output_proj|r51c0|neg,output_proj,output_proj,neg,51,0,6477,6604,0,128,0.009609995123364348,0.6913856233463845,0.07056067648176359,1439.9433459436812,51245.535100966255,31355.77307400025,3.063585966519284e-08,70.99340164391091,0.0014078979625548156,0.032625644137826704,2176,2176
per_vector,crossbar_core_read_only,"adc,dac,sense,digital_bias,layernorm,softmax,residual,encoder",checkpoints\caption_transformer_epoch_10.pt,checkpoints\caption_transformer_array-128x128_cmm_crosssim.pt,checkpoints\caption_transformer_crosssim_decoder.pt,0.1,10.0,200,200,200,9800,76192,76192,1000.0,100000.0,128x128,10,0,0.0001,0.0001,same_decoder_mapped_linear_mac_only,0.9,configurable_reference,,output_proj|r51c0|pos,output_proj,output_proj,pos,51,0,6477,6604,0,128,0.009624504102771969,0.6964411205275194,0.07175671545277218,1429.6401676746991,51207.84176603814,30752.204289730853,2.63541825748371e-08,67.03586662565631,0.0012111297139171418,0.030806924000761172,2176,2176
per_vector,crossbar_core_read_only,"adc,dac,sense,digital_bias,layernorm,softmax,residual,encoder",checkpoints\caption_transformer_epoch_10.pt,checkpoints\caption_transformer_array-128x128_cmm_crosssim.pt,checkpoints\caption_transformer_crosssim_decoder.pt,0.1,10.0,200,200,200,9800,76192,76192,1000.0,100000.0,128x128,10,0,0.0001,0.0001,same_decoder_mapped_linear_mac_only,0.9,configurable_reference,,output_proj|r51c1|neg,output_proj,output_proj,neg,51,1,6477,6604,128,256,0.00962460239882008,0.654486936433459,0.06883969308209441,1519.890656109907,51207.586588741215,30784.987748537133,2.8039000868425112e-08,67.18088941546391,0.001288557025203362,0.030873570503430106,2176,2176
per_vector,crossbar_core_read_only,"adc,dac,sense,digital_bias,layernorm,softmax,residual,encoder",checkpoints\caption_transformer_epoch_10.pt,checkpoints\caption_transformer_array-128x128_cmm_crosssim.pt,checkpoints\caption_transformer_crosssim_decoder.pt,0.1,10.0,200,200,200,9800,76192,76192,1000.0,100000.0,128x128,10,0,0.0001,0.0001,same_decoder_mapped_linear_mac_only,0.9,configurable_reference,,output_proj|r51c1|pos,output_proj,output_proj,pos,51,1,6477,6604,128,256,0.009607309318867047,0.7595065949522772,0.07159982352985672,1312.4883427198865,51252.518724770416,31376.75003328461,2.9071322472668098e-08,69.63767567169434,0.0013359982753983527,0.03200260830500659,2176,2176
per_vector,crossbar_core_read_only,"adc,dac,sense,digital_bias,layernorm,softmax,residual,encoder",checkpoints\caption_transformer_epoch_10.pt,checkpoints\caption_transformer_array-128x128_cmm_crosssim.pt,checkpoints\caption_transformer_crosssim_decoder.pt,0.1,10.0,200,200,200,9800,76192,76192,1000.0,100000.0,128x128,10,0,0.0001,0.0001,same_decoder_mapped_linear_mac_only,0.9,configurable_reference,,output_proj|r52c0|neg,output_proj,output_proj,neg,52,0,6604,6731,0,128,0.009628669408896536,0.7300524073236814,0.07285132107443865,1364.7184304243046,51197.03082829195,31185.42028804995,3.163275017031337e-08,73.11859187165214,0.0014537109453269,0.03360229405866367,2176,2176
per_vector,crossbar_core_read_only,"adc,dac,sense,digital_bias,layernorm,softmax,residual,encoder",checkpoints\caption_transformer_epoch_10.pt,checkpoints\caption_transformer_array-128x128_cmm_crosssim.pt,checkpoints\caption_transformer_crosssim_decoder.pt,0.1,10.0,200,200,200,9800,76192,76192,1000.0,100000.0,128x128,10,0,0.0001,0.0001,same_decoder_mapped_linear_mac_only,0.9,configurable_reference,,output_proj|r52c0|pos,output_proj,output_proj,pos,52,0,6604,6731,0,128,0.009648338068622564,0.7852327557480075,0.07360917591710693,1270.0341082875173,51146.042969366405,30703.79717114944,2.7009362939632078e-08,68.61338184745382,0.001241239105681623,0.03153188504019017,2176,2176
per_vector,crossbar_core_read_only,"adc,dac,sense,digital_bias,layernorm,softmax,residual,encoder",checkpoints\caption_transformer_epoch_10.pt,checkpoints\caption_transformer_array-128x128_cmm_crosssim.pt,checkpoints\caption_transformer_crosssim_decoder.pt,0.1,10.0,200,200,200,9800,76192,76192,1000.0,100000.0,128x128,10,0,0.0001,0.0001,same_decoder_mapped_linear_mac_only,0.9,configurable_reference,,output_proj|r52c1|neg,output_proj,output_proj,neg,52,1,6604,6731,128,256,0.009596813423021044,0.6010030675425486,0.06888100386114157,1652.9115858562084,51279.82839671079,30868.117333346985,2.7982048450316508e-08,67.13355632069621,0.0012859397265770455,0.030851818162084658,2176,2176
per_vector,crossbar_core_read_only,"adc,dac,sense,digital_bias,layernorm,softmax,residual,encoder",checkpoints\caption_transformer_epoch_10.pt,checkpoints\caption_transformer_array-128x128_cmm_crosssim.pt,checkpoints\caption_transformer_crosssim_decoder.pt,0.1,10.0,200,200,200,9800,76192,76192,1000.0,100000.0,128x128,10,0,0.0001,0.0001,same_decoder_mapped_linear_mac_only,0.9,configurable_reference,,output_proj|r52c1|pos,output_proj,output_proj,pos,52,1,6604,6731,128,256,0.009595613205841185,0.7253333693193161,0.07333978586700111,1373.4753750527377,51282.95314200662,31161.903965628488,2.989088505125482e-08,71.34170159898854,0.00137366199684076,0.03278570845541753,2176,2176
per_vector,crossbar_core_read_only,"adc,dac,sense,digital_bias,layernorm,softmax,residual,encoder",checkpoints\caption_transformer_epoch_10.pt,checkpoints\caption_transformer_array-128x128_cmm_crosssim.pt,checkpoints\caption_transformer_crosssim_decoder.pt,0.1,10.0,200,200,200,9800,76192,76192,1000.0,100000.0,128x128,10,0,0.0001,0.0001,same_decoder_mapped_linear_mac_only,0.9,configurable_reference,,output_proj|r53c0|neg,output_proj,output_proj,neg,53,0,6731,6858,0,128,0.009623546479802946,0.6818156154891926,0.06986837121688184,1459.8594292186535,51210.32789571453,31168.080676248028,3.032390455467565e-08,70.31510283665895,0.0013935617901964924,0.03231392593596459,2176,2176
per_vector,crossbar_core_read_only,"adc,dac,sense,digital_bias,layernorm,softmax,residual,encoder",checkpoints\caption_transformer_epoch_10.pt,checkpoints\caption_transformer_array-128x128_cmm_crosssim.pt,checkpoints\caption_transformer_crosssim_decoder.pt,0.1,10.0,200,200,200,9800,76192,76192,1000.0,100000.0,128x128,10,0,0.0001,0.0001,same_decoder_mapped_linear_mac_only,0.9,configurable_reference,,output_proj|r53c0|pos,output_proj,output_proj,pos,53,0,6731,6858,0,128,0.009585038100552534,0.6805933665594027,0.07022742083665186,1462.4427883501314,51310.50171973218,31051.553686425268,2.5937202585670225e-08,65.87184833454631,0.0011919670305914605,0.030271989124331947,2176,2176
per_vector,crossbar_core_read_only,"adc,dac,sense,digital_bias,layernorm,softmax,residual,encoder",checkpoints\caption_transformer_epoch_10.pt,checkpoints\caption_transformer_array-128x128_cmm_crosssim.pt,checkpoints\caption_transformer_crosssim_decoder.pt,0.1,10.0,200,200,200,9800,76192,76192,1000.0,100000.0,128x128,10,0,0.0001,0.0001,same_decoder_mapped_linear_mac_only,0.9,configurable_reference,,output_proj|r53c1|neg,output_proj,output_proj,neg,53,1,6731,6858,128,256,0.009613037087760234,0.6949912625293627,0.06706792295558518,1432.579889626064,51237.6276889705,30981.649149938352,2.742948778092354e-08,65.68238304033726,0.0012605463134615614,0.030184918676625577,2176,2176
per_vector,crossbar_core_read_only,"adc,dac,sense,digital_bias,layernorm,softmax,residual,encoder",checkpoints\caption_transformer_epoch_10.pt,checkpoints\caption_transformer_array-128x128_cmm_crosssim.pt,checkpoints\caption_transformer_crosssim_decoder.pt,0.1,10.0,200,200,200,9800,76192,76192,1000.0,100000.0,128x128,10,0,0.0001,0.0001,same_decoder_mapped_linear_mac_only,0.9,configurable_reference,,output_proj|r53c1|pos,output_proj,output_proj,pos,53,1,6731,6858,128,256,0.009558338972727648,0.7979975244995887,0.07149376481992158,1249.9725798912018,51380.185900985365,31282.348907755717,2.9072507321760596e-08,69.56812626538566,0.00133605272618385,0.0319706462616662,2176,2176
per_vector,crossbar_core_read_only,"adc,dac,sense,digital_bias,layernorm,softmax,residual,encoder",checkpoints\caption_transformer_epoch_10.pt,checkpoints\caption_transformer_array-128x128_cmm_crosssim.pt,checkpoints\caption_transformer_crosssim_decoder.pt,0.1,10.0,200,200,200,9800,76192,76192,1000.0,100000.0,128x128,10,0,0.0001,0.0001,same_decoder_mapped_linear_mac_only,0.9,configurable_reference,,output_proj|r54c0|neg,output_proj,output_proj,neg,54,0,6858,6985,0,128,0.009494732787796098,0.6952905268983134,0.07088381884426394,1431.9721135270422,51546.96179842289,31157.35587473732,3.058783281148184e-08,71.08472356048594,0.0014056908461158913,0.03266761193037038,2176,2176
per_vector,crossbar_core_read_only,"adc,dac,sense,digital_bias,layernorm,softmax,residual,encoder",checkpoints\caption_transformer_epoch_10.pt,checkpoints\caption_transformer_array-128x128_cmm_crosssim.pt,checkpoints\caption_transformer_crosssim_decoder.pt,0.1,10.0,200,200,200,9800,76192,76192,1000.0,100000.0,128x128,10,0,0.0001,0.0001,same_decoder_mapped_linear_mac_only,0.9,configurable_reference,,output_proj|r54c0|pos,output_proj,output_proj,pos,54,0,6858,6985,0,128,0.009657440346327704,0.7318324679351896,0.07065395577175362,1361.4441725619586,51122.481127415944,31021.008219949374,2.6061697093783e-08,66.20188642117475,0.00119768828555988,0.030423661039142808,2176,2176
per_vector,crossbar_core_read_only,"adc,dac,sense,digital_bias,layernorm,softmax,residual,encoder",checkpoints\caption_transformer_epoch_10.pt,checkpoints\caption_transformer_array-128x128_cmm_crosssim.pt,checkpoints\caption_transformer_crosssim_decoder.pt,0.1,10.0,200,200,200,9800,76192,76192,1000.0,100000.0,128x128,10,0,0.0001,0.0001,same_decoder_mapped_linear_mac_only,0.9,configurable_reference,,output_proj|r54c1|neg,output_proj,output_proj,neg,54,1,6858,6985,128,256,0.009622422724915414,0.6216961440221835,0.06750506109763564,1598.7742323765694,51213.24563608827,30994.15906499011,2.7396348743088896e-08,65.85621004175394,0.001259023379737542,0.030264802408894273,2176,2176
per_vector,crossbar_core_read_only,"adc,dac,sense,digital_bias,layernorm,softmax,residual,encoder",checkpoints\caption_transformer_epoch_10.pt,checkpoints\caption_transformer_array-128x128_cmm_crosssim.pt,checkpoints\caption_transformer_crosssim_decoder.pt,0.1,10.0,200,200,200,9800,76192,76192,1000.0,100000.0,128x128,10,0,0.0001,0.0001,same_decoder_mapped_linear_mac_only,0.9,configurable_reference,,output_proj|r54c1|pos,output_proj,output_proj,pos,54,1,6858,6985,128,256,0.009647193962422258,0.756244167559481,0.07216591319666317,1318.075769961338,51149.00609982092,31222.38466702162,2.926825547195613e-08,70.10100210600922,0.0013450485051450453,0.032215534056070416,2176,2176
per_vector,crossbar_core_read_only,"adc,dac,sense,digital_bias,layernorm,softmax,residual,encoder",checkpoints\caption_transformer_epoch_10.pt,checkpoints\caption_transformer_array-128x128_cmm_crosssim.pt,checkpoints\caption_transformer_crosssim_decoder.pt,0.1,10.0,200,200,200,9800,76192,76192,1000.0,100000.0,128x128,10,0,0.0001,0.0001,same_decoder_mapped_linear_mac_only,0.9,configurable_reference,,output_proj|r55c0|neg,output_proj,output_proj,neg,55,0,6985,7112,0,128,0.009575038965116713,0.6876326448589744,0.0721417493519796,1447.6885311758972,51336.57710988043,31091.570709594645,3.117214923515294e-08,72.31295798290773,0.0014325436229390156,0.033232057896556866,2176,2176
per_vector,crossbar_core_read_only,"adc,dac,sense,digital_bias,layernorm,softmax,residual,encoder",checkpoints\caption_transformer_epoch_10.pt,checkpoints\caption_transformer_array-128x128_cmm_crosssim.pt,checkpoints\caption_transformer_crosssim_decoder.pt,0.1,10.0,200,200,200,9800,76192,76192,1000.0,100000.0,128x128,10,0,0.0001,0.0001,same_decoder_mapped_linear_mac_only,0.9,configurable_reference,,output_proj|r55c0|pos,output_proj,output_proj,pos,55,0,6985,7112,0,128,0.009621216388948702,0.6678854857656072,0.0731197922445768,1489.8541729948124,51216.37816172955,30755.820271460678,2.6903387978122668e-08,68.30115915360618,0.0012363689328181364,0.03138840034632637,2176,2176
per_vector,crossbar_core_read_only,"adc,dac,sense,digital_bias,layernorm,softmax,residual,encoder",checkpoints\caption_transformer_epoch_10.pt,checkpoints\caption_transformer_array-128x128_cmm_crosssim.pt,checkpoints\caption_transformer_crosssim_decoder.pt,0.1,10.0,200,200,200,9800,76192,76192,1000.0,100000.0,128x128,10,0,0.0001,0.0001,same_decoder_mapped_linear_mac_only,0.9,configurable_reference,,output_proj|r55c1|neg,output_proj,output_proj,neg,55,1,6985,7112,128,256,0.009629706535114165,0.6215801575364518,0.06894515569294206,1599.0677921883735,51194.339705414044,30933.03369680123,2.7963214189357884e-08,67.1467733476723,0.001285074181496227,0.03085789216345234,2176,2176
per_vector,crossbar_core_read_only,"adc,dac,sense,digital_bias,layernorm,softmax,residual,encoder",checkpoints\caption_transformer_epoch_10.pt,checkpoints\caption_transformer_array-128x128_cmm_crosssim.pt,checkpoints\caption_transformer_crosssim_decoder.pt,0.1,10.0,200,200,200,9800,76192,76192,1000.0,100000.0,128x128,10,0,0.0001,0.0001,same_decoder_mapped_linear_mac_only,0.9,configurable_reference,,output_proj|r55c1|pos,output_proj,output_proj,pos,55,1,6985,7112,128,256,0.00964193587642924,0.7384849013585197,0.07304443411592933,1349.345472093644,51162.62847780025,31175.227711148134,2.9753996313429406e-08,71.0216161853443,0.0013673711541098085,0.032638610379294254,2176,2176
per_vector,crossbar_core_read_only,"adc,dac,sense,digital_bias,layernorm,softmax,residual,encoder",checkpoints\caption_transformer_epoch_10.pt,checkpoints\caption_transformer_array-128x128_cmm_crosssim.pt,checkpoints\caption_transformer_crosssim_decoder.pt,0.1,10.0,200,200,200,9800,76192,76192,1000.0,100000.0,128x128,10,0,0.0001,0.0001,same_decoder_mapped_linear_mac_only,0.9,configurable_reference,,output_proj|r56c0|neg,output_proj,output_proj,neg,56,0,7112,7239,0,128,0.009647374864049131,0.6901166745678845,0.0721316249478421,1442.5528406621822,51148.53755829549,31160.424637699187,3.11171512784376e-08,72.26016639962943,0.0014300161433105486,0.03320779705865323,2176,2176
per_vector,crossbar_core_read_only,"adc,dac,sense,digital_bias,layernorm,softmax,residual,encoder",checkpoints\caption_transformer_epoch_10.pt,checkpoints\caption_transformer_array-128x128_cmm_crosssim.pt,checkpoints\caption_transformer_crosssim_decoder.pt,0.1,10.0,200,200,200,9800,76192,76192,1000.0,100000.0,128x128,10,0,0.0001,0.0001,same_decoder_mapped_linear_mac_only,0.9,configurable_reference,,output_proj|r56c0|pos,output_proj,output_proj,pos,56,0,7112,7239,0,128,0.009626393342448795,0.7341986888624471,0.07339270993577822,1357.1159729175208,51202.93773055743,30629.638345188017,2.6886064414470324e-08,68.39354633007707,0.0012355728131649968,0.031430857688454536,2176,2176
per_vector,crossbar_core_read_only,"adc,dac,sense,digital_bias,layernorm,softmax,residual,encoder",checkpoints\caption_transformer_epoch_10.pt,checkpoints\caption_transformer_array-128x128_cmm_crosssim.pt,checkpoints\caption_transformer_crosssim_decoder.pt,0.1,10.0,200,200,200,9800,76192,76192,1000.0,100000.0,128x128,10,0,0.0001,0.0001,same_decoder_mapped_linear_mac_only,0.9,configurable_reference,,output_proj|r56c1|neg,output_proj,output_proj,neg,56,1,7112,7239,128,256,0.009585083165568201,0.6811174208492053,0.06935026753933025,1461.334022462954,51310.38426074564,30868.114601356432,2.8059374995324647e-08,67.43395560881355,0.0012894933361821963,0.03098986930552093,2176,2176
per_vector,crossbar_core_read_only,"adc,dac,sense,digital_bias,layernorm,softmax,residual,encoder",checkpoints\caption_transformer_epoch_10.pt,checkpoints\caption_transformer_array-128x128_cmm_crosssim.pt,checkpoints\caption_transformer_crosssim_decoder.pt,0.1,10.0,200,200,200,9800,76192,76192,1000.0,100000.0,128x128,10,0,0.0001,0.0001,same_decoder_mapped_linear_mac_only,0.9,configurable_reference,,output_proj|r56c1|pos,output_proj,output_proj,pos,56,1,7112,7239,128,256,0.009618551633967413,0.6916092144806334,0.07442959549424782,1439.4845261136502,51223.299162341245,31028.695394979666,3.0193019198836935e-08,72.15798129006215,0.0013875468381818483,0.03316083698991827,2176,2176
per_vector,crossbar_core_read_only,"adc,dac,sense,digital_bias,layernorm,softmax,residual,encoder",checkpoints\caption_transformer_epoch_10.pt,checkpoints\caption_transformer_array-128x128_cmm_crosssim.pt,checkpoints\caption_transformer_crosssim_decoder.pt,0.1,10.0,200,200,200,9800,76192,76192,1000.0,100000.0,128x128,10,0,0.0001,0.0001,same_decoder_mapped_linear_mac_only,0.9,configurable_reference,,output_proj|r57c0|neg,output_proj,output_proj,neg,57,0,7239,7366,0,128,0.009613434647215901,0.6505471714487171,0.07297480601329526,1528.9545000056576,51236.594436265004,31214.264803376638,3.156359408923252e-08,73.10824774241041,0.0014505328166007619,0.0335975403227989,2176,2176
per_vector,crossbar_core_read_only,"adc,dac,sense,digital_bias,layernorm,softmax,residual,encoder",checkpoints\caption_transformer_epoch_10.pt,checkpoints\caption_transformer_array-128x128_cmm_crosssim.pt,checkpoints\caption_transformer_crosssim_decoder.pt,0.1,10.0,200,200,200,9800,76192,76192,1000.0,100000.0,128x128,10,0,0.0001,0.0001,same_decoder_mapped_linear_mac_only,0.9,configurable_reference,,output_proj|r57c0|pos,output_proj,output_proj,pos,57,0,7239,7366,0,128,0.00961021140623591,0.7182735280312994,0.0745001509634807,1386.787919153655,51244.97280544934,30625.48789536599,2.727153599358603e-08,69.34608606625304,0.0012532874997052395,0.03186860572897658,2176,2176
per_vector,crossbar_core_read_only,"adc,dac,sense,digital_bias,layernorm,softmax,residual,encoder",checkpoints\caption_transformer_epoch_10.pt,checkpoints\caption_transformer_array-128x128_cmm_crosssim.pt,checkpoints\caption_transformer_crosssim_decoder.pt,0.1,10.0,200,200,200,9800,76192,76192,1000.0,100000.0,128x128,10,0,0.0001,0.0001,same_decoder_mapped_linear_mac_only,0.9,configurable_reference,,output_proj|r57c1|neg,output_proj,output_proj,neg,57,1,7239,7366,128,256,0.009641556933873087,0.6177200223312617,0.07039055595716465,1608.8996034231745,51163.61050294322,30857.240342905956,2.842373632783885e-08,68.31279871869633,0.0013062378827131795,0.03139374941116559,2176,2176
per_vector,crossbar_core_read_only,"adc,dac,sense,digital_bias,layernorm,softmax,residual,encoder",checkpoints\caption_transformer_epoch_10.pt,checkpoints\caption_transformer_array-128x128_cmm_crosssim.pt,checkpoints\caption_transformer_crosssim_decoder.pt,0.1,10.0,200,200,200,9800,76192,76192,1000.0,100000.0,128x128,10,0,0.0001,0.0001,same_decoder_mapped_linear_mac_only,0.9,configurable_reference,,output_proj|r57c1|pos,output_proj,output_proj,pos,57,1,7239,7366,128,256,0.009647263963582755,0.7538985741747418,0.07531781981518647,1322.122460391853,51148.824793354666,30924.132863878556,3.039629708157335e-08,72.7870069562664,0.0013968886526458339,0.03344991128504889,2176,2176
per_vector,crossbar_core_read_only,"adc,dac,sense,digital_bias,layernorm,softmax,residual,encoder",checkpoints\caption_transformer_epoch_10.pt,checkpoints\caption_transformer_array-128x128_cmm_crosssim.pt,checkpoints\caption_transformer_crosssim_decoder.pt,0.1,10.0,200,200,200,9800,76192,76192,1000.0,100000.0,128x128,10,0,0.0001,0.0001,same_decoder_mapped_linear_mac_only,0.9,configurable_reference,,output_proj|r58c0|neg,output_proj,output_proj,neg,58,0,7366,7493,0,128,0.00961395130030042,0.6700644934358595,0.07288203444444234,1485.0812116293337,51235.25172277868,31153.16687336433,3.162672345921889e-08,73.13558228769965,0.0014534339825008683,0.033610102154273735,2176,2176
per_vector,crossbar_core_read_only,"adc,dac,sense,digital_bias,layernorm,softmax,residual,encoder",checkpoints\caption_transformer_epoch_10.pt,checkpoints\caption_transformer_array-128x128_cmm_crosssim.pt,checkpoints\caption_transformer_crosssim_decoder.pt,0.1,10.0,200,200,200,9800,76192,76192,1000.0,100000.0,128x128,10,0,0.0001,0.0001,same_decoder_mapped_linear_mac_only,0.9,configurable_reference,,output_proj|r58c0|pos,output_proj,output_proj,pos,58,0,7366,7493,0,128,0.00957227398210513,0.9087587447991776,0.07439710301533276,1099.298347451003,51343.79221250295,30711.4142260759,2.7315674286127938e-08,69.34468054717078,0.0012553159138845593,0.03186795981028069,2176,2176
per_vector,crossbar_core_read_only,"adc,dac,sense,digital_bias,layernorm,softmax,residual,encoder",checkpoints\caption_transformer_epoch_10.pt,checkpoints\caption_transformer_array-128x128_cmm_crosssim.pt,checkpoints\caption_transformer_crosssim_decoder.pt,0.1,10.0,200,200,200,9800,76192,76192,1000.0,100000.0,128x128,10,0,0.0001,0.0001,same_decoder_mapped_linear_mac_only,0.9,configurable_reference,,output_proj|r58c1|neg,output_proj,output_proj,neg,58,1,7366,7493,128,256,0.009627919231348198,0.7431488297076861,0.07046210586961377,1340.9906736356513,51198.97755649102,30661.655573362037,2.8729489707983048e-08,68.67340200684785,0.0013202890490801025,0.031559467834029346,2176,2176
per_vector,crossbar_core_read_only,"adc,dac,sense,digital_bias,layernorm,softmax,residual,encoder",checkpoints\caption_transformer_epoch_10.pt,checkpoints\caption_transformer_array-128x128_cmm_crosssim.pt,checkpoints\caption_transformer_crosssim_decoder.pt,0.1,10.0,200,200,200,9800,76192,76192,1000.0,100000.0,128x128,10,0,0.0001,0.0001,same_decoder_mapped_linear_mac_only,0.9,configurable_reference,,output_proj|r58c1|pos,output_proj,output_proj,pos,58,1,7366,7493,128,256,0.009627067699603562,0.797455360017543,0.07431645929120334,1250.8117668030065,51201.1874805963,31203.235048096165,3.025410591986321e-08,72.14911936170718,0.0013903541323466574,0.03315676441254926,2176,2176
per_vector,crossbar_core_read_only,"adc,dac,sense,digital_bias,layernorm,softmax,residual,encoder",checkpoints\caption_transformer_epoch_10.pt,checkpoints\caption_transformer_array-128x128_cmm_crosssim.pt,checkpoints\caption_transformer_crosssim_decoder.pt,0.1,10.0,200,200,200,9800,76192,76192,1000.0,100000.0,128x128,10,0,0.0001,0.0001,same_decoder_mapped_linear_mac_only,0.9,configurable_reference,,output_proj|r59c0|neg,output_proj,output_proj,neg,59,0,7493,7620,0,128,0.009623955022303366,0.7130389670417457,0.07466483831836293,1396.8263988005258,51209.26722994022,30791.589141671502,3.2298784847512455e-08,74.69913926870055,0.001484319156595238,0.03432864856098371,2176,2176
per_vector,crossbar_core_read_only,"adc,dac,sense,digital_bias,layernorm,softmax,residual,encoder",checkpoints\caption_transformer_epoch_10.pt,checkpoints\caption_transformer_array-128x128_cmm_crosssim.pt,checkpoints\caption_transformer_crosssim_decoder.pt,0.1,10.0,200,200,200,9800,76192,76192,1000.0,100000.0,128x128,10,0,0.0001,0.0001,same_decoder_mapped_linear_mac_only,0.9,configurable_reference,,output_proj|r59c0|pos,output_proj,output_proj,pos,59,0,7493,7620,0,128,0.009573957384967371,0.716726496541511,0.07481171610206239,1389.7396574422887,51339.3992046451,30868.56897486688,2.746964147919696e-08,69.6970141254033,0.0012623916120954447,0.032029877814983135,2176,2176
per_vector,crossbar_core_read_only,"adc,dac,sense,digital_bias,layernorm,softmax,residual,encoder",checkpoints\caption_transformer_epoch_10.pt,checkpoints\caption_transformer_array-128x128_cmm_crosssim.pt,checkpoints\caption_transformer_crosssim_decoder.pt,0.1,10.0,200,200,200,9800,76192,76192,1000.0,100000.0,128x128,10,0,0.0001,0.0001,same_decoder_mapped_linear_mac_only,0.9,configurable_reference,,output_proj|r59c1|neg,output_proj,output_proj,neg,59,1,7493,7620,128,256,0.009536749811740675,0.5812090098453583,0.07113722882923992,1708.2426747861061,51436.67172777443,30616.810170030418,2.8734928021756917e-08,69.02554503075312,0.0013205389715880925,0.03172129826780934,2176,2176
per_vector,crossbar_core_read_only,"adc,dac,sense,digital_bias,layernorm,softmax,residual,encoder",checkpoints\caption_transformer_epoch_10.pt,checkpoints\caption_transformer_array-128x128_cmm_crosssim.pt,checkpoints\caption_transformer_crosssim_decoder.pt,0.1,10.0,200,200,200,9800,76192,76192,1000.0,100000.0,128x128,10,0,0.0001,0.0001,same_decoder_mapped_linear_mac_only,0.9,configurable_reference,,output_proj|r59c1|pos,output_proj,output_proj,pos,59,1,7493,7620,128,256,0.009620226698325761,0.7299767041084307,0.07531393288358958,1364.8580287004197,51218.94840464704,31144.084096659906,3.0551326853967326e-08,72.946792546086,0.001404013182627175,0.033523342162723346,2176,2176
per_vector,crossbar_core_read_only,"adc,dac,sense,digital_bias,layernorm,softmax,residual,encoder",checkpoints\caption_transformer_epoch_10.pt,checkpoints\caption_transformer_array-128x128_cmm_crosssim.pt,checkpoints\caption_transformer_crosssim_decoder.pt,0.1,10.0,200,200,200,9800,76192,76192,1000.0,100000.0,128x128,10,0,0.0001,0.0001,same_decoder_mapped_linear_mac_only,0.9,configurable_reference,,output_proj|r5c0|neg,output_proj,output_proj,neg,5,0,635,762,0,128,0.009650829424090335,0.6607913807159486,0.052595003736089656,1505.6080884610876,51139.591774091925,32420.78790007541,2.2905282821134286e-08,54.1618064890283,0.0010526324825888913,0.024890536070325507,2176,2176
per_vector,crossbar_core_read_only,"adc,dac,sense,digital_bias,layernorm,softmax,residual,encoder",checkpoints\caption_transformer_epoch_10.pt,checkpoints\caption_transformer_array-128x128_cmm_crosssim.pt,checkpoints\caption_transformer_crosssim_decoder.pt,0.1,10.0,200,200,200,9800,76192,76192,1000.0,100000.0,128x128,10,0,0.0001,0.0001,same_decoder_mapped_linear_mac_only,0.9,configurable_reference,,output_proj|r5c0|pos,output_proj,output_proj,pos,5,0,635,762,0,128,0.0096449816736296,0.684990412798011,0.05213831978591025,1453.1915900906633,51154.73669944041,32665.11909632818,2.028753548169581e-08,51.21566544429936,0.0009323315938279324,0.023536610957858164,2176,2176
per_vector,crossbar_core_read_only,"adc,dac,sense,digital_bias,layernorm,softmax,residual,encoder",checkpoints\caption_transformer_epoch_10.pt,checkpoints\caption_transformer_array-128x128_cmm_crosssim.pt,checkpoints\caption_transformer_crosssim_decoder.pt,0.1,10.0,200,200,200,9800,76192,76192,1000.0,100000.0,128x128,10,0,0.0001,0.0001,same_decoder_mapped_linear_mac_only,0.9,configurable_reference,,output_proj|r5c1|neg,output_proj,output_proj,neg,5,1,635,762,128,256,0.009613777670832126,0.5036005490376553,0.05132502871521326,1966.3187547934806,51235.70295510324,32580.437032221227,2.1594250557673474e-08,51.994443972772686,0.0009923828381283727,0.02389450550219333,2176,2176
per_vector,crossbar_core_read_only,"adc,dac,sense,digital_bias,layernorm,softmax,residual,encoder",checkpoints\caption_transformer_epoch_10.pt,checkpoints\caption_transformer_array-128x128_cmm_crosssim.pt,checkpoints\caption_transformer_crosssim_decoder.pt,0.1,10.0,200,200,200,9800,76192,76192,1000.0,100000.0,128x128,10,0,0.0001,0.0001,same_decoder_mapped_linear_mac_only,0.9,configurable_reference,,output_proj|r5c1|pos,output_proj,output_proj,pos,5,1,635,762,128,256,0.0096317407449542,0.5494924839282874,0.05282828384339417,1805.06210468581,51189.06218326846,32478.0516022871,2.2139806003034578e-08,53.32439213138037,0.0010174543199924,0.024505694913318186,2176,2176
per_vector,crossbar_core_read_only,"adc,dac,sense,digital_bias,layernorm,softmax,residual,encoder",checkpoints\caption_transformer_epoch_10.pt,checkpoints\caption_transformer_array-128x128_cmm_crosssim.pt,checkpoints\caption_transformer_crosssim_decoder.pt,0.1,10.0,200,200,200,9800,76192,76192,1000.0,100000.0,128x128,10,0,0.0001,0.0001,same_decoder_mapped_linear_mac_only,0.9,configurable_reference,,output_proj|r60c0|neg,output_proj,output_proj,neg,60,0,7620,7747,0,128,0.00965743022899676,0.6677298600719129,0.07560848465040813,1490.19623411858,51122.507304738225,30890.886827922473,3.244830843962064e-08,75.31777989463632,0.001491190645203154,0.034612950319226246,2176,2176
per_vector,crossbar_core_read_only,"adc,dac,sense,digital_bias,layernorm,softmax,residual,encoder",checkpoints\caption_transformer_epoch_10.pt,checkpoints\caption_transformer_array-128x128_cmm_crosssim.pt,checkpoints\caption_transformer_crosssim_decoder.pt,0.1,10.0,200,200,200,9800,76192,76192,1000.0,100000.0,128x128,10,0,0.0001,0.0001,same_decoder_mapped_linear_mac_only,0.9,configurable_reference,,output_proj|r60c0|pos,output_proj,output_proj,pos,60,0,7620,7747,0,128,0.00958494372011846,0.8170732695477051,0.07674628166877769,1221.1465406419313,51310.74771784173,30683.906333220908,2.8068398288054605e-08,71.25612878841984,0.001289908009561332,0.032746382715266475,2176,2176
per_vector,crossbar_core_read_only,"adc,dac,sense,digital_bias,layernorm,softmax,residual,encoder",checkpoints\caption_transformer_epoch_10.pt,checkpoints\caption_transformer_array-128x128_cmm_crosssim.pt,checkpoints\caption_transformer_crosssim_decoder.pt,0.1,10.0,200,200,200,9800,76192,76192,1000.0,100000.0,128x128,10,0,0.0001,0.0001,same_decoder_mapped_linear_mac_only,0.9,configurable_reference,,output_proj|r60c1|neg,output_proj,output_proj,neg,60,1,7620,7747,128,256,0.009651753776787647,0.639117787192109,0.07245543366627628,1555.8714786333496,51137.198639648144,30640.742847303314,2.9252198726383632e-08,70.21511642502811,0.001344310603234543,0.032267976298266596,2176,2176
per_vector,crossbar_core_read_only,"adc,dac,sense,digital_bias,layernorm,softmax,residual,encoder",checkpoints\caption_transformer_epoch_10.pt,checkpoints\caption_transformer_array-128x128_cmm_crosssim.pt,checkpoints\caption_transformer_crosssim_decoder.pt,0.1,10.0,200,200,200,9800,76192,76192,1000.0,100000.0,128x128,10,0,0.0001,0.0001,same_decoder_mapped_linear_mac_only,0.9,configurable_reference,,output_proj|r60c1|pos,output_proj,output_proj,pos,60,1,7620,7747,128,256,0.009662724009745544,0.7815781237794602,0.07853022041232206,1275.8969724892581,51108.81397414175,30855.17351725,3.157629158739922e-08,75.57572540041348,0.001451116341332682,0.0347314914523959,2176,2176
per_vector,crossbar_core_read_only,"adc,dac,sense,digital_bias,layernorm,softmax,residual,encoder",checkpoints\caption_transformer_epoch_10.pt,checkpoints\caption_transformer_array-128x128_cmm_crosssim.pt,checkpoints\caption_transformer_crosssim_decoder.pt,0.1,10.0,200,200,200,9800,76192,76192,1000.0,100000.0,128x128,10,0,0.0001,0.0001,same_decoder_mapped_linear_mac_only,0.9,configurable_reference,,output_proj|r61c0|neg,output_proj,output_proj,neg,61,0,7747,7874,0,128,0.009676410394630798,0.6908845422550944,0.07439396236875113,1440.9726515845125,51073.44561560211,31194.708348125656,3.2072948663241484e-08,74.32063294632978,0.0014739406554798475,0.03415470264077655,2176,2176
per_vector,crossbar_core_read_only,"adc,dac,sense,digital_bias,layernorm,softmax,residual,encoder",checkpoints\caption_transformer_epoch_10.pt,checkpoints\caption_transformer_array-128x128_cmm_crosssim.pt,checkpoints\caption_transformer_crosssim_decoder.pt,0.1,10.0,200,200,200,9800,76192,76192,1000.0,100000.0,128x128,10,0,0.0001,0.0001,same_decoder_mapped_linear_mac_only,0.9,configurable_reference,,output_proj|r61c0|pos,output_proj,output_proj,pos,61,0,7747,7874,0,128,0.009576550324478173,0.8187213104092556,0.07679862774824879,1218.7183973027416,51332.63414059346,30376.08803994137,2.805049771576478e-08,71.26269699138264,0.0012890853729671259,0.03274940119089276,2176,2176
per_vector,crossbar_core_read_only,"adc,dac,sense,digital_bias,layernorm,softmax,residual,encoder",checkpoints\caption_transformer_epoch_10.pt,checkpoints\caption_transformer_array-128x128_cmm_crosssim.pt,checkpoints\caption_transformer_crosssim_decoder.pt,0.1,10.0,200,200,200,9800,76192,76192,1000.0,100000.0,128x128,10,0,0.0001,0.0001,same_decoder_mapped_linear_mac_only,0.9,configurable_reference,,output_proj|r61c1|neg,output_proj,output_proj,neg,61,1,7747,7874,128,256,0.009589069417942544,0.8507456386294171,0.07213486737953925,1173.3808937871831,51299.996484460076,30638.373813297116,2.927274884550698e-08,70.05632952795551,0.0013452550020913163,0.03219500437865602,2176,2176
per_vector,crossbar_core_read_only,"adc,dac,sense,digital_bias,layernorm,softmax,residual,encoder",checkpoints\caption_transformer_epoch_10.pt,checkpoints\caption_transformer_array-128x128_cmm_crosssim.pt,checkpoints\caption_transformer_crosssim_decoder.pt,0.1,10.0,200,200,200,9800,76192,76192,1000.0,100000.0,128x128,10,0,0.0001,0.0001,same_decoder_mapped_linear_mac_only,0.9,configurable_reference,,output_proj|r61c1|pos,output_proj,output_proj,pos,61,1,7747,7874,128,256,0.009657262829681408,0.8228652508259843,0.07662941068613231,1212.6553709112843,51122.94043331945,31063.04439109704,3.108382674828764e-08,74.15527767317437,0.0014284846851235111,0.034078712165980865,2176,2176
per_vector,crossbar_core_read_only,"adc,dac,sense,digital_bias,layernorm,softmax,residual,encoder",checkpoints\caption_transformer_epoch_10.pt,checkpoints\caption_transformer_array-128x128_cmm_crosssim.pt,checkpoints\caption_transformer_crosssim_decoder.pt,0.1,10.0,200,200,200,9800,76192,76192,1000.0,100000.0,128x128,10,0,0.0001,0.0001,same_decoder_mapped_linear_mac_only,0.9,configurable_reference,,output_proj|r62c0|neg,output_proj,output_proj,neg,62,0,7874,8001,0,128,0.009613203274857955,0.641256489084462,0.07404059991798503,1550.7628473828117,51237.195765440134,31074.08210027905,3.219529381580816e-08,74.29319872618409,0.0014795631349176534,0.03414209500284195,2176,2176
per_vector,crossbar_core_read_only,"adc,dac,sense,digital_bias,layernorm,softmax,residual,encoder",checkpoints\caption_transformer_epoch_10.pt,checkpoints\caption_transformer_array-128x128_cmm_crosssim.pt,checkpoints\caption_transformer_crosssim_decoder.pt,0.1,10.0,200,200,200,9800,76192,76192,1000.0,100000.0,128x128,10,0,0.0001,0.0001,same_decoder_mapped_linear_mac_only,0.9,configurable_reference,,output_proj|r62c0|pos,output_proj,output_proj,pos,62,0,7874,8001,0,128,0.009653430654613377,0.7141417746840134,0.07498199369028939,1394.6994451602825,51132.85780127517,30693.303309671173,2.7448613514692426e-08,69.75331012142985,0.0012614252534325565,0.03205574913668651,2176,2176
per_vector,crossbar_core_read_only,"adc,dac,sense,digital_bias,layernorm,softmax,residual,encoder",checkpoints\caption_transformer_epoch_10.pt,checkpoints\caption_transformer_array-128x128_cmm_crosssim.pt,checkpoints\caption_transformer_crosssim_decoder.pt,0.1,10.0,200,200,200,9800,76192,76192,1000.0,100000.0,128x128,10,0,0.0001,0.0001,same_decoder_mapped_linear_mac_only,0.9,configurable_reference,,output_proj|r62c1|neg,output_proj,output_proj,neg,62,1,7874,8001,128,256,0.00966999237423277,0.5926108841554221,0.07113233383628005,1675.926789776026,51090.0249679222,30640.10168794745,2.878866241735638e-08,69.05490840568028,0.0013230083831505673,0.031734792465845714,2176,2176
per_vector,crossbar_core_read_only,"adc,dac,sense,digital_bias,layernorm,softmax,residual,encoder",checkpoints\caption_transformer_epoch_10.pt,checkpoints\caption_transformer_array-128x128_cmm_crosssim.pt,checkpoints\caption_transformer_crosssim_decoder.pt,0.1,10.0,200,200,200,9800,76192,76192,1000.0,100000.0,128x128,10,0,0.0001,0.0001,same_decoder_mapped_linear_mac_only,0.9,configurable_reference,,output_proj|r62c1|pos,output_proj,output_proj,pos,62,1,7874,8001,128,256,0.009620728555450443,0.7043573342594622,0.07491632657154941,1413.7997240485365,51217.645041154436,31216.083064931398,3.045529409698471e-08,72.68370013009563,0.001399599912545256,0.0334024357215513,2176,2176
per_vector,crossbar_core_read_only,"adc,dac,sense,digital_bias,layernorm,softmax,residual,encoder",checkpoints\caption_transformer_epoch_10.pt,checkpoints\caption_transformer_array-128x128_cmm_crosssim.pt,checkpoints\caption_transformer_crosssim_decoder.pt,0.1,10.0,200,200,200,9800,76192,76192,1000.0,100000.0,128x128,10,0,0.0001,0.0001,same_decoder_mapped_linear_mac_only,0.9,configurable_reference,,output_proj|r63c0|neg,output_proj,output_proj,neg,63,0,8001,8128,0,128,0.009657481739472576,0.6744203416383374,0.07599812670822599,1475.631121709169,51122.374028135055,30965.454538753107,3.29752410957556e-08,76.07941099178696,0.0015154063003564148,0.03496296461019621,2176,2176
per_vector,crossbar_core_read_only,"adc,dac,sense,digital_bias,layernorm,softmax,residual,encoder",checkpoints\caption_transformer_epoch_10.pt,checkpoints\caption_transformer_array-128x128_cmm_crosssim.pt,checkpoints\caption_transformer_crosssim_decoder.pt,0.1,10.0,200,200,200,9800,76192,76192,1000.0,100000.0,128x128,10,0,0.0001,0.0001,same_decoder_mapped_linear_mac_only,0.9,configurable_reference,,output_proj|r63c0|pos,output_proj,output_proj,pos,63,0,8001,8128,0,128,0.009648116896647761,0.814853235480879,0.0771827959449722,1224.4327676482542,51146.615757790336,30472.985710141485,2.8178081599040635e-08,71.5833585209261,0.0012949486028970899,0.03289676402616089,2176,2176
per_vector,crossbar_core_read_only,"adc,dac,sense,digital_bias,layernorm,softmax,residual,encoder",checkpoints\caption_transformer_epoch_10.pt,checkpoints\caption_transformer_array-128x128_cmm_crosssim.pt,checkpoints\caption_transformer_crosssim_decoder.pt,0.1,10.0,200,200,200,9800,76192,76192,1000.0,100000.0,128x128,10,0,0.0001,0.0001,same_decoder_mapped_linear_mac_only,0.9,configurable_reference,,output_proj|r63c1|neg,output_proj,output_proj,neg,63,1,8001,8128,128,256,0.009593620074849828,0.6348860812941642,0.0729343856985816,1566.0794201571637,51288.14306648466,30715.797640198518,2.957727250986839e-08,70.74361682634014,0.001359249655784395,0.03251085332092837,2176,2176
per_vector,crossbar_core_read_only,"adc,dac,sense,digital_bias,layernorm,softmax,residual,encoder",checkpoints\caption_transformer_epoch_10.pt,checkpoints\caption_transformer_array-128x128_cmm_crosssim.pt,checkpoints\caption_transformer_crosssim_decoder.pt,0.1,10.0,200,200,200,9800,76192,76192,1000.0,100000.0,128x128,10,0,0.0001,0.0001,same_decoder_mapped_linear_mac_only,0.9,configurable_reference,,output_proj|r63c1|pos,output_proj,output_proj,pos,63,1,8001,8128,128,256,0.009637081643175553,0.9999726628115403,0.0779906440133622,1000.0270645490451,51175.211017983056,30880.991259336333,3.1431269181832075e-08,75.16962493362193,0.0014444517087239,0.03454486439964243,2176,2176
per_vector,crossbar_core_read_only,"adc,dac,sense,digital_bias,layernorm,softmax,residual,encoder",checkpoints\caption_transformer_epoch_10.pt,checkpoints\caption_transformer_array-128x128_cmm_crosssim.pt,checkpoints\caption_transformer_crosssim_decoder.pt,0.1,10.0,200,200,200,9800,76192,76192,1000.0,100000.0,128x128,10,0,0.0001,0.0001,same_decoder_mapped_linear_mac_only,0.9,configurable_reference,,output_proj|r64c0|neg,output_proj,output_proj,neg,64,0,8128,8255,0,128,0.009661511125467757,0.8412077763835233,0.07627833009362212,1186.5271757292753,51111.95067295741,30921.97421789527,3.2860565454071125e-08,76.08315118698398,0.001510136280058417,0.034964683449900724,2176,2176
per_vector,crossbar_core_read_only,"adc,dac,sense,digital_bias,layernorm,softmax,residual,encoder",checkpoints\caption_transformer_epoch_10.pt,checkpoints\caption_transformer_array-128x128_cmm_crosssim.pt,checkpoints\caption_transformer_crosssim_decoder.pt,0.1,10.0,200,200,200,9800,76192,76192,1000.0,100000.0,128x128,10,0,0.0001,0.0001,same_decoder_mapped_linear_mac_only,0.9,configurable_reference,,output_proj|r64c0|pos,output_proj,output_proj,pos,64,0,8128,8255,0,128,0.00962134098945577,0.7283720875733882,0.07776548648152157,1367.8237071628243,51216.05459043422,30472.604475168395,2.828632897289192e-08,71.9723812934389,0.0012999232064748142,0.03307554287382303,2176,2176
per_vector,crossbar_core_read_only,"adc,dac,sense,digital_bias,layernorm,softmax,residual,encoder",checkpoints\caption_transformer_epoch_10.pt,checkpoints\caption_transformer_array-128x128_cmm_crosssim.pt,checkpoints\caption_transformer_crosssim_decoder.pt,0.1,10.0,200,200,200,9800,76192,76192,1000.0,100000.0,128x128,10,0,0.0001,0.0001,same_decoder_mapped_linear_mac_only,0.9,configurable_reference,,output_proj|r64c1|neg,output_proj,output_proj,neg,64,1,8128,8255,128,256,0.009635784391624441,0.6669955645121919,0.07365765003912957,1491.8123174349835,51178.5746402722,30667.585226436942,3.014326426440126e-08,71.68719587847399,0.0013852603062684387,0.032944483400034,2176,2176
per_vector,crossbar_core_read_only,"adc,dac,sense,digital_bias,layernorm,softmax,residual,encoder",checkpoints\caption_transformer_epoch_10.pt,checkpoints\caption_transformer_array-128x128_cmm_crosssim.pt,checkpoints\caption_transformer_crosssim_decoder.pt,0.1,10.0,200,200,200,9800,76192,76192,1000.0,100000.0,128x128,10,0,0.0001,0.0001,same_decoder_mapped_linear_mac_only,0.9,configurable_reference,,output_proj|r64c1|pos,output_proj,output_proj,pos,64,1,8128,8255,128,256,0.009616358088864138,0.7582170755827922,0.07872226895749736,1314.6911792425415,51228.99772291835,30804.129260941125,3.1736494385896054e-08,75.8469045915222,0.001458478602293017,0.03485611424242748,2176,2176
per_vector,crossbar_core_read_only,"adc,dac,sense,digital_bias,layernorm,softmax,residual,encoder",checkpoints\caption_transformer_epoch_10.pt,checkpoints\caption_transformer_array-128x128_cmm_crosssim.pt,checkpoints\caption_transformer_crosssim_decoder.pt,0.1,10.0,200,200,200,9800,76192,76192,1000.0,100000.0,128x128,10,0,0.0001,0.0001,same_decoder_mapped_linear_mac_only,0.9,configurable_reference,,output_proj|r65c0|neg,output_proj,output_proj,neg,65,0,8255,8382,0,128,0.009622942727257314,0.8184411865356864,0.07639798313190631,1219.1304368097553,51211.895449951706,31027.962040220526,3.3427161648421655e-08,76.74169680879834,0.0015361747081076153,0.035267323901102175,2176,2176
per_vector,crossbar_core_read_only,"adc,dac,sense,digital_bias,layernorm,softmax,residual,encoder",checkpoints\caption_transformer_epoch_10.pt,checkpoints\caption_transformer_array-128x128_cmm_crosssim.pt,checkpoints\caption_transformer_crosssim_decoder.pt,0.1,10.0,200,200,200,9800,76192,76192,1000.0,100000.0,128x128,10,0,0.0001,0.0001,same_decoder_mapped_linear_mac_only,0.9,configurable_reference,,output_proj|r65c0|pos,output_proj,output_proj,pos,65,0,8255,8382,0,128,0.009613069268883268,0.7224174037917999,0.07706263082511199,1378.9428237483446,51237.54404903127,30529.595355822352,2.804453590651552e-08,71.37569316898019,0.001288811392762664,0.032801329581332805,2176,2176
per_vector,crossbar_core_read_only,"adc,dac,sense,digital_bias,layernorm,softmax,residual,encoder",checkpoints\caption_transformer_epoch_10.pt,checkpoints\caption_transformer_array-128x128_cmm_crosssim.pt,checkpoints\caption_transformer_crosssim_decoder.pt,0.1,10.0,200,200,200,9800,76192,76192,1000.0,100000.0,128x128,10,0,0.0001,0.0001,same_decoder_mapped_linear_mac_only,0.9,configurable_reference,,output_proj|r65c1|neg,output_proj,output_proj,neg,65,1,8255,8382,128,256,0.009629602729615515,0.6980508576814619,0.07246147836392042,1426.3903776234758,51194.60904595642,30683.41880975965,2.9583449880550585e-08,70.5303940617518,0.001359533542304713,0.03241286491808447,2176,2176
per_vector,crossbar_core_read_only,"adc,dac,sense,digital_bias,layernorm,softmax,residual,encoder",checkpoints\caption_transformer_epoch_10.pt,checkpoints\caption_transformer_array-128x128_cmm_crosssim.pt,checkpoints\caption_transformer_crosssim_decoder.pt,0.1,10.0,200,200,200,9800,76192,76192,1000.0,100000.0,128x128,10,0,0.0001,0.0001,same_decoder_mapped_linear_mac_only,0.9,configurable_reference,,output_proj|r65c1|pos,output_proj,output_proj,pos,65,1,8255,8382,128,256,0.009617559789965651,0.7137505567650336,0.07678762189299351,1395.453234251187,51225.87569412349,30987.19139019213,3.1018269146823404e-08,74.17894528375398,0.0014254719277032814,0.034089588825254584,2176,2176
per_vector,crossbar_core_read_only,"adc,dac,sense,digital_bias,layernorm,softmax,residual,encoder",checkpoints\caption_transformer_epoch_10.pt,checkpoints\caption_transformer_array-128x128_cmm_crosssim.pt,checkpoints\caption_transformer_crosssim_decoder.pt,0.1,10.0,200,200,200,9800,76192,76192,1000.0,100000.0,128x128,10,0,0.0001,0.0001,same_decoder_mapped_linear_mac_only,0.9,configurable_reference,,output_proj|r66c0|neg,output_proj,output_proj,neg,66,0,8382,8509,0,128,0.009635508227698148,0.7475661078095712,0.07494982833846696,1333.1725585327838,51179.29075827636,30798.553362909814,3.291028866172712e-08,75.47300044775916,0.0015124213539396659,0.03468428329400697,2176,2176
per_vector,crossbar_core_read_only,"adc,dac,sense,digital_bias,layernorm,softmax,residual,encoder",checkpoints\caption_transformer_epoch_10.pt,checkpoints\caption_transformer_array-128x128_cmm_crosssim.pt,checkpoints\caption_transformer_crosssim_decoder.pt,0.1,10.0,200,200,200,9800,76192,76192,1000.0,100000.0,128x128,10,0,0.0001,0.0001,same_decoder_mapped_linear_mac_only,0.9,configurable_reference,,output_proj|r66c0|pos,output_proj,output_proj,pos,66,0,8382,8509,0,128,0.00958202410277734,0.7438637246280971,0.07331523336342494,1339.719171963567,51318.358726757935,31082.946467342106,2.6777058315367725e-08,68.21127031723445,0.0012305633416988867,0.03134709113843495,2176,2176
per_vector,crossbar_core_read_only,"adc,dac,sense,digital_bias,layernorm,softmax,residual,encoder",checkpoints\caption_transformer_epoch_10.pt,checkpoints\caption_transformer_array-128x128_cmm_crosssim.pt,checkpoints\caption_transformer_crosssim_decoder.pt,0.1,10.0,200,200,200,9800,76192,76192,1000.0,100000.0,128x128,10,0,0.0001,0.0001,same_decoder_mapped_linear_mac_only,0.9,configurable_reference,,output_proj|r66c1|neg,output_proj,output_proj,neg,66,1,8382,8509,128,256,0.009585841115939056,0.7182809293258197,0.0697579993044374,1386.7738276100965,51308.40879375244,30901.321646835167,2.8590972412962475e-08,68.18807770073009,0.0013139233645662921,0.03133643276687964,2176,2176
per_vector,crossbar_core_read_only,"adc,dac,sense,digital_bias,layernorm,softmax,residual,encoder",checkpoints\caption_transformer_epoch_10.pt,checkpoints\caption_transformer_array-128x128_cmm_crosssim.pt,checkpoints\caption_transformer_crosssim_decoder.pt,0.1,10.0,200,200,200,9800,76192,76192,1000.0,100000.0,128x128,10,0,0.0001,0.0001,same_decoder_mapped_linear_mac_only,0.9,configurable_reference,,output_proj|r66c1|pos,output_proj,output_proj,pos,66,1,8382,8509,128,256,0.009610784802026165,0.7577851003906202,0.0727071897133666,1315.430760239047,51243.4821420256,31112.73911291628,2.964746135009171e-08,70.75273093033034,0.001362475245868186,0.03251504178783564,2176,2176
per_vector,crossbar_core_read_only,"adc,dac,sense,digital_bias,layernorm,softmax,residual,encoder",checkpoints\caption_transformer_epoch_10.pt,checkpoints\caption_transformer_array-128x128_cmm_crosssim.pt,checkpoints\caption_transformer_crosssim_decoder.pt,0.1,10.0,200,200,200,9800,76192,76192,1000.0,100000.0,128x128,10,0,0.0001,0.0001,same_decoder_mapped_linear_mac_only,0.9,configurable_reference,,output_proj|r67c0|neg,output_proj,output_proj,neg,67,0,8509,8636,0,128,0.009570067462402482,0.7824017190938374,0.07702767606024595,1274.571017726632,51349.55148465062,30973.947969009812,3.3677621759526086e-08,77.28846790612769,0.001547684823507634,0.03551859738333074,2176,2176
per_vector,crossbar_core_read_only,"adc,dac,sense,digital_bias,layernorm,softmax,residual,encoder",checkpoints\caption_transformer_epoch_10.pt,checkpoints\caption_transformer_array-128x128_cmm_crosssim.pt,checkpoints\caption_transformer_crosssim_decoder.pt,0.1,10.0,200,200,200,9800,76192,76192,1000.0,100000.0,128x128,10,0,0.0001,0.0001,same_decoder_mapped_linear_mac_only,0.9,configurable_reference,,output_proj|r67c0|pos,output_proj,output_proj,pos,67,0,8509,8636,0,128,0.009649101231795434,0.7849868718675895,0.07776318606666031,1270.4268710523522,51144.0666373967,30466.2431617566,2.8334433581936946e-08,72.01182358748176,0.001302133896228722,0.03309366892807066,2176,2176
per_vector,crossbar_core_read_only,"adc,dac,sense,digital_bias,layernorm,softmax,residual,encoder",checkpoints\caption_transformer_epoch_10.pt,checkpoints\caption_transformer_array-128x128_cmm_crosssim.pt,checkpoints\caption_transformer_crosssim_decoder.pt,0.1,10.0,200,200,200,9800,76192,76192,1000.0,100000.0,128x128,10,0,0.0001,0.0001,same_decoder_mapped_linear_mac_only,0.9,configurable_reference,,output_proj|r67c1|neg,output_proj,output_proj,neg,67,1,8509,8636,128,256,0.00964697208585858,0.6945283637304019,0.07299668498980634,1433.5210078010236,51149.580779583215,30572.894067075205,2.972727461754615e-08,70.91550613122286,0.0013661431349975257,0.032589846567657565,2176,2176
per_vector,crossbar_core_read_only,"adc,dac,sense,digital_bias,layernorm,softmax,residual,encoder",checkpoints\caption_transformer_epoch_10.pt,checkpoints\caption_transformer_array-128x128_cmm_crosssim.pt,checkpoints\caption_transformer_crosssim_decoder.pt,0.1,10.0,200,200,200,9800,76192,76192,1000.0,100000.0,128x128,10,0,0.0001,0.0001,same_decoder_mapped_linear_mac_only,0.9,configurable_reference,,output_proj|r67c1|pos,output_proj,output_proj,pos,67,1,8509,8636,128,256,0.009628798708180104,0.8579399547782753,0.0764492355061071,1163.6559228993071,51196.69530859833,31065.934949403978,3.093904815890071e-08,73.91820454662196,0.0014218312573024262,0.033969763118852005,2176,2176
per_vector,crossbar_core_read_only,"adc,dac,sense,digital_bias,layernorm,softmax,residual,encoder",checkpoints\caption_transformer_epoch_10.pt,checkpoints\caption_transformer_array-128x128_cmm_crosssim.pt,checkpoints\caption_transformer_crosssim_decoder.pt,0.1,10.0,200,200,200,9800,76192,76192,1000.0,100000.0,128x128,10,0,0.0001,0.0001,same_decoder_mapped_linear_mac_only,0.9,configurable_reference,,output_proj|r68c0|neg,output_proj,output_proj,neg,68,0,8636,8769,0,128,0.009604791253819465,0.6801586022115685,0.0798273070359011,1463.3639171164396,51259.06792181537,30812.2476556526,3.6410607328226245e-08,83.54883678508116,0.0016732815867751055,0.03839560514020274,2176,2176
per_vector,crossbar_core_read_only,"adc,dac,sense,digital_bias,layernorm,softmax,residual,encoder",checkpoints\caption_transformer_epoch_10.pt,checkpoints\caption_transformer_array-128x128_cmm_crosssim.pt,checkpoints\caption_transformer_crosssim_decoder.pt,0.1,10.0,200,200,200,9800,76192,76192,1000.0,100000.0,128x128,10,0,0.0001,0.0001,same_decoder_mapped_linear_mac_only,0.9,configurable_reference,,output_proj|r68c0|pos,output_proj,output_proj,pos,68,0,8636,8769,0,128,0.009623925554802598,0.7284383143085237,0.0807227456542414,1367.7010508663047,51209.343732553345,30303.201121892485,3.0669101147874295e-08,77.95483553189995,0.0014094256042221636,0.03582483250546872,2176,2176
per_vector,crossbar_core_read_only,"adc,dac,sense,digital_bias,layernorm,softmax,residual,encoder",checkpoints\caption_transformer_epoch_10.pt,checkpoints\caption_transformer_array-128x128_cmm_crosssim.pt,checkpoints\caption_transformer_crosssim_decoder.pt,0.1,10.0,200,200,200,9800,76192,76192,1000.0,100000.0,128x128,10,0,0.0001,0.0001,same_decoder_mapped_linear_mac_only,0.9,configurable_reference,,output_proj|r68c1|neg,output_proj,output_proj,neg,68,1,8636,8769,128,256,0.009629818991789387,0.7233700179833088,0.07616828430531163,1377.151886611246,51194.04792116077,30327.05340817461,3.2409608309768225e-08,77.22981908575598,0.0014894121465886113,0.03549164480043933,2176,2176
per_vector,crossbar_core_read_only,"adc,dac,sense,digital_bias,layernorm,softmax,residual,encoder",checkpoints\caption_transformer_epoch_10.pt,checkpoints\caption_transformer_array-128x128_cmm_crosssim.pt,checkpoints\caption_transformer_crosssim_decoder.pt,0.1,10.0,200,200,200,9800,76192,76192,1000.0,100000.0,128x128,10,0,0.0001,0.0001,same_decoder_mapped_linear_mac_only,0.9,configurable_reference,,output_proj|r68c1|pos,output_proj,output_proj,pos,68,1,8636,8769,128,256,0.009606581988289927,0.7574074201030917,0.07989383262904769,1316.0780655300375,51254.41025590492,30932.101763912648,3.355712106047599e-08,80.38840325058807,0.0015421471075586373,0.03694320002324819,2176,2176
per_vector,crossbar_core_read_only,"adc,dac,sense,digital_bias,layernorm,softmax,residual,encoder",checkpoints\caption_transformer_epoch_10.pt,checkpoints\caption_transformer_array-128x128_cmm_crosssim.pt,checkpoints\caption_transformer_crosssim_decoder.pt,0.1,10.0,200,200,200,9800,76192,76192,1000.0,100000.0,128x128,10,0,0.0001,0.0001,same_decoder_mapped_linear_mac_only,0.9,configurable_reference,,output_proj|r6c0|neg,output_proj,output_proj,neg,6,0,762,889,0,128,0.009630477034308967,0.6706488816493584,0.052072933529820356,1483.8063470033057,51192.34060634711,32455.01601492033,2.2568531487234032e-08,53.544300131286576,0.0010371567779059786,0.024606755575039788,2176,2176
per_vector,crossbar_core_read_only,"adc,dac,sense,digital_bias,layernorm,softmax,residual,encoder",checkpoints\caption_transformer_epoch_10.pt,checkpoints\caption_transformer_array-128x128_cmm_crosssim.pt,checkpoints\caption_transformer_crosssim_decoder.pt,0.1,10.0,200,200,200,9800,76192,76192,1000.0,100000.0,128x128,10,0,0.0001,0.0001,same_decoder_mapped_linear_mac_only,0.9,configurable_reference,,output_proj|r6c0|pos,output_proj,output_proj,pos,6,0,762,889,0,128,0.00955031788544061,0.6554648727122631,0.05162562053189689,1517.6574343495872,51401.15776386508,32551.73294880327,2.0093635747737234e-08,50.76447997500273,0.0009234207604658646,0.023329264694394638,2176,2176
per_vector,crossbar_core_read_only,"adc,dac,sense,digital_bias,layernorm,softmax,residual,encoder",checkpoints\caption_transformer_epoch_10.pt,checkpoints\caption_transformer_array-128x128_cmm_crosssim.pt,checkpoints\caption_transformer_crosssim_decoder.pt,0.1,10.0,200,200,200,9800,76192,76192,1000.0,100000.0,128x128,10,0,0.0001,0.0001,same_decoder_mapped_linear_mac_only,0.9,configurable_reference,,output_proj|r6c1|neg,output_proj,output_proj,neg,6,1,762,889,128,256,0.009662339930981924,0.4784553713587755,0.05003633355704564,2067.521883723781,51109.80721719263,32857.80023977677,2.1121333989566157e-08,50.9012804670208,0.0009706495399616821,0.023392132567564703,2176,2176
per_vector,crossbar_core_read_only,"adc,dac,sense,digital_bias,layernorm,softmax,residual,encoder",checkpoints\caption_transformer_epoch_10.pt,checkpoints\caption_transformer_array-128x128_cmm_crosssim.pt,checkpoints\caption_transformer_crosssim_decoder.pt,0.1,10.0,200,200,200,9800,76192,76192,1000.0,100000.0,128x128,10,0,0.0001,0.0001,same_decoder_mapped_linear_mac_only,0.9,configurable_reference,,output_proj|r6c1|pos,output_proj,output_proj,pos,6,1,762,889,128,256,0.00964459631496093,0.6870596989769697,0.05316030554318765,1448.8782815039951,51155.735044126086,32219.057085073862,2.2156933666703497e-08,53.48472126689121,0.0010182414368889452,0.024579375582211037,2176,2176
per_vector,crossbar_core_read_only,"adc,dac,sense,digital_bias,layernorm,softmax,residual,encoder",checkpoints\caption_transformer_epoch_10.pt,checkpoints\caption_transformer_array-128x128_cmm_crosssim.pt,checkpoints\caption_transformer_crosssim_decoder.pt,0.1,10.0,200,200,200,9800,76192,76192,1000.0,100000.0,128x128,10,0,0.0001,0.0001,same_decoder_mapped_linear_mac_only,0.9,configurable_reference,,output_proj|r7c0|neg,output_proj,output_proj,neg,7,0,889,1016,0,128,0.009630685000729984,0.5509857874315065,0.052224777554287734,1800.2580252166274,51191.80105372356,32555.51120360107,2.275023107152059e-08,53.823196544496525,0.0010455069426250278,0.024734924882581125,2176,2176
per_vector,crossbar_core_read_only,"adc,dac,sense,digital_bias,layernorm,softmax,residual,encoder",checkpoints\caption_transformer_epoch_10.pt,checkpoints\caption_transformer_array-128x128_cmm_crosssim.pt,checkpoints\caption_transformer_crosssim_decoder.pt,0.1,10.0,200,200,200,9800,76192,76192,1000.0,100000.0,128x128,10,0,0.0001,0.0001,same_decoder_mapped_linear_mac_only,0.9,configurable_reference,,output_proj|r7c0|pos,output_proj,output_proj,pos,7,0,889,1016,0,128,0.00962916061135882,0.5759839676635307,0.05145866804779802,1723.4719339740823,51195.75622666933,32611.476191640653,1.9976317660645354e-08,50.55343016894169,0.000918029304257598,0.023232274893815113,2176,2176
per_vector,crossbar_core_read_only,"adc,dac,sense,digital_bias,layernorm,softmax,residual,encoder",checkpoints\caption_transformer_epoch_10.pt,checkpoints\caption_transformer_array-128x128_cmm_crosssim.pt,checkpoints\caption_transformer_crosssim_decoder.pt,0.1,10.0,200,200,200,9800,76192,76192,1000.0,100000.0,128x128,10,0,0.0001,0.0001,same_decoder_mapped_linear_mac_only,0.9,configurable_reference,,output_proj|r7c1|neg,output_proj,output_proj,neg,7,1,889,1016,128,256,0.00963246883061331,0.6589904662014838,0.05054981956894598,1509.660555957145,51187.17351365233,32655.50608781717,2.1427687363497275e-08,51.4453451568564,0.0009847282795724835,0.023642162296349446,2176,2176
per_vector,crossbar_core_read_only,"adc,dac,sense,digital_bias,layernorm,softmax,residual,encoder",checkpoints\caption_transformer_epoch_10.pt,checkpoints\caption_transformer_array-128x128_cmm_crosssim.pt,checkpoints\caption_transformer_crosssim_decoder.pt,0.1,10.0,200,200,200,9800,76192,76192,1000.0,100000.0,128x128,10,0,0.0001,0.0001,same_decoder_mapped_linear_mac_only,0.9,configurable_reference,,output_proj|r7c1|pos,output_proj,output_proj,pos,7,1,889,1016,128,256,0.00963842231293224,0.5779688964821404,0.05171065433436608,1717.654650907028,51171.735281889676,32755.528159973997,2.1672230817480425e-08,52.27621246311151,0.0009959664897739153,0.0240239946981211,2176,2176
per_vector,crossbar_core_read_only,"adc,dac,sense,digital_bias,layernorm,softmax,residual,encoder",checkpoints\caption_transformer_epoch_10.pt,checkpoints\caption_transformer_array-128x128_cmm_crosssim.pt,checkpoints\caption_transformer_crosssim_decoder.pt,0.1,10.0,200,200,200,9800,76192,76192,1000.0,100000.0,128x128,10,0,0.0001,0.0001,same_decoder_mapped_linear_mac_only,0.9,configurable_reference,,output_proj|r8c0|neg,output_proj,output_proj,neg,8,0,1016,1143,0,128,0.009627687462981593,0.5456279709934713,0.055727798888853576,1817.614420812938,51199.57903073238,32196.637716248944,2.4212439766724906e-08,57.03013280881527,0.0011127040333972832,0.026208700739345253,2176,2176
per_vector,crossbar_core_read_only,"adc,dac,sense,digital_bias,layernorm,softmax,residual,encoder",checkpoints\caption_transformer_epoch_10.pt,checkpoints\caption_transformer_array-128x128_cmm_crosssim.pt,checkpoints\caption_transformer_crosssim_decoder.pt,0.1,10.0,200,200,200,9800,76192,76192,1000.0,100000.0,128x128,10,0,0.0001,0.0001,same_decoder_mapped_linear_mac_only,0.9,configurable_reference,,output_proj|r8c0|pos,output_proj,output_proj,pos,8,0,1016,1143,0,128,0.00962708315468038,0.5735299584225971,0.054515560898351155,1730.7186639808208,51201.147369356186,32232.433489019615,2.099226620468612e-08,53.09563731537733,0.0009647181160241758,0.02440056861919914,2176,2176
per_vector,crossbar_core_read_only,"adc,dac,sense,digital_bias,layernorm,softmax,residual,encoder",checkpoints\caption_transformer_epoch_10.pt,checkpoints\caption_transformer_array-128x128_cmm_crosssim.pt,checkpoints\caption_transformer_crosssim_decoder.pt,0.1,10.0,200,200,200,9800,76192,76192,1000.0,100000.0,128x128,10,0,0.0001,0.0001,same_decoder_mapped_linear_mac_only,0.9,configurable_reference,,output_proj|r8c1|neg,output_proj,output_proj,neg,8,1,1016,1143,128,256,0.009614812839377337,0.6062918219643832,0.0538694126258276,1638.7293257716665,51233.01285242524,32316.734156274706,2.246427786155091e-08,54.11752959865032,0.0010323657105492153,0.02487018823467386,2176,2176
per_vector,crossbar_core_read_only,"adc,dac,sense,digital_bias,layernorm,softmax,residual,encoder",checkpoints\caption_transformer_epoch_10.pt,checkpoints\caption_transformer_array-128x128_cmm_crosssim.pt,checkpoints\caption_transformer_crosssim_decoder.pt,0.1,10.0,200,200,200,9800,76192,76192,1000.0,100000.0,128x128,10,0,0.0001,0.0001,same_decoder_mapped_linear_mac_only,0.9,configurable_reference,,output_proj|r8c1|pos,output_proj,output_proj,pos,8,1,1016,1143,128,256,0.009661510719424924,0.5987863617702238,0.0559907932392587,1658.9291497321838,51111.95172310893,32100.967011711877,2.329568233167866e-08,56.03776610639948,0.001070573636566115,0.02575264986507329,2176,2176
per_vector,crossbar_core_read_only,"adc,dac,sense,digital_bias,layernorm,softmax,residual,encoder",checkpoints\caption_transformer_epoch_10.pt,checkpoints\caption_transformer_array-128x128_cmm_crosssim.pt,checkpoints\caption_transformer_crosssim_decoder.pt,0.1,10.0,200,200,200,9800,76192,76192,1000.0,100000.0,128x128,10,0,0.0001,0.0001,same_decoder_mapped_linear_mac_only,0.9,configurable_reference,,output_proj|r9c0|neg,output_proj,output_proj,neg,9,0,1143,1270,0,128,0.009636849544230048,0.5373267172472018,0.05540112951265071,1845.176924073664,51175.8127910591,32214.728753791198,2.3983770712254813e-08,56.62360707458499,0.001102195345232293,0.026021878251187954,2176,2176
per_vector,crossbar_core_read_only,"adc,dac,sense,digital_bias,layernorm,softmax,residual,encoder",checkpoints\caption_transformer_epoch_10.pt,checkpoints\caption_transformer_array-128x128_cmm_crosssim.pt,checkpoints\caption_transformer_crosssim_decoder.pt,0.1,10.0,200,200,200,9800,76192,76192,1000.0,100000.0,128x128,10,0,0.0001,0.0001,same_decoder_mapped_linear_mac_only,0.9,configurable_reference,,output_proj|r9c0|pos,output_proj,output_proj,pos,9,0,1143,1270,0,128,0.009631012065962221,0.5373347465148071,0.05439176749717406,1845.1498607714896,51190.9525315519,32300.855387522068,2.0910964616195832e-08,52.96228897396468,0.0009609818297884084,0.024339287212299946,2176,2176
per_vector,crossbar_core_read_only,"adc,dac,sense,digital_bias,layernorm,softmax,residual,encoder",checkpoints\caption_transformer_epoch_10.pt,checkpoints\caption_transformer_array-128x128_cmm_crosssim.pt,checkpoints\caption_transformer_crosssim_decoder.pt,0.1,10.0,200,200,200,9800,76192,76192,1000.0,100000.0,128x128,10,0,0.0001,0.0001,same_decoder_mapped_linear_mac_only,0.9,configurable_reference,,output_proj|r9c1|neg,output_proj,output_proj,neg,9,1,1143,1270,128,256,0.009587148367454626,0.4844737311426832,0.053442204599559034,2042.3627125819996,51305.002025401576,32492.04360277396,2.242917394284038e-08,53.88113637992033,0.0010307524789908277,0.024761551645183975,2176,2176
per_vector,crossbar_core_read_only,"adc,dac,sense,digital_bias,layernorm,softmax,residual,encoder",checkpoints\caption_transformer_epoch_10.pt,checkpoints\caption_transformer_array-128x128_cmm_crosssim.pt,checkpoints\caption_transformer_crosssim_decoder.pt,0.1,10.0,200,200,200,9800,76192,76192,1000.0,100000.0,128x128,10,0,0.0001,0.0001,same_decoder_mapped_linear_mac_only,0.9,configurable_reference,,output_proj|r9c1|pos,output_proj,output_proj,pos,9,1,1143,1270,128,256,0.009662313287881396,0.6741230949803664,0.055707070216663,1476.2721783689224,51109.876118748536,32055.22772764017,2.3153216387529417e-08,55.75999568696925,0.0010640264883974905,0.02562499801790866,2176,2176
